,Model,Energy Channel Key,Threshold Key,Mismatch Allowed,Prediction Energy Channel Key,Prediction Threshold Key,Forecast Source,Prediction Window Start,Prediction Window End,Observed SEP All Clear,Predicted SEP All Clear,All Clear Match Status
2473,ZEUS+iPATH_CME,min.50.0.max.-1.0.units.MeV,threshold.1.0.units.1 / (cm2 s sr),False,min.50.0.max.-1.0.units.MeV,threshold.1.0.units.1 / (cm2 s sr),./model/SEPVAL2023_Europe/iPATH/jsons/ZEUS+iPATH_CME_differential.2011-03-07T214120Z.2023-08-29T091225Z.json,2011-03-07 21:41:20,2011-03-10 20:41:20,True,False,No SEP Event
2474,ZEUS+iPATH_CME,min.50.0.max.-1.0.units.MeV,threshold.1.0.units.1 / (cm2 s sr),False,min.50.0.max.-1.0.units.MeV,threshold.1.0.units.1 / (cm2 s sr),./model/SEPVAL2023_Europe/iPATH/jsons/ZEUS+iPATH_CME_differential.2011-05-09T225440Z.2023-08-29T085943Z.json,2011-05-09 22:54:40,2011-05-12 21:54:40,True,True,No SEP Event
2477,ZEUS+iPATH_CME,min.50.0.max.-1.0.units.MeV,threshold.1.0.units.1 / (cm2 s sr),False,min.50.0.max.-1.0.units.MeV,threshold.1.0.units.1 / (cm2 s sr),./model/SEPVAL2023_Europe/iPATH/jsons/ZEUS+iPATH_CME_differential.2011-08-09T102300Z.2023-08-29T091233Z.json,2011-08-09 10:23:00,2011-08-12 09:23:00,True,False,No SEP Event
2479,ZEUS+iPATH_CME,min.50.0.max.-1.0.units.MeV,threshold.1.0.units.1 / (cm2 s sr),False,min.50.0.max.-1.0.units.MeV,threshold.1.0.units.1 / (cm2 s sr),./model/SEPVAL2023_Europe/iPATH/jsons/ZEUS+iPATH_CME_differential.2012-01-27T184600Z.2023-08-29T091238Z.json,2012-01-27 18:46:00,2012-01-30 17:46:00,False,False,SEP Event
2480,ZEUS+iPATH_CME,min.50.0.max.-1.0.units.MeV,threshold.1.0.units.1 / (cm2 s sr),False,min.50.0.max.-1.0.units.MeV,threshold.1.0.units.1 / (cm2 s sr),./model/SEPVAL2023_Europe/iPATH/jsons/ZEUS+iPATH_CME_differential.2012-03-04T130320Z.2023-08-29T085946Z.json,2012-03-04 13:03:20,2012-03-07 12:03:20,True,False,Eruption Out of Range
2481,ZEUS+iPATH_CME,min.50.0.max.-1.0.units.MeV,threshold.1.0.units.1 / (cm2 s sr),False,min.50.0.max.-1.0.units.MeV,threshold.1.0.units.1 / (cm2 s sr),./model/SEPVAL2023_Europe/iPATH/jsons/ZEUS+iPATH_CME_differential.2012-03-05T054740Z.2023-08-29T085949Z.json,2012-03-05 05:47:40,2012-03-08 04:47:40,True,True,Eruption Out of Range
2483,ZEUS+iPATH_CME,min.50.0.max.-1.0.units.MeV,threshold.1.0.units.1 / (cm2 s sr),False,min.50.0.max.-1.0.units.MeV,threshold.1.0.units.1 / (cm2 s sr),./model/SEPVAL2023_Europe/iPATH/jsons/ZEUS+iPATH_CME_differential.2012-06-13T165800Z.2023-08-29T085841Z.json,2012-06-13 16:58:00,2012-06-16 15:58:00,True,True,No SEP Event
2484,ZEUS+iPATH_CME,min.50.0.max.-1.0.units.MeV,threshold.1.0.units.1 / (cm2 s sr),False,min.50.0.max.-1.0.units.MeV,threshold.1.0.units.1 / (cm2 s sr),./model/SEPVAL2023_Europe/iPATH/jsons/ZEUS+iPATH_CME_differential.2012-06-29T112700Z.2023-08-29T085951Z.json,2012-06-29 11:27:00,2012-07-02 10:27:00,True,True,No SEP Event
2485,ZEUS+iPATH_CME,min.50.0.max.-1.0.units.MeV,threshold.1.0.units.1 / (cm2 s sr),False,min.50.0.max.-1.0.units.MeV,threshold.1.0.units.1 / (cm2 s sr),./model/SEPVAL2023_Europe/iPATH/jsons/ZEUS+iPATH_CME_differential.2012-07-12T184540Z.2023-08-29T090703Z.json,2012-07-12 18:45:40,2012-07-15 17:45:40,True,False,No SEP Event
2486,ZEUS+iPATH_CME,min.50.0.max.-1.0.units.MeV,threshold.1.0.units.1 / (cm2 s sr),False,min.50.0.max.-1.0.units.MeV,threshold.1.0.units.1 / (cm2 s sr),./model/SEPVAL2023_Europe/iPATH/jsons/ZEUS+iPATH_CME_differential.2012-07-23T040720Z.2023-08-29T091245Z.json,2012-07-23 04:07:20,2012-07-26 03:07:20,False,False,SEP Event
2487,ZEUS+iPATH_CME,min.50.0.max.-1.0.units.MeV,threshold.1.0.units.1 / (cm2 s sr),False,min.50.0.max.-1.0.units.MeV,threshold.1.0.units.1 / (cm2 s sr),./model/SEPVAL2023_Europe/iPATH/jsons/ZEUS+iPATH_CME_differential.2012-09-28T031520Z.2023-08-29T091247Z.json,2012-09-28 03:15:20,2012-10-01 02:15:20,True,False,No SEP Event
2490,ZEUS+iPATH_CME,min.50.0.max.-1.0.units.MeV,threshold.1.0.units.1 / (cm2 s sr),False,min.50.0.max.-1.0.units.MeV,threshold.1.0.units.1 / (cm2 s sr),./model/SEPVAL2023_Europe/iPATH/jsons/ZEUS+iPATH_CME_differential.2013-06-28T035740Z.2023-08-29T085953Z.json,2013-06-28 03:57:40,2013-07-01 02:57:40,True,True,No SEP Event
2491,ZEUS+iPATH_CME,min.50.0.max.-1.0.units.MeV,threshold.1.0.units.1 / (cm2 s sr),False,min.50.0.max.-1.0.units.MeV,threshold.1.0.units.1 / (cm2 s sr),./model/SEPVAL2023_Europe/iPATH/jsons/ZEUS+iPATH_CME_differential.2013-09-30T002640Z.2023-08-29T091252Z.json,2013-09-30 00:26:40,2013-10-02 23:26:40,False,False,SEP Event
2492,ZEUS+iPATH_CME,min.50.0.max.-1.0.units.MeV,threshold.1.0.units.1 / (cm2 s sr),False,min.50.0.max.-1.0.units.MeV,threshold.1.0.units.1 / (cm2 s sr),./model/SEPVAL2023_Europe/iPATH/jsons/ZEUS+iPATH_CME_differential.2014-01-06T100020Z.2023-08-29T091200Z.json,2014-01-06 10:00:20,2014-01-09 09:00:20,True,False,Eruption Out of Range
2493,ZEUS+iPATH_CME,min.50.0.max.-1.0.units.MeV,threshold.1.0.units.1 / (cm2 s sr),False,min.50.0.max.-1.0.units.MeV,threshold.1.0.units.1 / (cm2 s sr),./model/SEPVAL2023_Europe/iPATH/jsons/ZEUS+iPATH_CME_differential.2014-01-07T195200Z.2023-08-29T091202Z.json,2014-01-07 19:52:00,2014-01-10 18:52:00,False,False,SEP Event
2494,ZEUS+iPATH_CME,min.50.0.max.-1.0.units.MeV,threshold.1.0.units.1 / (cm2 s sr),False,min.50.0.max.-1.0.units.MeV,threshold.1.0.units.1 / (cm2 s sr),./model/SEPVAL2023_Europe/iPATH/jsons/ZEUS+iPATH_CME_differential.2014-02-25T025340Z.2023-08-29T091255Z.json,2014-02-25 02:53:40,2014-02-28 01:53:40,False,True,SEP Event
2496,ZEUS+iPATH_CME,min.50.0.max.-1.0.units.MeV,threshold.1.0.units.1 / (cm2 s sr),False,min.50.0.max.-1.0.units.MeV,threshold.1.0.units.1 / (cm2 s sr),./model/SEPVAL2023_Europe/iPATH/jsons/ZEUS+iPATH_CME_differential.2014-09-10T195200Z.2023-08-29T091300Z.json,2014-09-10 19:52:00,2014-09-13 18:52:00,False,False,SEP Event
2497,ZEUS+iPATH_CME,min.50.0.max.-1.0.units.MeV,threshold.1.0.units.1 / (cm2 s sr),False,min.50.0.max.-1.0.units.MeV,threshold.1.0.units.1 / (cm2 s sr),./model/SEPVAL2023_Europe/iPATH/jsons/ZEUS+iPATH_CME_differential.2014-10-24T101020Z.2023-08-29T085847Z.json,2014-10-24 10:10:20,2014-10-27 09:10:20,True,True,No SEP Event
2498,ZEUS+iPATH_CME,min.50.0.max.-1.0.units.MeV,threshold.1.0.units.1 / (cm2 s sr),False,min.50.0.max.-1.0.units.MeV,threshold.1.0.units.1 / (cm2 s sr),./model/SEPVAL2023_Europe/iPATH/jsons/ZEUS+iPATH_CME_differential.2014-11-07T202600Z.2023-08-29T085852Z.json,2014-11-07 20:26:00,2014-11-10 19:26:00,True,True,No SEP Event
2499,ZEUS+iPATH_CME,min.50.0.max.-1.0.units.MeV,threshold.1.0.units.1 / (cm2 s sr),False,min.50.0.max.-1.0.units.MeV,threshold.1.0.units.1 / (cm2 s sr),./model/SEPVAL2023_Europe/iPATH/jsons/ZEUS+iPATH_CME_differential.2014-12-17T071300Z.2023-08-29T085855Z.json,2014-12-17 07:13:00,2014-12-20 06:13:00,True,True,No SEP Event
2500,ZEUS+iPATH_CME,min.50.0.max.-1.0.units.MeV,threshold.1.0.units.1 / (cm2 s sr),False,min.50.0.max.-1.0.units.MeV,threshold.1.0.units.1 / (cm2 s sr),./model/SEPVAL2023_Europe/iPATH/jsons/ZEUS+iPATH_CME_differential.2014-12-19T014200Z.2023-08-29T085857Z.json,2014-12-19 01:42:00,2014-12-22 00:42:00,True,False,No SEP Event
2501,ZEUS+iPATH_CME,min.50.0.max.-1.0.units.MeV,threshold.1.0.units.1 / (cm2 s sr),False,min.50.0.max.-1.0.units.MeV,threshold.1.0.units.1 / (cm2 s sr),./model/SEPVAL2023_Europe/iPATH/jsons/ZEUS+iPATH_CME_differential.2015-03-10T015840Z.2023-08-29T085859Z.json,2015-03-10 01:58:40,2015-03-13 00:58:40,True,True,No SEP Event
2502,ZEUS+iPATH_CME,min.50.0.max.-1.0.units.MeV,threshold.1.0.units.1 / (cm2 s sr),False,min.50.0.max.-1.0.units.MeV,threshold.1.0.units.1 / (cm2 s sr),./model/SEPVAL2023_Europe/iPATH/jsons/ZEUS+iPATH_CME_differential.2016-07-23T075820Z.2023-08-29T085902Z.json,2016-07-23 07:58:20,2016-07-26 06:58:20,True,False,No SEP Event
2503,ZEUS+iPATH_CME,min.50.0.max.-1.0.units.MeV,threshold.1.0.units.1 / (cm2 s sr),False,min.50.0.max.-1.0.units.MeV,threshold.1.0.units.1 / (cm2 s sr),./model/SEPVAL2023_Europe/iPATH/jsons/ZEUS+iPATH_CME_differential.2017-07-14T035340Z.2023-08-29T091155Z.json,2017-07-14 03:53:40,2017-07-17 02:53:40,True,False,No SEP Event
2504,ZEUS+iPATH_CME,min.50.0.max.-1.0.units.MeV,threshold.1.0.units.1 / (cm2 s sr),False,min.50.0.max.-1.0.units.MeV,threshold.1.0.units.1 / (cm2 s sr),./model/SEPVAL2023_Europe/iPATH/jsons/ZEUS+iPATH_CME_differential.2017-09-04T222540Z.2023-08-29T091205Z.json,2017-09-04 22:25:40,2017-09-07 21:25:40,True,False,Eruption Out of Range
2507,ZEUS+iPATH_CME,min.50.0.max.-1.0.units.MeV,threshold.1.0.units.1 / (cm2 s sr),False,min.50.0.max.-1.0.units.MeV,threshold.1.0.units.1 / (cm2 s sr),./model/SEPVAL2023_Europe/iPATH/jsons/ZEUS+iPATH_CME_differential.2021-05-29T013320Z.2023-08-29T091734Z.json,2021-05-29 01:33:20,2021-06-01 00:33:20,True,False,No SEP Event
2509,ZEUS+iPATH_CME,min.50.0.max.-1.0.units.MeV,threshold.1.0.units.1 / (cm2 s sr),False,min.50.0.max.-1.0.units.MeV,threshold.1.0.units.1 / (cm2 s sr),./model/SEPVAL2023_Europe/iPATH/jsons/ZEUS+iPATH_CME_differential.2021-11-01T044120Z.2023-08-29T085904Z.json,2021-11-01 04:41:20,2021-11-04 03:41:20,True,False,No SEP Event
2510,ZEUS+iPATH_CME,min.50.0.max.-1.0.units.MeV,threshold.1.0.units.1 / (cm2 s sr),False,min.50.0.max.-1.0.units.MeV,threshold.1.0.units.1 / (cm2 s sr),./model/SEPVAL2023_Europe/iPATH/jsons/ZEUS+iPATH_CME_differential.2021-11-02T044920Z.2023-08-29T085907Z.json,2021-11-02 04:49:20,2021-11-05 03:49:20,True,False,No SEP Event
2511,ZEUS+iPATH_CME,min.50.0.max.-1.0.units.MeV,threshold.1.0.units.1 / (cm2 s sr),False,min.50.0.max.-1.0.units.MeV,threshold.1.0.units.1 / (cm2 s sr),./model/SEPVAL2023_Europe/iPATH/jsons/ZEUS+iPATH_CME_differential.2022-01-18T202440Z.2023-08-29T085910Z.json,2022-01-18 20:24:40,2022-01-21 19:24:40,True,False,Eruption Out of Range
2513,ZEUS+iPATH_CME,min.50.0.max.-1.0.units.MeV,threshold.1.0.units.1 / (cm2 s sr),False,min.50.0.max.-1.0.units.MeV,threshold.1.0.units.1 / (cm2 s sr),./model/SEPVAL2023_Europe/iPATH/jsons/ZEUS+iPATH_CME_differential.2022-03-28T145220Z.2023-08-29T090711Z.json,2022-03-28 14:52:20,2022-03-31 13:52:20,True,True,Eruption Out of Range
2514,ZEUS+iPATH_CME,min.50.0.max.-1.0.units.MeV,threshold.1.0.units.1 / (cm2 s sr),False,min.50.0.max.-1.0.units.MeV,threshold.1.0.units.1 / (cm2 s sr),./model/SEPVAL2023_Europe/iPATH/jsons/ZEUS+iPATH_CME_differential.2022-04-02T152920Z.2023-08-29T090713Z.json,2022-04-02 15:29:20,2022-04-05 14:29:20,True,False,No SEP Event
2515,ZEUS+iPATH_CME,min.50.0.max.-1.0.units.MeV,threshold.1.0.units.1 / (cm2 s sr),False,min.50.0.max.-1.0.units.MeV,threshold.1.0.units.1 / (cm2 s sr),./model/SEPVAL2023_Europe/iPATH/jsons/ZEUS+iPATH_CME_differential.2022-04-17T060140Z.2023-08-29T085912Z.json,2022-04-17 06:01:40,2022-04-20 05:01:40,True,True,No SEP Event
2516,ZEUS+iPATH_CME,min.50.0.max.-1.0.units.MeV,threshold.1.0.units.1 / (cm2 s sr),False,min.50.0.max.-1.0.units.MeV,threshold.1.0.units.1 / (cm2 s sr),./model/SEPVAL2023_Europe/iPATH/jsons/ZEUS+iPATH_CME_differential.2022-04-20T062420Z.2023-08-29T085915Z.json,2022-04-20 06:24:20,2022-04-23 05:24:20,True,True,No SEP Event
2517,ZEUS+iPATH_CME,min.50.0.max.-1.0.units.MeV,threshold.1.0.units.1 / (cm2 s sr),False,min.50.0.max.-1.0.units.MeV,threshold.1.0.units.1 / (cm2 s sr),./model/SEPVAL2023_Europe/iPATH/jsons/ZEUS+iPATH_CME_differential.2022-04-29T092300Z.2023-08-29T085917Z.json,2022-04-29 09:23:00,2022-05-02 08:23:00,True,False,No SEP Event
2518,ZEUS+iPATH_CME,min.50.0.max.-1.0.units.MeV,threshold.1.0.units.1 / (cm2 s sr),False,min.50.0.max.-1.0.units.MeV,threshold.1.0.units.1 / (cm2 s sr),./model/SEPVAL2023_Europe/iPATH/jsons/ZEUS+iPATH_CME_differential.2022-05-25T205020Z.2023-08-29T085920Z.json,2022-05-25 20:50:20,2022-05-28 19:50:20,True,True,No SEP Event
2519,ZEUS+iPATH_CME,min.50.0.max.-1.0.units.MeV,threshold.1.0.units.1 / (cm2 s sr),False,min.50.0.max.-1.0.units.MeV,threshold.1.0.units.1 / (cm2 s sr),./model/SEPVAL2023_Europe/iPATH/jsons/ZEUS+iPATH_CME_differential.2022-08-17T172400Z.2023-08-29T085922Z.json,2022-08-17 17:24:00,2022-08-20 16:24:00,True,False,No SEP Event
2520,ZEUS+iPATH_CME,min.50.0.max.-1.0.units.MeV,threshold.1.0.units.1 / (cm2 s sr),False,min.50.0.max.-1.0.units.MeV,threshold.1.0.units.1 / (cm2 s sr),./model/SEPVAL2023_Europe/iPATH/jsons/ZEUS+iPATH_CME_differential.2022-08-18T130320Z.2023-08-29T085925Z.json,2022-08-18 13:03:20,2022-08-21 12:03:20,True,False,No SEP Event
2521,ZEUS+iPATH_CME,min.50.0.max.-1.0.units.MeV,threshold.1.0.units.1 / (cm2 s sr),False,min.50.0.max.-1.0.units.MeV,threshold.1.0.units.1 / (cm2 s sr),./model/SEPVAL2023_Europe/iPATH/jsons/ZEUS+iPATH_CME_differential.2022-08-19T085920Z.2023-08-29T085928Z.json,2022-08-19 08:59:20,2022-08-22 07:59:20,True,False,No SEP Event
2522,ZEUS+iPATH_CME,min.50.0.max.-1.0.units.MeV,threshold.1.0.units.1 / (cm2 s sr),False,min.50.0.max.-1.0.units.MeV,threshold.1.0.units.1 / (cm2 s sr),./model/SEPVAL2023_Europe/iPATH/jsons/ZEUS+iPATH_CME_differential.2022-08-27T041420Z.2023-08-29T090716Z.json,2022-08-27 04:14:20,2022-08-30 03:14:20,True,False,No SEP Event
2523,ZEUS+iPATH_CME,min.50.0.max.-1.0.units.MeV,threshold.1.0.units.1 / (cm2 s sr),False,min.50.0.max.-1.0.units.MeV,threshold.1.0.units.1 / (cm2 s sr),./model/SEPVAL2023_Europe/iPATH/jsons/ZEUS+iPATH_CME_differential.2022-08-29T192320Z.2023-08-29T085930Z.json,2022-08-29 19:23:20,2022-09-01 18:23:20,True,True,No SEP Event
2524,ZEUS+iPATH_CME,min.50.0.max.-1.0.units.MeV,threshold.1.0.units.1 / (cm2 s sr),False,min.50.0.max.-1.0.units.MeV,threshold.1.0.units.1 / (cm2 s sr),./model/SEPVAL2023_Europe/iPATH/jsons/ZEUS+iPATH_CME_differential.2022-08-30T201440Z.2023-08-29T085933Z.json,2022-08-30 20:14:40,2022-09-02 19:14:40,True,True,No SEP Event
2525,ZEUS+iPATH_CME,min.50.0.max.-1.0.units.MeV,threshold.1.0.units.1 / (cm2 s sr),False,min.50.0.max.-1.0.units.MeV,threshold.1.0.units.1 / (cm2 s sr),./model/SEPVAL2023_Europe/iPATH/jsons/ZEUS+iPATH_CME_differential.2022-12-01T093920Z.2023-08-29T085936Z.json,2022-12-01 09:39:20,2022-12-04 08:39:20,True,False,No SEP Event
2527,ZEUS+iPATH_CME,min.50.0.max.-1.0.units.MeV,threshold.1.0.units.1 / (cm2 s sr),False,min.50.0.max.-1.0.units.MeV,threshold.1.0.units.1 / (cm2 s sr),./model/SEPVAL2023_Europe/iPATH/jsons/ZEUS+iPATH_CME_differential.2023-03-04T181100Z.2023-08-29T085938Z.json,2023-03-04 18:11:00,2023-03-07 17:11:00,True,False,No SEP Event
2528,ZEUS+iPATH_CME,min.50.0.max.-1.0.units.MeV,threshold.1.0.units.1 / (cm2 s sr),False,min.50.0.max.-1.0.units.MeV,threshold.1.0.units.1 / (cm2 s sr),./model/SEPVAL2023_Europe/iPATH/jsons/ZEUS+iPATH_CME_differential.2023-03-06T051700Z.2023-08-29T085941Z.json,2023-03-06 05:17:00,2023-03-09 04:17:00,True,False,No SEP Event
