,Model,Energy Channel Key,Threshold Key,Mismatch Allowed,Prediction Energy Channel Key,Prediction Threshold Key,Forecast Source,Prediction Window Start,Prediction Window End,Observed SEP All Clear,Predicted SEP All Clear,All Clear Match Status
2709,SEPMOD,min.50.0.max.-1.0.units.MeV,threshold.1.0.units.1 / (cm2 s sr),False,min.50.0.max.-1.0.units.MeV,threshold.1.0.units.1 / (cm2 s sr),model/SEPVAL2023_Europe/ENLIL+SEPMOD/jsons/SEPMOD_integral.2011-03-07T003000Z.json,2011-03-07 00:30:00,2011-03-13 23:30:00,True,False,No SEP Event
2710,SEPMOD,min.50.0.max.-1.0.units.MeV,threshold.1.0.units.1 / (cm2 s sr),False,min.50.0.max.-1.0.units.MeV,threshold.1.0.units.1 / (cm2 s sr),model/SEPVAL2023_Europe/ENLIL+SEPMOD/jsons/SEPMOD_integral.2011-05-09T003000Z.json,2011-05-09 00:30:00,2011-05-15 23:30:00,True,True,No SEP Event
2711,SEPMOD,min.50.0.max.-1.0.units.MeV,threshold.1.0.units.1 / (cm2 s sr),False,min.50.0.max.-1.0.units.MeV,threshold.1.0.units.1 / (cm2 s sr),model/SEPVAL2023_Europe/ENLIL+SEPMOD/jsons/SEPMOD_integral.2011-06-07T003000Z.json,2011-06-07 00:30:00,2011-06-13 23:30:00,False,False,SEP Event
2712,SEPMOD,min.50.0.max.-1.0.units.MeV,threshold.1.0.units.1 / (cm2 s sr),False,min.50.0.max.-1.0.units.MeV,threshold.1.0.units.1 / (cm2 s sr),model/SEPVAL2023_Europe/ENLIL+SEPMOD/jsons/SEPMOD_integral.2011-08-04T003000Z.json,2011-08-04 00:30:00,2011-08-10 23:30:00,False,False,SEP Event
2713,SEPMOD,min.50.0.max.-1.0.units.MeV,threshold.1.0.units.1 / (cm2 s sr),False,min.50.0.max.-1.0.units.MeV,threshold.1.0.units.1 / (cm2 s sr),model/SEPVAL2023_Europe/ENLIL+SEPMOD/jsons/SEPMOD_integral.2011-08-09T003000Z.json,2011-08-09 00:30:00,2011-08-15 23:30:00,False,True,SEP Event
2714,SEPMOD,min.50.0.max.-1.0.units.MeV,threshold.1.0.units.1 / (cm2 s sr),False,min.50.0.max.-1.0.units.MeV,threshold.1.0.units.1 / (cm2 s sr),model/SEPVAL2023_Europe/ENLIL+SEPMOD/jsons/SEPMOD_integral.2012-01-23T003000Z.json,2012-01-23 00:30:00,2012-01-29 23:30:00,False,False,SEP Event
2715,SEPMOD,min.50.0.max.-1.0.units.MeV,threshold.1.0.units.1 / (cm2 s sr),False,min.50.0.max.-1.0.units.MeV,threshold.1.0.units.1 / (cm2 s sr),model/SEPVAL2023_Europe/ENLIL+SEPMOD/jsons/SEPMOD_integral.2012-01-27T003000Z.json,2012-01-27 00:30:00,2012-02-02 23:30:00,False,False,SEP Event
2716,SEPMOD,min.50.0.max.-1.0.units.MeV,threshold.1.0.units.1 / (cm2 s sr),False,min.50.0.max.-1.0.units.MeV,threshold.1.0.units.1 / (cm2 s sr),model/SEPVAL2023_Europe/ENLIL+SEPMOD/jsons/SEPMOD_integral.2012-03-04T003000Z.json,2012-03-04 00:30:00,2012-03-10 23:40:00,True,True,Eruption Out of Range
2717,SEPMOD,min.50.0.max.-1.0.units.MeV,threshold.1.0.units.1 / (cm2 s sr),False,min.50.0.max.-1.0.units.MeV,threshold.1.0.units.1 / (cm2 s sr),model/SEPVAL2023_Europe/ENLIL+SEPMOD/jsons/SEPMOD_integral.2012-03-05T003000Z.json,2012-03-05 00:30:00,2012-03-11 23:30:00,True,True,Eruption Out of Range
2718,SEPMOD,min.50.0.max.-1.0.units.MeV,threshold.1.0.units.1 / (cm2 s sr),False,min.50.0.max.-1.0.units.MeV,threshold.1.0.units.1 / (cm2 s sr),model/SEPVAL2023_Europe/ENLIL+SEPMOD/jsons/SEPMOD_integral.2012-03-07T003000Z.json,2012-03-07 00:30:00,2012-03-13 23:30:00,False,True,SEP Event
2719,SEPMOD,min.50.0.max.-1.0.units.MeV,threshold.1.0.units.1 / (cm2 s sr),False,min.50.0.max.-1.0.units.MeV,threshold.1.0.units.1 / (cm2 s sr),model/SEPVAL2023_Europe/ENLIL+SEPMOD/jsons/SEPMOD_integral.2012-03-13T003000Z.json,2012-03-13 00:30:00,2012-03-19 23:30:00,False,False,SEP Event
2720,SEPMOD,min.50.0.max.-1.0.units.MeV,threshold.1.0.units.1 / (cm2 s sr),False,min.50.0.max.-1.0.units.MeV,threshold.1.0.units.1 / (cm2 s sr),model/SEPVAL2023_Europe/ENLIL+SEPMOD/jsons/SEPMOD_integral.2012-05-17T003000Z.json,2012-05-17 00:30:00,2012-05-23 23:30:00,False,False,SEP Event
2721,SEPMOD,min.50.0.max.-1.0.units.MeV,threshold.1.0.units.1 / (cm2 s sr),False,min.50.0.max.-1.0.units.MeV,threshold.1.0.units.1 / (cm2 s sr),model/SEPVAL2023_Europe/ENLIL+SEPMOD/jsons/SEPMOD_integral.2012-06-13T003000Z.json,2012-06-13 00:30:00,2012-06-19 23:30:00,True,True,No SEP Event
2722,SEPMOD,min.50.0.max.-1.0.units.MeV,threshold.1.0.units.1 / (cm2 s sr),False,min.50.0.max.-1.0.units.MeV,threshold.1.0.units.1 / (cm2 s sr),model/SEPVAL2023_Europe/ENLIL+SEPMOD/jsons/SEPMOD_integral.2012-06-29T003000Z.json,2012-06-29 00:30:00,2012-07-05 23:30:00,True,True,No SEP Event
2723,SEPMOD,min.50.0.max.-1.0.units.MeV,threshold.1.0.units.1 / (cm2 s sr),False,min.50.0.max.-1.0.units.MeV,threshold.1.0.units.1 / (cm2 s sr),model/SEPVAL2023_Europe/ENLIL+SEPMOD/jsons/SEPMOD_integral.2012-07-07T003000Z.json,2012-07-07 00:30:00,2012-07-13 23:30:00,False,True,SEP Event
2724,SEPMOD,min.50.0.max.-1.0.units.MeV,threshold.1.0.units.1 / (cm2 s sr),False,min.50.0.max.-1.0.units.MeV,threshold.1.0.units.1 / (cm2 s sr),model/SEPVAL2023_Europe/ENLIL+SEPMOD/jsons/SEPMOD_integral.2012-07-12T003000Z.json,2012-07-12 00:30:00,2012-07-18 23:30:00,True,True,No SEP Event
2725,SEPMOD,min.50.0.max.-1.0.units.MeV,threshold.1.0.units.1 / (cm2 s sr),False,min.50.0.max.-1.0.units.MeV,threshold.1.0.units.1 / (cm2 s sr),model/SEPVAL2023_Europe/ENLIL+SEPMOD/jsons/SEPMOD_integral.2012-09-28T003000Z.json,2012-09-28 00:30:00,2012-10-04 23:30:00,True,False,No SEP Event
2726,SEPMOD,min.50.0.max.-1.0.units.MeV,threshold.1.0.units.1 / (cm2 s sr),False,min.50.0.max.-1.0.units.MeV,threshold.1.0.units.1 / (cm2 s sr),model/SEPVAL2023_Europe/ENLIL+SEPMOD/jsons/SEPMOD_integral.2013-04-11T003000Z.json,2013-04-11 00:30:00,2013-04-17 23:30:00,False,True,SEP Event
2727,SEPMOD,min.50.0.max.-1.0.units.MeV,threshold.1.0.units.1 / (cm2 s sr),False,min.50.0.max.-1.0.units.MeV,threshold.1.0.units.1 / (cm2 s sr),model/SEPVAL2023_Europe/ENLIL+SEPMOD/jsons/SEPMOD_integral.2013-05-22T003000Z.json,2013-05-22 00:30:00,2013-05-28 23:30:00,False,False,SEP Event
2728,SEPMOD,min.50.0.max.-1.0.units.MeV,threshold.1.0.units.1 / (cm2 s sr),False,min.50.0.max.-1.0.units.MeV,threshold.1.0.units.1 / (cm2 s sr),model/SEPVAL2023_Europe/ENLIL+SEPMOD/jsons/SEPMOD_integral.2013-06-07T003000Z.json,2013-06-07 00:30:00,2013-06-13 23:30:00,True,True,No SEP Event
2729,SEPMOD,min.50.0.max.-1.0.units.MeV,threshold.1.0.units.1 / (cm2 s sr),False,min.50.0.max.-1.0.units.MeV,threshold.1.0.units.1 / (cm2 s sr),model/SEPVAL2023_Europe/ENLIL+SEPMOD/jsons/SEPMOD_integral.2013-06-28T003000Z.json,2013-06-28 00:30:00,2013-07-04 23:30:00,True,True,No SEP Event
2730,SEPMOD,min.50.0.max.-1.0.units.MeV,threshold.1.0.units.1 / (cm2 s sr),False,min.50.0.max.-1.0.units.MeV,threshold.1.0.units.1 / (cm2 s sr),model/SEPVAL2023_Europe/ENLIL+SEPMOD/jsons/SEPMOD_integral.2013-09-29T003000Z.json,2013-09-29 00:30:00,2013-10-05 23:30:00,False,False,SEP Event
2731,SEPMOD,min.50.0.max.-1.0.units.MeV,threshold.1.0.units.1 / (cm2 s sr),False,min.50.0.max.-1.0.units.MeV,threshold.1.0.units.1 / (cm2 s sr),model/SEPVAL2023_Europe/ENLIL+SEPMOD/jsons/SEPMOD_integral.2014-01-06T003000Z.json,2014-01-06 00:30:00,2014-01-12 23:30:00,False,True,SEP Event
2732,SEPMOD,min.50.0.max.-1.0.units.MeV,threshold.1.0.units.1 / (cm2 s sr),False,min.50.0.max.-1.0.units.MeV,threshold.1.0.units.1 / (cm2 s sr),model/SEPVAL2023_Europe/ENLIL+SEPMOD/jsons/SEPMOD_integral.2014-01-07T003000Z.json,2014-01-07 00:30:00,2014-01-13 23:30:00,False,True,SEP Event
2733,SEPMOD,min.50.0.max.-1.0.units.MeV,threshold.1.0.units.1 / (cm2 s sr),False,min.50.0.max.-1.0.units.MeV,threshold.1.0.units.1 / (cm2 s sr),model/SEPVAL2023_Europe/ENLIL+SEPMOD/jsons/SEPMOD_integral.2014-02-25T003000Z.json,2014-02-25 00:30:00,2014-03-03 23:30:00,False,True,SEP Event
2734,SEPMOD,min.50.0.max.-1.0.units.MeV,threshold.1.0.units.1 / (cm2 s sr),False,min.50.0.max.-1.0.units.MeV,threshold.1.0.units.1 / (cm2 s sr),model/SEPVAL2023_Europe/ENLIL+SEPMOD/jsons/SEPMOD_integral.2014-04-18T003000Z.json,2014-04-18 00:30:00,2014-04-24 23:30:00,False,False,SEP Event
2735,SEPMOD,min.50.0.max.-1.0.units.MeV,threshold.1.0.units.1 / (cm2 s sr),False,min.50.0.max.-1.0.units.MeV,threshold.1.0.units.1 / (cm2 s sr),model/SEPVAL2023_Europe/ENLIL+SEPMOD/jsons/SEPMOD_integral.2014-08-01T003000Z.json,2014-08-01 00:30:00,2014-08-07 23:30:00,True,True,No SEP Event
2736,SEPMOD,min.50.0.max.-1.0.units.MeV,threshold.1.0.units.1 / (cm2 s sr),False,min.50.0.max.-1.0.units.MeV,threshold.1.0.units.1 / (cm2 s sr),model/SEPVAL2023_Europe/ENLIL+SEPMOD/jsons/SEPMOD_integral.2014-09-10T003000Z.json,2014-09-10 00:30:00,2014-09-16 23:30:00,False,False,SEP Event
2737,SEPMOD,min.50.0.max.-1.0.units.MeV,threshold.1.0.units.1 / (cm2 s sr),False,min.50.0.max.-1.0.units.MeV,threshold.1.0.units.1 / (cm2 s sr),model/SEPVAL2023_Europe/ENLIL+SEPMOD/jsons/SEPMOD_integral.2014-10-24T003000Z.json,2014-10-24 00:30:00,2014-10-30 23:30:00,True,True,No SEP Event
2738,SEPMOD,min.50.0.max.-1.0.units.MeV,threshold.1.0.units.1 / (cm2 s sr),False,min.50.0.max.-1.0.units.MeV,threshold.1.0.units.1 / (cm2 s sr),model/SEPVAL2023_Europe/ENLIL+SEPMOD/jsons/SEPMOD_integral.2014-11-06T003000Z.json,2014-11-06 00:30:00,2014-11-12 23:30:00,True,True,No SEP Event
2739,SEPMOD,min.50.0.max.-1.0.units.MeV,threshold.1.0.units.1 / (cm2 s sr),False,min.50.0.max.-1.0.units.MeV,threshold.1.0.units.1 / (cm2 s sr),model/SEPVAL2023_Europe/ENLIL+SEPMOD/jsons/SEPMOD_integral.2014-11-07T003000Z.json,2014-11-07 00:30:00,2014-11-13 23:30:00,True,True,No SEP Event
2740,SEPMOD,min.50.0.max.-1.0.units.MeV,threshold.1.0.units.1 / (cm2 s sr),False,min.50.0.max.-1.0.units.MeV,threshold.1.0.units.1 / (cm2 s sr),model/SEPVAL2023_Europe/ENLIL+SEPMOD/jsons/SEPMOD_integral.2014-12-17T003000Z.json,2014-12-17 00:30:00,2014-12-23 23:30:00,True,True,No SEP Event
2741,SEPMOD,min.50.0.max.-1.0.units.MeV,threshold.1.0.units.1 / (cm2 s sr),False,min.50.0.max.-1.0.units.MeV,threshold.1.0.units.1 / (cm2 s sr),model/SEPVAL2023_Europe/ENLIL+SEPMOD/jsons/SEPMOD_integral.2015-03-09T003000Z.json,2015-03-09 00:30:00,2015-03-15 23:30:00,True,True,No SEP Event
2742,SEPMOD,min.50.0.max.-1.0.units.MeV,threshold.1.0.units.1 / (cm2 s sr),False,min.50.0.max.-1.0.units.MeV,threshold.1.0.units.1 / (cm2 s sr),model/SEPVAL2023_Europe/ENLIL+SEPMOD/jsons/SEPMOD_integral.2015-10-29T015916Z.json,2015-10-29 01:59:16,2015-11-05 00:59:16,False,True,SEP Event
2743,SEPMOD,min.50.0.max.-1.0.units.MeV,threshold.1.0.units.1 / (cm2 s sr),False,min.50.0.max.-1.0.units.MeV,threshold.1.0.units.1 / (cm2 s sr),model/SEPVAL2023_Europe/ENLIL+SEPMOD/jsons/SEPMOD_integral.2016-07-23T011500Z.json,2016-07-23 01:15:00,2016-07-29 22:15:00,True,True,No SEP Event
2744,SEPMOD,min.50.0.max.-1.0.units.MeV,threshold.1.0.units.1 / (cm2 s sr),False,min.50.0.max.-1.0.units.MeV,threshold.1.0.units.1 / (cm2 s sr),model/SEPVAL2023_Europe/ENLIL+SEPMOD/jsons/SEPMOD_integral.2017-07-14T003000Z.json,2017-07-14 00:30:00,2017-07-20 23:30:00,True,True,No SEP Event
2745,SEPMOD,min.50.0.max.-1.0.units.MeV,threshold.1.0.units.1 / (cm2 s sr),False,min.50.0.max.-1.0.units.MeV,threshold.1.0.units.1 / (cm2 s sr),model/SEPVAL2023_Europe/ENLIL+SEPMOD/jsons/SEPMOD_integral.2017-09-04T003000Z.json,2017-09-04 00:30:00,2017-09-10 23:30:00,True,True,Eruption Out of Range
2746,SEPMOD,min.50.0.max.-1.0.units.MeV,threshold.1.0.units.1 / (cm2 s sr),False,min.50.0.max.-1.0.units.MeV,threshold.1.0.units.1 / (cm2 s sr),model/SEPVAL2023_Europe/ENLIL+SEPMOD/jsons/SEPMOD_integral.2017-09-06T003000Z.json,2017-09-06 00:30:00,2017-09-12 23:30:00,False,False,SEP Event
2747,SEPMOD,min.50.0.max.-1.0.units.MeV,threshold.1.0.units.1 / (cm2 s sr),False,min.50.0.max.-1.0.units.MeV,threshold.1.0.units.1 / (cm2 s sr),model/SEPVAL2023_Europe/ENLIL+SEPMOD/jsons/SEPMOD_integral.2021-05-29T003000Z.json,2021-05-29 00:30:00,2021-06-04 23:30:00,True,True,No SEP Event
2748,SEPMOD,min.50.0.max.-1.0.units.MeV,threshold.1.0.units.1 / (cm2 s sr),False,min.50.0.max.-1.0.units.MeV,threshold.1.0.units.1 / (cm2 s sr),model/SEPVAL2023_Europe/ENLIL+SEPMOD/jsons/SEPMOD_integral.2021-10-28T003000Z.json,2021-10-28 00:30:00,2021-11-03 23:30:00,False,False,SEP Event
2749,SEPMOD,min.50.0.max.-1.0.units.MeV,threshold.1.0.units.1 / (cm2 s sr),False,min.50.0.max.-1.0.units.MeV,threshold.1.0.units.1 / (cm2 s sr),model/SEPVAL2023_Europe/ENLIL+SEPMOD/jsons/SEPMOD_integral.2021-11-01T011500Z.json,2021-11-01 01:15:00,2021-11-07 22:15:00,True,True,No SEP Event
2750,SEPMOD,min.50.0.max.-1.0.units.MeV,threshold.1.0.units.1 / (cm2 s sr),False,min.50.0.max.-1.0.units.MeV,threshold.1.0.units.1 / (cm2 s sr),model/SEPVAL2023_Europe/ENLIL+SEPMOD/jsons/SEPMOD_integral.2021-11-02T011500Z.json,2021-11-02 01:15:00,2021-11-08 22:15:00,True,True,No SEP Event
2751,SEPMOD,min.50.0.max.-1.0.units.MeV,threshold.1.0.units.1 / (cm2 s sr),False,min.50.0.max.-1.0.units.MeV,threshold.1.0.units.1 / (cm2 s sr),model/SEPVAL2023_Europe/ENLIL+SEPMOD/jsons/SEPMOD_integral.2022-01-18T011500Z.json,2022-01-18 01:15:00,2022-01-24 22:15:00,True,True,No SEP Event
2752,SEPMOD,min.50.0.max.-1.0.units.MeV,threshold.1.0.units.1 / (cm2 s sr),False,min.50.0.max.-1.0.units.MeV,threshold.1.0.units.1 / (cm2 s sr),model/SEPVAL2023_Europe/ENLIL+SEPMOD/jsons/SEPMOD_integral.2022-01-20T003000Z.json,2022-01-20 00:30:00,2022-01-26 23:30:00,False,True,SEP Event
2753,SEPMOD,min.50.0.max.-1.0.units.MeV,threshold.1.0.units.1 / (cm2 s sr),False,min.50.0.max.-1.0.units.MeV,threshold.1.0.units.1 / (cm2 s sr),model/SEPVAL2023_Europe/ENLIL+SEPMOD/jsons/SEPMOD_integral.2022-03-28T003000Z.json,2022-03-28 00:30:00,2022-04-03 23:30:00,False,True,SEP Event
2754,SEPMOD,min.50.0.max.-1.0.units.MeV,threshold.1.0.units.1 / (cm2 s sr),False,min.50.0.max.-1.0.units.MeV,threshold.1.0.units.1 / (cm2 s sr),model/SEPVAL2023_Europe/ENLIL+SEPMOD/jsons/SEPMOD_integral.2022-04-02T003126Z.json,2022-04-02 00:31:26,2022-04-08 23:30:00,False,False,SEP Event
2755,SEPMOD,min.50.0.max.-1.0.units.MeV,threshold.1.0.units.1 / (cm2 s sr),False,min.50.0.max.-1.0.units.MeV,threshold.1.0.units.1 / (cm2 s sr),model/SEPVAL2023_Europe/ENLIL+SEPMOD/jsons/SEPMOD_integral.2022-04-17T003000Z.json,2022-04-17 00:30:00,2022-04-23 23:30:00,True,True,No SEP Event
2756,SEPMOD,min.50.0.max.-1.0.units.MeV,threshold.1.0.units.1 / (cm2 s sr),False,min.50.0.max.-1.0.units.MeV,threshold.1.0.units.1 / (cm2 s sr),model/SEPVAL2023_Europe/ENLIL+SEPMOD/jsons/SEPMOD_integral.2022-04-20T003000Z.json,2022-04-20 00:30:00,2022-04-26 23:30:00,True,True,No SEP Event
2757,SEPMOD,min.50.0.max.-1.0.units.MeV,threshold.1.0.units.1 / (cm2 s sr),False,min.50.0.max.-1.0.units.MeV,threshold.1.0.units.1 / (cm2 s sr),model/SEPVAL2023_Europe/ENLIL+SEPMOD/jsons/SEPMOD_integral.2022-04-29T003000Z.json,2022-04-29 00:30:00,2022-05-05 23:30:00,True,False,No SEP Event
2758,SEPMOD,min.50.0.max.-1.0.units.MeV,threshold.1.0.units.1 / (cm2 s sr),False,min.50.0.max.-1.0.units.MeV,threshold.1.0.units.1 / (cm2 s sr),model/SEPVAL2023_Europe/ENLIL+SEPMOD/jsons/SEPMOD_integral.2022-05-25T003000Z.json,2022-05-25 00:30:00,2022-05-31 23:30:00,True,True,No SEP Event
2759,SEPMOD,min.50.0.max.-1.0.units.MeV,threshold.1.0.units.1 / (cm2 s sr),False,min.50.0.max.-1.0.units.MeV,threshold.1.0.units.1 / (cm2 s sr),model/SEPVAL2023_Europe/ENLIL+SEPMOD/jsons/SEPMOD_integral.2022-08-17T003000Z.json,2022-08-17 00:30:00,2022-08-23 23:30:00,True,True,No SEP Event
2760,SEPMOD,min.50.0.max.-1.0.units.MeV,threshold.1.0.units.1 / (cm2 s sr),False,min.50.0.max.-1.0.units.MeV,threshold.1.0.units.1 / (cm2 s sr),model/SEPVAL2023_Europe/ENLIL+SEPMOD/jsons/SEPMOD_integral.2022-08-18T003000Z.json,2022-08-18 00:30:00,2022-08-24 23:30:00,True,True,No SEP Event
2761,SEPMOD,min.50.0.max.-1.0.units.MeV,threshold.1.0.units.1 / (cm2 s sr),False,min.50.0.max.-1.0.units.MeV,threshold.1.0.units.1 / (cm2 s sr),model/SEPVAL2023_Europe/ENLIL+SEPMOD/jsons/SEPMOD_integral.2022-08-19T003000Z.json,2022-08-19 00:30:00,2022-08-25 23:30:00,True,True,No SEP Event
2762,SEPMOD,min.50.0.max.-1.0.units.MeV,threshold.1.0.units.1 / (cm2 s sr),False,min.50.0.max.-1.0.units.MeV,threshold.1.0.units.1 / (cm2 s sr),model/SEPVAL2023_Europe/ENLIL+SEPMOD/jsons/SEPMOD_integral.2022-08-27T003000Z.json,2022-08-27 00:30:00,2022-09-02 23:30:00,True,True,No SEP Event
2763,SEPMOD,min.50.0.max.-1.0.units.MeV,threshold.1.0.units.1 / (cm2 s sr),False,min.50.0.max.-1.0.units.MeV,threshold.1.0.units.1 / (cm2 s sr),model/SEPVAL2023_Europe/ENLIL+SEPMOD/jsons/SEPMOD_integral.2022-08-29T003000Z.json,2022-08-29 00:30:00,2022-09-04 23:30:00,True,True,No SEP Event
2764,SEPMOD,min.50.0.max.-1.0.units.MeV,threshold.1.0.units.1 / (cm2 s sr),False,min.50.0.max.-1.0.units.MeV,threshold.1.0.units.1 / (cm2 s sr),model/SEPVAL2023_Europe/ENLIL+SEPMOD/jsons/SEPMOD_integral.2022-08-30T003000Z.json,2022-08-30 00:30:00,2022-09-05 23:30:00,True,True,No SEP Event
2765,SEPMOD,min.50.0.max.-1.0.units.MeV,threshold.1.0.units.1 / (cm2 s sr),False,min.50.0.max.-1.0.units.MeV,threshold.1.0.units.1 / (cm2 s sr),model/SEPVAL2023_Europe/ENLIL+SEPMOD/jsons/SEPMOD_integral.2022-12-01T003000Z.json,2022-12-01 00:30:00,2022-12-07 23:30:00,True,False,No SEP Event
2766,SEPMOD,min.50.0.max.-1.0.units.MeV,threshold.1.0.units.1 / (cm2 s sr),False,min.50.0.max.-1.0.units.MeV,threshold.1.0.units.1 / (cm2 s sr),model/SEPVAL2023_Europe/ENLIL+SEPMOD/jsons/SEPMOD_integral.2023-02-25T003000Z.json,2023-02-25 00:30:00,2023-03-03 23:30:00,False,True,SEP Event
2767,SEPMOD,min.50.0.max.-1.0.units.MeV,threshold.1.0.units.1 / (cm2 s sr),False,min.50.0.max.-1.0.units.MeV,threshold.1.0.units.1 / (cm2 s sr),model/SEPVAL2023_Europe/ENLIL+SEPMOD/jsons/SEPMOD_integral.2023-03-04T003000Z.json,2023-03-04 00:30:00,2023-03-10 23:30:00,True,True,No SEP Event
2768,SEPMOD,min.50.0.max.-1.0.units.MeV,threshold.1.0.units.1 / (cm2 s sr),False,min.50.0.max.-1.0.units.MeV,threshold.1.0.units.1 / (cm2 s sr),model/SEPVAL2023_Europe/ENLIL+SEPMOD/jsons/SEPMOD_integral.2023-03-06T003000Z.json,2023-03-06 00:30:00,2023-03-12 23:30:00,True,True,No SEP Event
