,Model,Energy Channel Key,Threshold Key,Mismatch Allowed,Prediction Energy Channel Key,Prediction Threshold Key,Forecast Source,Prediction Window Start,Prediction Window End,Observed SEP All Clear,Predicted SEP All Clear,All Clear Match Status
2978,SEPSTER2D CME,min.100.0.max.-1.0.units.MeV,threshold.1.0.units.1 / (cm2 s sr),False,min.100.0.max.-1.0.units.MeV,threshold.1.0.units.1 / (cm2 s sr),model/SEPVAL2023_Europe/SEPSTER2D/jsons/sepster2D_20110307_2000_Parker_Spiral_2.5Rs_sep.json,2011-03-07 20:00:00,2011-03-07 23:23:00,True,False,No SEP Event
2979,SEPSTER2D CME,min.100.0.max.-1.0.units.MeV,threshold.1.0.units.1 / (cm2 s sr),False,min.100.0.max.-1.0.units.MeV,threshold.1.0.units.1 / (cm2 s sr),model/SEPVAL2023_Europe/SEPSTER2D/jsons/sepster2D_20110509_2057_Parker_Spiral_2.5Rs_nosep.json,2011-05-09 20:57:00,2011-05-11 14:41:00,True,True,No SEP Event
2980,SEPSTER2D CME,min.100.0.max.-1.0.units.MeV,threshold.1.0.units.1 / (cm2 s sr),False,min.100.0.max.-1.0.units.MeV,threshold.1.0.units.1 / (cm2 s sr),model/SEPVAL2023_Europe/SEPSTER2D/jsons/sepster2D_20110804_0412_Parker_Spiral_2.5Rs_sep.json,2011-08-04 04:12:00,2011-08-04 07:54:00,False,False,SEP Event
2981,SEPSTER2D CME,min.100.0.max.-1.0.units.MeV,threshold.1.0.units.1 / (cm2 s sr),False,min.100.0.max.-1.0.units.MeV,threshold.1.0.units.1 / (cm2 s sr),model/SEPVAL2023_Europe/SEPSTER2D/jsons/sepster2D_20110809_0812_Parker_Spiral_2.5Rs_sep.json,2011-08-09 08:12:00,2011-08-09 11:26:00,False,True,SEP Event
2982,SEPSTER2D CME,min.100.0.max.-1.0.units.MeV,threshold.1.0.units.1 / (cm2 s sr),False,min.100.0.max.-1.0.units.MeV,threshold.1.0.units.1 / (cm2 s sr),model/SEPVAL2023_Europe/SEPSTER2D/jsons/sepster2D_20120123_0400_Parker_Spiral_2.5Rs_sep.json,2012-01-23 04:00:00,2012-01-23 09:23:00,False,False,SEP Event
2983,SEPSTER2D CME,min.100.0.max.-1.0.units.MeV,threshold.1.0.units.1 / (cm2 s sr),False,min.100.0.max.-1.0.units.MeV,threshold.1.0.units.1 / (cm2 s sr),model/SEPVAL2023_Europe/SEPSTER2D/jsons/sepster2D_20120127_1827_Parker_Spiral_2.5Rs_sep.json,2012-01-27 18:27:00,2012-01-27 23:18:00,False,False,SEP Event
2984,SEPSTER2D CME,min.100.0.max.-1.0.units.MeV,threshold.1.0.units.1 / (cm2 s sr),False,min.100.0.max.-1.0.units.MeV,threshold.1.0.units.1 / (cm2 s sr),model/SEPVAL2023_Europe/SEPSTER2D/jsons/sepster2D_20120304_1100_Parker_Spiral_2.5Rs_nosep.json,2012-03-04 11:00:00,2012-03-05 04:43:00,True,True,No SEP Event
2985,SEPSTER2D CME,min.100.0.max.-1.0.units.MeV,threshold.1.0.units.1 / (cm2 s sr),False,min.100.0.max.-1.0.units.MeV,threshold.1.0.units.1 / (cm2 s sr),model/SEPVAL2023_Europe/SEPSTER2D/jsons/sepster2D_20120305_0400_Parker_Spiral_2.5Rs_nosep.json,2012-03-05 04:00:00,2012-03-05 15:01:00,True,True,No SEP Event
2986,SEPSTER2D CME,min.100.0.max.-1.0.units.MeV,threshold.1.0.units.1 / (cm2 s sr),False,min.100.0.max.-1.0.units.MeV,threshold.1.0.units.1 / (cm2 s sr),model/SEPVAL2023_Europe/SEPSTER2D/jsons/sepster2D_20120307_0130_Parker_Spiral_2.5Rs_sep.json,2012-03-07 01:30:00,2012-03-07 14:06:00,False,False,SEP Event
2987,SEPSTER2D CME,min.100.0.max.-1.0.units.MeV,threshold.1.0.units.1 / (cm2 s sr),False,min.100.0.max.-1.0.units.MeV,threshold.1.0.units.1 / (cm2 s sr),model/SEPVAL2023_Europe/SEPSTER2D/jsons/sepster2D_20120313_1736_Parker_Spiral_2.5Rs_sep.json,2012-03-13 17:36:00,2012-03-13 21:04:00,False,False,SEP Event
2988,SEPSTER2D CME,min.100.0.max.-1.0.units.MeV,threshold.1.0.units.1 / (cm2 s sr),False,min.100.0.max.-1.0.units.MeV,threshold.1.0.units.1 / (cm2 s sr),model/SEPVAL2023_Europe/SEPSTER2D/jsons/sepster2D_20120517_0148_Parker_Spiral_2.5Rs_sep.json,2012-05-17 01:48:00,2012-05-17 04:20:00,False,True,SEP Event
2989,SEPSTER2D CME,min.100.0.max.-1.0.units.MeV,threshold.1.0.units.1 / (cm2 s sr),False,min.100.0.max.-1.0.units.MeV,threshold.1.0.units.1 / (cm2 s sr),model/SEPVAL2023_Europe/SEPSTER2D/jsons/sepster2D_20120613_1400_Parker_Spiral_2.5Rs_nosep.json,2012-06-13 14:00:00,2012-06-13 22:27:00,True,True,No SEP Event
2990,SEPSTER2D CME,min.100.0.max.-1.0.units.MeV,threshold.1.0.units.1 / (cm2 s sr),False,min.100.0.max.-1.0.units.MeV,threshold.1.0.units.1 / (cm2 s sr),model/SEPVAL2023_Europe/SEPSTER2D/jsons/sepster2D_20120629_0936_Parker_Spiral_2.5Rs_nosep.json,2012-06-29 09:36:00,2012-06-29 20:45:00,True,True,No SEP Event
2991,SEPSTER2D CME,min.100.0.max.-1.0.units.MeV,threshold.1.0.units.1 / (cm2 s sr),False,min.100.0.max.-1.0.units.MeV,threshold.1.0.units.1 / (cm2 s sr),model/SEPVAL2023_Europe/SEPSTER2D/jsons/sepster2D_20120706_2324_Parker_Spiral_2.5Rs_sep.json,2012-07-06 23:24:00,2012-07-07 03:22:00,True,True,No SEP Event
2992,SEPSTER2D CME,min.100.0.max.-1.0.units.MeV,threshold.1.0.units.1 / (cm2 s sr),False,min.100.0.max.-1.0.units.MeV,threshold.1.0.units.1 / (cm2 s sr),model/SEPVAL2023_Europe/SEPSTER2D/jsons/sepster2D_20120712_1648_Parker_Spiral_2.5Rs_sep.json,2012-07-12 16:48:00,2012-07-13 00:10:00,True,True,No SEP Event
2993,SEPSTER2D CME,min.100.0.max.-1.0.units.MeV,threshold.1.0.units.1 / (cm2 s sr),False,min.100.0.max.-1.0.units.MeV,threshold.1.0.units.1 / (cm2 s sr),model/SEPVAL2023_Europe/SEPSTER2D/jsons/sepster2D_20120723_0236_Parker_Spiral_2.5Rs_sep.json,2012-07-23 02:36:00,2012-07-23 09:56:00,True,False,No SEP Event
2994,SEPSTER2D CME,min.100.0.max.-1.0.units.MeV,threshold.1.0.units.1 / (cm2 s sr),False,min.100.0.max.-1.0.units.MeV,threshold.1.0.units.1 / (cm2 s sr),model/SEPVAL2023_Europe/SEPSTER2D/jsons/sepster2D_20120928_0012_Parker_Spiral_2.5Rs_sep.json,2012-09-28 00:12:00,2012-09-28 04:29:00,True,True,No SEP Event
2995,SEPSTER2D CME,min.100.0.max.-1.0.units.MeV,threshold.1.0.units.1 / (cm2 s sr),False,min.100.0.max.-1.0.units.MeV,threshold.1.0.units.1 / (cm2 s sr),model/SEPVAL2023_Europe/SEPSTER2D/jsons/sepster2D_20130411_0724_Parker_Spiral_2.5Rs_sep.json,2013-04-11 07:24:00,2013-04-11 16:23:00,False,True,SEP Event
2996,SEPSTER2D CME,min.100.0.max.-1.0.units.MeV,threshold.1.0.units.1 / (cm2 s sr),False,min.100.0.max.-1.0.units.MeV,threshold.1.0.units.1 / (cm2 s sr),model/SEPVAL2023_Europe/SEPSTER2D/jsons/sepster2D_20130522_1325_Parker_Spiral_2.5Rs_sep.json,2013-05-22 13:25:00,2013-05-22 16:01:00,False,False,SEP Event
2997,SEPSTER2D CME,min.100.0.max.-1.0.units.MeV,threshold.1.0.units.1 / (cm2 s sr),False,min.100.0.max.-1.0.units.MeV,threshold.1.0.units.1 / (cm2 s sr),model/SEPVAL2023_Europe/SEPSTER2D/jsons/sepster2D_20130607_2312_Parker_Spiral_2.5Rs_nosep.json,2013-06-07 23:12:00,2013-06-08 04:30:00,True,True,No SEP Event
2998,SEPSTER2D CME,min.100.0.max.-1.0.units.MeV,threshold.1.0.units.1 / (cm2 s sr),False,min.100.0.max.-1.0.units.MeV,threshold.1.0.units.1 / (cm2 s sr),model/SEPVAL2023_Europe/SEPSTER2D/jsons/sepster2D_20130628_0200_Parker_Spiral_2.5Rs_nosep.json,2013-06-28 02:00:00,2013-06-28 06:19:00,True,True,No SEP Event
2999,SEPSTER2D CME,min.100.0.max.-1.0.units.MeV,threshold.1.0.units.1 / (cm2 s sr),False,min.100.0.max.-1.0.units.MeV,threshold.1.0.units.1 / (cm2 s sr),model/SEPVAL2023_Europe/SEPSTER2D/jsons/sepster2D_20130929_2212_Parker_Spiral_2.5Rs_sep.json,2013-09-29 22:12:00,2013-09-30 03:35:00,True,True,No SEP Event
3000,SEPSTER2D CME,min.100.0.max.-1.0.units.MeV,threshold.1.0.units.1 / (cm2 s sr),False,min.100.0.max.-1.0.units.MeV,threshold.1.0.units.1 / (cm2 s sr),model/SEPVAL2023_Europe/SEPSTER2D/jsons/sepster2D_20140106_0800_Parker_Spiral_2.5Rs_sep.json,2014-01-06 08:00:00,2014-01-06 12:47:00,False,True,SEP Event
3001,SEPSTER2D CME,min.100.0.max.-1.0.units.MeV,threshold.1.0.units.1 / (cm2 s sr),False,min.100.0.max.-1.0.units.MeV,threshold.1.0.units.1 / (cm2 s sr),model/SEPVAL2023_Europe/SEPSTER2D/jsons/sepster2D_20140107_1824_Parker_Spiral_2.5Rs_sep.json,2014-01-07 18:24:00,2014-01-07 23:01:00,False,False,SEP Event
3002,SEPSTER2D CME,min.100.0.max.-1.0.units.MeV,threshold.1.0.units.1 / (cm2 s sr),False,min.100.0.max.-1.0.units.MeV,threshold.1.0.units.1 / (cm2 s sr),model/SEPVAL2023_Europe/SEPSTER2D/jsons/sepster2D_20140225_0125_Parker_Spiral_2.5Rs_sep.json,2014-02-25 01:25:00,2014-02-26 01:39:00,True,True,No SEP Event
3003,SEPSTER2D CME,min.100.0.max.-1.0.units.MeV,threshold.1.0.units.1 / (cm2 s sr),False,min.100.0.max.-1.0.units.MeV,threshold.1.0.units.1 / (cm2 s sr),model/SEPVAL2023_Europe/SEPSTER2D/jsons/sepster2D_20140418_1325_Parker_Spiral_2.5Rs_sep.json,2014-04-18 13:25:00,2014-04-18 18:05:00,True,True,No SEP Event
3004,SEPSTER2D CME,min.100.0.max.-1.0.units.MeV,threshold.1.0.units.1 / (cm2 s sr),False,min.100.0.max.-1.0.units.MeV,threshold.1.0.units.1 / (cm2 s sr),model/SEPVAL2023_Europe/SEPSTER2D/jsons/sepster2D_20140801_1836_Parker_Spiral_2.5Rs_nosep.json,2014-08-01 18:36:00,2014-08-02 09:09:00,True,True,No SEP Event
3005,SEPSTER2D CME,min.100.0.max.-1.0.units.MeV,threshold.1.0.units.1 / (cm2 s sr),False,min.100.0.max.-1.0.units.MeV,threshold.1.0.units.1 / (cm2 s sr),model/SEPVAL2023_Europe/SEPSTER2D/jsons/sepster2D_20140910_1800_Parker_Spiral_2.5Rs_sep.json,2014-09-10 18:00:00,2014-09-11 00:11:00,True,True,No SEP Event
3006,SEPSTER2D CME,min.100.0.max.-1.0.units.MeV,threshold.1.0.units.1 / (cm2 s sr),False,min.100.0.max.-1.0.units.MeV,threshold.1.0.units.1 / (cm2 s sr),model/SEPVAL2023_Europe/SEPSTER2D/jsons/sepster2D_20141024_0800_Parker_Spiral_2.5Rs_nosep.json,2014-10-24 08:00:00,2014-10-24 12:48:00,True,True,No SEP Event
3007,SEPSTER2D CME,min.100.0.max.-1.0.units.MeV,threshold.1.0.units.1 / (cm2 s sr),False,min.100.0.max.-1.0.units.MeV,threshold.1.0.units.1 / (cm2 s sr),model/SEPVAL2023_Europe/SEPSTER2D/jsons/sepster2D_20141106_0400_Parker_Spiral_2.5Rs_nosep.json,2014-11-06 04:00:00,2014-11-06 19:20:00,True,True,No SEP Event
3008,SEPSTER2D CME,min.100.0.max.-1.0.units.MeV,threshold.1.0.units.1 / (cm2 s sr),False,min.100.0.max.-1.0.units.MeV,threshold.1.0.units.1 / (cm2 s sr),model/SEPVAL2023_Europe/SEPSTER2D/jsons/sepster2D_20141107_1808_Parker_Spiral_2.5Rs_nosep.json,2014-11-07 18:08:00,2014-11-08 05:03:00,True,True,No SEP Event
3009,SEPSTER2D CME,min.100.0.max.-1.0.units.MeV,threshold.1.0.units.1 / (cm2 s sr),False,min.100.0.max.-1.0.units.MeV,threshold.1.0.units.1 / (cm2 s sr),model/SEPVAL2023_Europe/SEPSTER2D/jsons/sepster2D_20141217_0500_Parker_Spiral_2.5Rs_nosep.json,2014-12-17 05:00:00,2014-12-17 11:53:00,True,True,No SEP Event
3010,SEPSTER2D CME,min.100.0.max.-1.0.units.MeV,threshold.1.0.units.1 / (cm2 s sr),False,min.100.0.max.-1.0.units.MeV,threshold.1.0.units.1 / (cm2 s sr),model/SEPVAL2023_Europe/SEPSTER2D/jsons/sepster2D_20141219_0104_Parker_Spiral_2.5Rs_nosep.json,2014-12-19 01:04:00,2014-12-19 11:46:00,True,True,No SEP Event
3011,SEPSTER2D CME,min.100.0.max.-1.0.units.MeV,threshold.1.0.units.1 / (cm2 s sr),False,min.100.0.max.-1.0.units.MeV,threshold.1.0.units.1 / (cm2 s sr),model/SEPVAL2023_Europe/SEPSTER2D/jsons/sepster2D_20150310_0000_Parker_Spiral_2.5Rs_nosep.json,2015-03-10 00:00:00,2015-03-10 04:25:00,True,False,No SEP Event
3012,SEPSTER2D CME,min.100.0.max.-1.0.units.MeV,threshold.1.0.units.1 / (cm2 s sr),False,min.100.0.max.-1.0.units.MeV,threshold.1.0.units.1 / (cm2 s sr),model/SEPVAL2023_Europe/SEPSTER2D/jsons/sepster2D_20151029_0236_Parker_Spiral_2.5Rs_sep.json,2015-10-29 02:36:00,2015-10-29 09:59:00,False,True,SEP Event
3013,SEPSTER2D CME,min.100.0.max.-1.0.units.MeV,threshold.1.0.units.1 / (cm2 s sr),False,min.100.0.max.-1.0.units.MeV,threshold.1.0.units.1 / (cm2 s sr),model/SEPVAL2023_Europe/SEPSTER2D/jsons/sepster2D_20160723_0524_Parker_Spiral_2.5Rs_nosep.json,2016-07-23 05:24:00,2016-07-23 08:40:00,True,True,No SEP Event
3014,SEPSTER2D CME,min.100.0.max.-1.0.units.MeV,threshold.1.0.units.1 / (cm2 s sr),False,min.100.0.max.-1.0.units.MeV,threshold.1.0.units.1 / (cm2 s sr),model/SEPVAL2023_Europe/SEPSTER2D/jsons/sepster2D_20170904_2036_Parker_Spiral_2.5Rs_sep.json,2017-09-04 20:36:00,2017-09-05 02:26:00,True,True,No SEP Event
3015,SEPSTER2D CME,min.100.0.max.-1.0.units.MeV,threshold.1.0.units.1 / (cm2 s sr),False,min.100.0.max.-1.0.units.MeV,threshold.1.0.units.1 / (cm2 s sr),model/SEPVAL2023_Europe/SEPSTER2D/jsons/sepster2D_20170906_1224_Parker_Spiral_2.5Rs_sep.json,2017-09-06 12:24:00,2017-09-06 17:01:00,True,False,No SEP Event
3016,SEPSTER2D CME,min.100.0.max.-1.0.units.MeV,threshold.1.0.units.1 / (cm2 s sr),False,min.100.0.max.-1.0.units.MeV,threshold.1.0.units.1 / (cm2 s sr),model/SEPVAL2023_Europe/SEPSTER2D/jsons/sepster2D_20170910_1600_Parker_Spiral_2.5Rs_sep.json,2017-09-10 16:00:00,2017-09-10 19:05:00,False,False,SEP Event
3017,SEPSTER2D CME,min.100.0.max.-1.0.units.MeV,threshold.1.0.units.1 / (cm2 s sr),False,min.100.0.max.-1.0.units.MeV,threshold.1.0.units.1 / (cm2 s sr),model/SEPVAL2023_Europe/SEPSTER2D/jsons/sepster2D_20210528_2312_Parker_Spiral_2.5Rs_sep.json,2021-05-28 23:12:00,2021-05-29 01:15:00,True,True,No SEP Event
3018,SEPSTER2D CME,min.100.0.max.-1.0.units.MeV,threshold.1.0.units.1 / (cm2 s sr),False,min.100.0.max.-1.0.units.MeV,threshold.1.0.units.1 / (cm2 s sr),model/SEPVAL2023_Europe/SEPSTER2D/jsons/sepster2D_20211028_1548_Parker_Spiral_2.5Rs_sep.json,2021-10-28 15:48:00,2021-10-29 01:34:00,False,True,SEP Event
3019,SEPSTER2D CME,min.100.0.max.-1.0.units.MeV,threshold.1.0.units.1 / (cm2 s sr),False,min.100.0.max.-1.0.units.MeV,threshold.1.0.units.1 / (cm2 s sr),model/SEPVAL2023_Europe/SEPSTER2D/jsons/sepster2D_20211101_0200_Parker_Spiral_2.5Rs_nosep.json,2021-11-01 02:00:00,2021-11-01 05:40:00,True,True,No SEP Event
3020,SEPSTER2D CME,min.100.0.max.-1.0.units.MeV,threshold.1.0.units.1 / (cm2 s sr),False,min.100.0.max.-1.0.units.MeV,threshold.1.0.units.1 / (cm2 s sr),model/SEPVAL2023_Europe/SEPSTER2D/jsons/sepster2D_20211102_0248_Parker_Spiral_2.5Rs_nosep.json,2021-11-02 02:48:00,2021-11-02 08:47:00,True,True,No SEP Event
3021,SEPSTER2D CME,min.100.0.max.-1.0.units.MeV,threshold.1.0.units.1 / (cm2 s sr),False,min.100.0.max.-1.0.units.MeV,threshold.1.0.units.1 / (cm2 s sr),model/SEPVAL2023_Europe/SEPSTER2D/jsons/sepster2D_20220118_1748_Parker_Spiral_2.5Rs_nosep.json,2022-01-18 17:48:00,2022-01-18 20:22:00,True,True,No SEP Event
3022,SEPSTER2D CME,min.100.0.max.-1.0.units.MeV,threshold.1.0.units.1 / (cm2 s sr),False,min.100.0.max.-1.0.units.MeV,threshold.1.0.units.1 / (cm2 s sr),model/SEPVAL2023_Europe/SEPSTER2D/jsons/sepster2D_20220120_0612_Parker_Spiral_2.5Rs_sep.json,2022-01-20 06:12:00,2022-01-20 10:49:00,False,True,SEP Event
3023,SEPSTER2D CME,min.100.0.max.-1.0.units.MeV,threshold.1.0.units.1 / (cm2 s sr),False,min.100.0.max.-1.0.units.MeV,threshold.1.0.units.1 / (cm2 s sr),model/SEPVAL2023_Europe/SEPSTER2D/jsons/sepster2D_20220328_1200_Parker_Spiral_2.5Rs_sep.json,2022-03-28 12:00:00,2022-03-28 15:58:00,False,True,SEP Event
3024,SEPSTER2D CME,min.100.0.max.-1.0.units.MeV,threshold.1.0.units.1 / (cm2 s sr),False,min.100.0.max.-1.0.units.MeV,threshold.1.0.units.1 / (cm2 s sr),model/SEPVAL2023_Europe/SEPSTER2D/jsons/sepster2D_20220402_1336_Parker_Spiral_2.5Rs_sep.json,2022-04-02 13:36:00,2022-04-02 16:11:00,True,False,No SEP Event
3025,SEPSTER2D CME,min.100.0.max.-1.0.units.MeV,threshold.1.0.units.1 / (cm2 s sr),False,min.100.0.max.-1.0.units.MeV,threshold.1.0.units.1 / (cm2 s sr),model/SEPVAL2023_Europe/SEPSTER2D/jsons/sepster2D_20220417_0348_Parker_Spiral_2.5Rs_nosep.json,2022-04-17 03:48:00,2022-04-18 12:17:00,True,True,No SEP Event
3026,SEPSTER2D CME,min.100.0.max.-1.0.units.MeV,threshold.1.0.units.1 / (cm2 s sr),False,min.100.0.max.-1.0.units.MeV,threshold.1.0.units.1 / (cm2 s sr),model/SEPVAL2023_Europe/SEPSTER2D/jsons/sepster2D_20220429_0736_Parker_Spiral_2.5Rs_nosep.json,2022-04-29 07:36:00,2022-04-29 11:12:00,True,True,No SEP Event
3027,SEPSTER2D CME,min.100.0.max.-1.0.units.MeV,threshold.1.0.units.1 / (cm2 s sr),False,min.100.0.max.-1.0.units.MeV,threshold.1.0.units.1 / (cm2 s sr),model/SEPVAL2023_Europe/SEPSTER2D/jsons/sepster2D_20220525_1836_Parker_Spiral_2.5Rs_nosep.json,2022-05-25 18:36:00,2022-05-25 22:31:00,True,True,No SEP Event
3028,SEPSTER2D CME,min.100.0.max.-1.0.units.MeV,threshold.1.0.units.1 / (cm2 s sr),False,min.100.0.max.-1.0.units.MeV,threshold.1.0.units.1 / (cm2 s sr),model/SEPVAL2023_Europe/SEPSTER2D/jsons/sepster2D_20220817_1436_Parker_Spiral_2.5Rs_nosep.json,2022-08-17 14:36:00,2022-08-17 19:36:00,True,True,No SEP Event
3029,SEPSTER2D CME,min.100.0.max.-1.0.units.MeV,threshold.1.0.units.1 / (cm2 s sr),False,min.100.0.max.-1.0.units.MeV,threshold.1.0.units.1 / (cm2 s sr),model/SEPVAL2023_Europe/SEPSTER2D/jsons/sepster2D_20220818_1100_Parker_Spiral_2.5Rs_nosep.json,2022-08-18 11:00:00,2022-08-18 15:41:00,True,True,No SEP Event
3030,SEPSTER2D CME,min.100.0.max.-1.0.units.MeV,threshold.1.0.units.1 / (cm2 s sr),False,min.100.0.max.-1.0.units.MeV,threshold.1.0.units.1 / (cm2 s sr),model/SEPVAL2023_Europe/SEPSTER2D/jsons/sepster2D_20220819_0449_Parker_Spiral_2.5Rs_nosep.json,2022-08-19 04:49:00,2022-08-19 08:45:00,True,True,No SEP Event
3031,SEPSTER2D CME,min.100.0.max.-1.0.units.MeV,threshold.1.0.units.1 / (cm2 s sr),False,min.100.0.max.-1.0.units.MeV,threshold.1.0.units.1 / (cm2 s sr),model/SEPVAL2023_Europe/SEPSTER2D/jsons/sepster2D_20220827_0224_Parker_Spiral_2.5Rs_sep.json,2022-08-27 02:24:00,2022-08-27 05:35:00,True,True,No SEP Event
3032,SEPSTER2D CME,min.100.0.max.-1.0.units.MeV,threshold.1.0.units.1 / (cm2 s sr),False,min.100.0.max.-1.0.units.MeV,threshold.1.0.units.1 / (cm2 s sr),model/SEPVAL2023_Europe/SEPSTER2D/jsons/sepster2D_20220829_1700_Parker_Spiral_2.5Rs_nosep.json,2022-08-29 17:00:00,2022-08-29 21:57:00,True,True,No SEP Event
3033,SEPSTER2D CME,min.100.0.max.-1.0.units.MeV,threshold.1.0.units.1 / (cm2 s sr),False,min.100.0.max.-1.0.units.MeV,threshold.1.0.units.1 / (cm2 s sr),model/SEPVAL2023_Europe/SEPSTER2D/jsons/sepster2D_20220830_1812_Parker_Spiral_2.5Rs_nosep.json,2022-08-30 18:12:00,2022-08-31 01:40:00,True,True,No SEP Event
3034,SEPSTER2D CME,min.100.0.max.-1.0.units.MeV,threshold.1.0.units.1 / (cm2 s sr),False,min.100.0.max.-1.0.units.MeV,threshold.1.0.units.1 / (cm2 s sr),model/SEPVAL2023_Europe/SEPSTER2D/jsons/sepster2D_20221201_0748_Parker_Spiral_2.5Rs_nosep.json,2022-12-01 07:48:00,2022-12-01 11:40:00,True,True,No SEP Event
3035,SEPSTER2D CME,min.100.0.max.-1.0.units.MeV,threshold.1.0.units.1 / (cm2 s sr),False,min.100.0.max.-1.0.units.MeV,threshold.1.0.units.1 / (cm2 s sr),model/SEPVAL2023_Europe/SEPSTER2D/jsons/sepster2D_20230225_1924_Parker_Spiral_2.5Rs_sep.json,2023-02-25 19:24:00,2023-02-25 22:15:00,True,True,No SEP Event
3036,SEPSTER2D CME,min.100.0.max.-1.0.units.MeV,threshold.1.0.units.1 / (cm2 s sr),False,min.100.0.max.-1.0.units.MeV,threshold.1.0.units.1 / (cm2 s sr),model/SEPVAL2023_Europe/SEPSTER2D/jsons/sepster2D_20230304_1536_Parker_Spiral_2.5Rs_nosep.json,2023-03-04 15:36:00,2023-03-04 20:28:00,True,True,No SEP Event
3037,SEPSTER2D CME,min.100.0.max.-1.0.units.MeV,threshold.1.0.units.1 / (cm2 s sr),False,min.100.0.max.-1.0.units.MeV,threshold.1.0.units.1 / (cm2 s sr),model/SEPVAL2023_Europe/SEPSTER2D/jsons/sepster2D_20230306_0312_Parker_Spiral_2.5Rs_nosep.json,2023-03-06 03:12:00,2023-03-06 06:18:00,True,True,No SEP Event
