,Model,Energy Channel Key,Threshold Key,Mismatch Allowed,Prediction Energy Channel Key,Prediction Threshold Key,Forecast Source,Prediction Window Start,Prediction Window End,Observed SEP All Clear,Predicted SEP All Clear,All Clear Match Status
8819,SPREAdFAST,min.30.0.max.-1.0.units.MeV,threshold.1.0.units.1 / (cm2 s sr),False,min.30.0.max.-1.0.units.MeV,threshold.1.0.units.1 / (cm2 s sr),model/SEPVAL2023_Europe/SPREAdFAST/jsons/SPREAdFAST_differential.2012-03-07T000000Z.2023-10-24T121205Z.json,2012-03-07,2012-03-08,False,False,SEP Event
8820,SPREAdFAST,min.30.0.max.-1.0.units.MeV,threshold.1.0.units.1 / (cm2 s sr),False,min.30.0.max.-1.0.units.MeV,threshold.1.0.units.1 / (cm2 s sr),model/SEPVAL2023_Europe/SPREAdFAST/jsons/SPREAdFAST_differential.2012-05-17T000000Z.2023-10-24T121224Z.json,2012-05-17,2012-05-18,False,False,SEP Event
8821,SPREAdFAST,min.30.0.max.-1.0.units.MeV,threshold.1.0.units.1 / (cm2 s sr),False,min.30.0.max.-1.0.units.MeV,threshold.1.0.units.1 / (cm2 s sr),model/SEPVAL2023_Europe/SPREAdFAST/jsons/SPREAdFAST_differential.2012-07-12T000000Z.2023-10-24T121238Z.json,2012-07-12,2012-07-13,False,False,SEP Event
8822,SPREAdFAST,min.30.0.max.-1.0.units.MeV,threshold.1.0.units.1 / (cm2 s sr),False,min.30.0.max.-1.0.units.MeV,threshold.1.0.units.1 / (cm2 s sr),model/SEPVAL2023_Europe/SPREAdFAST/jsons/SPREAdFAST_differential.2013-04-11T000000Z.2023-10-24T121251Z.json,2013-04-11,2013-04-12,False,False,SEP Event
8823,SPREAdFAST,min.30.0.max.-1.0.units.MeV,threshold.1.0.units.1 / (cm2 s sr),False,min.30.0.max.-1.0.units.MeV,threshold.1.0.units.1 / (cm2 s sr),model/SEPVAL2023_Europe/SPREAdFAST/jsons/SPREAdFAST_differential.2014-01-06T000000Z.2023-10-24T121306Z.json,2014-01-06,2014-01-07,False,False,SEP Event
8824,SPREAdFAST,min.30.0.max.-1.0.units.MeV,threshold.1.0.units.1 / (cm2 s sr),False,min.30.0.max.-1.0.units.MeV,threshold.1.0.units.1 / (cm2 s sr),model/SEPVAL2023_Europe/SPREAdFAST/jsons/SPREAdFAST_differential.2017-07-14T000000Z.2023-10-24T121331Z.json,2017-07-14,2017-07-15,True,True,No SEP Event
8825,SPREAdFAST,min.30.0.max.-1.0.units.MeV,threshold.1.0.units.1 / (cm2 s sr),False,min.30.0.max.-1.0.units.MeV,threshold.1.0.units.1 / (cm2 s sr),model/SEPVAL2023_Europe/SPREAdFAST/jsons/SPREAdFAST_differential.2017-09-04T000000Z.2023-10-24T121346Z.json,2017-09-04,2017-09-05,True,True,No SEP Event
8826,SPREAdFAST,min.30.0.max.-1.0.units.MeV,threshold.1.0.units.1 / (cm2 s sr),False,min.30.0.max.-1.0.units.MeV,threshold.1.0.units.1 / (cm2 s sr),model/SEPVAL2023_Europe/SPREAdFAST/jsons/SPREAdFAST_differential.2017-09-06T000000Z.2023-10-24T121358Z.json,2017-09-06,2017-09-07,False,False,SEP Event
