,Model,Energy Channel Key,Threshold Key,Mismatch Allowed,Prediction Energy Channel Key,Prediction Threshold Key,Forecast Source,Prediction Window Start,Prediction Window End,Observed SEP All Clear,Predicted SEP All Clear,All Clear Match Status
8488,Lavasa,min.10.0.max.-1.0.units.MeV,threshold.10.0.units.1 / (cm2 s sr),False,min.10.0.max.-1.0.units.MeV,threshold.10.0.units.1 / (cm2 s sr),model/SEPVAL2023_Europe/Lavasa/SEPVAL_2023_NONevents_predictions_Lavasa/Lavasa_2011_05_09.json,2011-05-09,2011-05-10 00:00:00,True,True,No SEP Event
8489,Lavasa,min.10.0.max.-1.0.units.MeV,threshold.10.0.units.1 / (cm2 s sr),False,min.10.0.max.-1.0.units.MeV,threshold.10.0.units.1 / (cm2 s sr),model/SEPVAL2023_Europe/Lavasa/SEPVAL_2023_NONevents_predictions_Lavasa/Lavasa_2012_03_04.json,2012-03-04,2012-03-05 00:00:00,True,True,No SEP Event
8490,Lavasa,min.10.0.max.-1.0.units.MeV,threshold.10.0.units.1 / (cm2 s sr),False,min.10.0.max.-1.0.units.MeV,threshold.10.0.units.1 / (cm2 s sr),model/SEPVAL2023_Europe/Lavasa/SEPVAL_2023_NONevents_predictions_Lavasa/Lavasa_2012_03_05.json,2012-03-05,2012-03-06 00:00:00,True,False,No SEP Event
8491,Lavasa,min.10.0.max.-1.0.units.MeV,threshold.10.0.units.1 / (cm2 s sr),False,min.10.0.max.-1.0.units.MeV,threshold.10.0.units.1 / (cm2 s sr),model/SEPVAL2023_Europe/Lavasa/SEPVAL_2023_NONevents_predictions_Lavasa/Lavasa_2012_06_13.json,2012-06-13,2012-06-14 00:00:00,True,True,No SEP Event
8492,Lavasa,min.10.0.max.-1.0.units.MeV,threshold.10.0.units.1 / (cm2 s sr),False,min.10.0.max.-1.0.units.MeV,threshold.10.0.units.1 / (cm2 s sr),model/SEPVAL2023_Europe/Lavasa/SEPVAL_2023_NONevents_predictions_Lavasa/Lavasa_2012_06_29.json,2012-06-29,2012-06-30 00:00:00,True,True,No SEP Event
8493,Lavasa,min.10.0.max.-1.0.units.MeV,threshold.10.0.units.1 / (cm2 s sr),False,min.10.0.max.-1.0.units.MeV,threshold.10.0.units.1 / (cm2 s sr),model/SEPVAL2023_Europe/Lavasa/SEPVAL_2023_NONevents_predictions_Lavasa/Lavasa_2013_06_07.json,2013-06-07,2013-06-08 00:00:00,True,True,No SEP Event
8494,Lavasa,min.10.0.max.-1.0.units.MeV,threshold.10.0.units.1 / (cm2 s sr),False,min.10.0.max.-1.0.units.MeV,threshold.10.0.units.1 / (cm2 s sr),model/SEPVAL2023_Europe/Lavasa/SEPVAL_2023_NONevents_predictions_Lavasa/Lavasa_2013_06_28.json,2013-06-28,2013-06-29 00:00:00,True,True,No SEP Event
8495,Lavasa,min.10.0.max.-1.0.units.MeV,threshold.10.0.units.1 / (cm2 s sr),False,min.10.0.max.-1.0.units.MeV,threshold.10.0.units.1 / (cm2 s sr),model/SEPVAL2023_Europe/Lavasa/SEPVAL_2023_NONevents_predictions_Lavasa/Lavasa_2014_08_01.json,2014-08-01,2014-08-02 00:00:00,True,True,No SEP Event
8496,Lavasa,min.10.0.max.-1.0.units.MeV,threshold.10.0.units.1 / (cm2 s sr),False,min.10.0.max.-1.0.units.MeV,threshold.10.0.units.1 / (cm2 s sr),model/SEPVAL2023_Europe/Lavasa/SEPVAL_2023_NONevents_predictions_Lavasa/Lavasa_2014_10_24.json,2014-10-24,2014-10-25 00:00:00,True,True,No SEP Event
8497,Lavasa,min.10.0.max.-1.0.units.MeV,threshold.10.0.units.1 / (cm2 s sr),False,min.10.0.max.-1.0.units.MeV,threshold.10.0.units.1 / (cm2 s sr),model/SEPVAL2023_Europe/Lavasa/SEPVAL_2023_NONevents_predictions_Lavasa/Lavasa_2014_11_06.json,2014-11-06,2014-11-07 00:00:00,True,True,No SEP Event
8498,Lavasa,min.10.0.max.-1.0.units.MeV,threshold.10.0.units.1 / (cm2 s sr),False,min.10.0.max.-1.0.units.MeV,threshold.10.0.units.1 / (cm2 s sr),model/SEPVAL2023_Europe/Lavasa/SEPVAL_2023_NONevents_predictions_Lavasa/Lavasa_2014_11_07.json,2014-11-07,2014-11-08 00:00:00,True,True,No SEP Event
8499,Lavasa,min.10.0.max.-1.0.units.MeV,threshold.10.0.units.1 / (cm2 s sr),False,min.10.0.max.-1.0.units.MeV,threshold.10.0.units.1 / (cm2 s sr),model/SEPVAL2023_Europe/Lavasa/SEPVAL_2023_NONevents_predictions_Lavasa/Lavasa_2014_12_17.json,2014-12-17,2014-12-18 00:00:00,True,True,No SEP Event
8500,Lavasa,min.10.0.max.-1.0.units.MeV,threshold.10.0.units.1 / (cm2 s sr),False,min.10.0.max.-1.0.units.MeV,threshold.10.0.units.1 / (cm2 s sr),model/SEPVAL2023_Europe/Lavasa/SEPVAL_2023_NONevents_predictions_Lavasa/Lavasa_2014_12_18.json,2014-12-18,2014-12-19 00:00:00,True,False,No SEP Event
8501,Lavasa,min.10.0.max.-1.0.units.MeV,threshold.10.0.units.1 / (cm2 s sr),False,min.10.0.max.-1.0.units.MeV,threshold.10.0.units.1 / (cm2 s sr),model/SEPVAL2023_Europe/Lavasa/SEPVAL_2023_NONevents_predictions_Lavasa/Lavasa_2015_03_09.json,2015-03-09,2015-03-10 00:00:00,True,True,No SEP Event
8502,Lavasa,min.10.0.max.-1.0.units.MeV,threshold.10.0.units.1 / (cm2 s sr),False,min.10.0.max.-1.0.units.MeV,threshold.10.0.units.1 / (cm2 s sr),model/SEPVAL2023_Europe/Lavasa/SEPVAL_2023_NONevents_predictions_Lavasa/Lavasa_2016_07_23.json,2016-07-23,2016-07-24 00:00:00,True,True,No SEP Event
8503,Lavasa,min.10.0.max.-1.0.units.MeV,threshold.10.0.units.1 / (cm2 s sr),False,min.10.0.max.-1.0.units.MeV,threshold.10.0.units.1 / (cm2 s sr),model/SEPVAL2023_Europe/Lavasa/SEPVAL_2023_NONevents_predictions_Lavasa/Lavasa_2021_11_01.json,2021-11-01,2021-11-02 00:00:00,True,True,No SEP Event
8504,Lavasa,min.10.0.max.-1.0.units.MeV,threshold.10.0.units.1 / (cm2 s sr),False,min.10.0.max.-1.0.units.MeV,threshold.10.0.units.1 / (cm2 s sr),model/SEPVAL2023_Europe/Lavasa/SEPVAL_2023_NONevents_predictions_Lavasa/Lavasa_2021_11_02.json,2021-11-02,2021-11-03 00:00:00,True,False,No SEP Event
8505,Lavasa,min.10.0.max.-1.0.units.MeV,threshold.10.0.units.1 / (cm2 s sr),False,min.10.0.max.-1.0.units.MeV,threshold.10.0.units.1 / (cm2 s sr),model/SEPVAL2023_Europe/Lavasa/SEPVAL_2023_NONevents_predictions_Lavasa/Lavasa_2022_01_18.json,2022-01-18,2022-01-19 00:00:00,True,True,No SEP Event
8506,Lavasa,min.10.0.max.-1.0.units.MeV,threshold.10.0.units.1 / (cm2 s sr),False,min.10.0.max.-1.0.units.MeV,threshold.10.0.units.1 / (cm2 s sr),model/SEPVAL2023_Europe/Lavasa/SEPVAL_2023_NONevents_predictions_Lavasa/Lavasa_2022_04_17.json,2022-04-17,2022-04-18 00:00:00,True,True,No SEP Event
8507,Lavasa,min.10.0.max.-1.0.units.MeV,threshold.10.0.units.1 / (cm2 s sr),False,min.10.0.max.-1.0.units.MeV,threshold.10.0.units.1 / (cm2 s sr),model/SEPVAL2023_Europe/Lavasa/SEPVAL_2023_NONevents_predictions_Lavasa/Lavasa_2022_04_20.json,2022-04-20,2022-04-21 00:00:00,True,True,No SEP Event
8508,Lavasa,min.10.0.max.-1.0.units.MeV,threshold.10.0.units.1 / (cm2 s sr),False,min.10.0.max.-1.0.units.MeV,threshold.10.0.units.1 / (cm2 s sr),model/SEPVAL2023_Europe/Lavasa/SEPVAL_2023_NONevents_predictions_Lavasa/Lavasa_2022_04_29.json,2022-04-29,2022-04-30 00:00:00,True,True,No SEP Event
8509,Lavasa,min.10.0.max.-1.0.units.MeV,threshold.10.0.units.1 / (cm2 s sr),False,min.10.0.max.-1.0.units.MeV,threshold.10.0.units.1 / (cm2 s sr),model/SEPVAL2023_Europe/Lavasa/SEPVAL_2023_NONevents_predictions_Lavasa/Lavasa_2022_05_25.json,2022-05-25,2022-05-26 00:00:00,True,True,No SEP Event
8510,Lavasa,min.10.0.max.-1.0.units.MeV,threshold.10.0.units.1 / (cm2 s sr),False,min.10.0.max.-1.0.units.MeV,threshold.10.0.units.1 / (cm2 s sr),model/SEPVAL2023_Europe/Lavasa/SEPVAL_2023_NONevents_predictions_Lavasa/Lavasa_2022_08_17.json,2022-08-17,2022-08-18 00:00:00,True,True,No SEP Event
8511,Lavasa,min.10.0.max.-1.0.units.MeV,threshold.10.0.units.1 / (cm2 s sr),False,min.10.0.max.-1.0.units.MeV,threshold.10.0.units.1 / (cm2 s sr),model/SEPVAL2023_Europe/Lavasa/SEPVAL_2023_NONevents_predictions_Lavasa/Lavasa_2022_08_18.json,2022-08-18,2022-08-19 00:00:00,True,True,No SEP Event
8512,Lavasa,min.10.0.max.-1.0.units.MeV,threshold.10.0.units.1 / (cm2 s sr),False,min.10.0.max.-1.0.units.MeV,threshold.10.0.units.1 / (cm2 s sr),model/SEPVAL2023_Europe/Lavasa/SEPVAL_2023_NONevents_predictions_Lavasa/Lavasa_2022_08_19.json,2022-08-19,2022-08-20 00:00:00,True,True,No SEP Event
8513,Lavasa,min.10.0.max.-1.0.units.MeV,threshold.10.0.units.1 / (cm2 s sr),False,min.10.0.max.-1.0.units.MeV,threshold.10.0.units.1 / (cm2 s sr),model/SEPVAL2023_Europe/Lavasa/SEPVAL_2023_NONevents_predictions_Lavasa/Lavasa_2022_08_30.json,2022-08-30,2022-08-31 00:00:00,True,False,No SEP Event
8514,Lavasa,min.10.0.max.-1.0.units.MeV,threshold.10.0.units.1 / (cm2 s sr),False,min.10.0.max.-1.0.units.MeV,threshold.10.0.units.1 / (cm2 s sr),model/SEPVAL2023_Europe/Lavasa/SEPVAL_2023_NONevents_predictions_Lavasa/Lavasa_2022_12_01.json,2022-12-01,2022-12-02 00:00:00,True,True,No SEP Event
8515,Lavasa,min.10.0.max.-1.0.units.MeV,threshold.10.0.units.1 / (cm2 s sr),False,min.10.0.max.-1.0.units.MeV,threshold.10.0.units.1 / (cm2 s sr),model/SEPVAL2023_Europe/Lavasa/SEPVAL_2023_NONevents_predictions_Lavasa/Lavasa_2023_03_04.json,2023-03-04,2023-03-05 00:00:00,True,False,No SEP Event
8516,Lavasa,min.10.0.max.-1.0.units.MeV,threshold.10.0.units.1 / (cm2 s sr),False,min.10.0.max.-1.0.units.MeV,threshold.10.0.units.1 / (cm2 s sr),model/SEPVAL2023_Europe/Lavasa/SEPVAL_2023_NONevents_predictions_Lavasa/Lavasa_2023_03_06.json,2023-03-06,2023-03-07 00:00:00,True,True,No SEP Event
8517,Lavasa,min.10.0.max.-1.0.units.MeV,threshold.10.0.units.1 / (cm2 s sr),False,min.10.0.max.-1.0.units.MeV,threshold.10.0.units.1 / (cm2 s sr),model/SEPVAL2023_Europe/Lavasa/SEPVAL_2023_SEPevents_predictions_Lavasa/Lavasa_2011_03_08.json,2011-03-08,2011-03-09 00:00:00,False,False,SEP Event
8518,Lavasa,min.10.0.max.-1.0.units.MeV,threshold.10.0.units.1 / (cm2 s sr),False,min.10.0.max.-1.0.units.MeV,threshold.10.0.units.1 / (cm2 s sr),model/SEPVAL2023_Europe/Lavasa/SEPVAL_2023_SEPevents_predictions_Lavasa/Lavasa_2011_06_07.json,2011-06-07,2011-06-08 00:00:00,False,False,SEP Event
8519,Lavasa,min.10.0.max.-1.0.units.MeV,threshold.10.0.units.1 / (cm2 s sr),False,min.10.0.max.-1.0.units.MeV,threshold.10.0.units.1 / (cm2 s sr),model/SEPVAL2023_Europe/Lavasa/SEPVAL_2023_SEPevents_predictions_Lavasa/Lavasa_2011_08_04.json,2011-08-04,2011-08-05 00:00:00,False,False,SEP Event
8520,Lavasa,min.10.0.max.-1.0.units.MeV,threshold.10.0.units.1 / (cm2 s sr),False,min.10.0.max.-1.0.units.MeV,threshold.10.0.units.1 / (cm2 s sr),model/SEPVAL2023_Europe/Lavasa/SEPVAL_2023_SEPevents_predictions_Lavasa/Lavasa_2011_08_09.json,2011-08-09,2011-08-10 00:00:00,False,False,SEP Event
8521,Lavasa,min.10.0.max.-1.0.units.MeV,threshold.10.0.units.1 / (cm2 s sr),False,min.10.0.max.-1.0.units.MeV,threshold.10.0.units.1 / (cm2 s sr),model/SEPVAL2023_Europe/Lavasa/SEPVAL_2023_SEPevents_predictions_Lavasa/Lavasa_2012_01_23.json,2012-01-23,2012-01-24 00:00:00,False,False,SEP Event
8522,Lavasa,min.10.0.max.-1.0.units.MeV,threshold.10.0.units.1 / (cm2 s sr),False,min.10.0.max.-1.0.units.MeV,threshold.10.0.units.1 / (cm2 s sr),model/SEPVAL2023_Europe/Lavasa/SEPVAL_2023_SEPevents_predictions_Lavasa/Lavasa_2012_01_27.json,2012-01-27,2012-01-28 00:00:00,False,False,SEP Event
8523,Lavasa,min.10.0.max.-1.0.units.MeV,threshold.10.0.units.1 / (cm2 s sr),False,min.10.0.max.-1.0.units.MeV,threshold.10.0.units.1 / (cm2 s sr),model/SEPVAL2023_Europe/Lavasa/SEPVAL_2023_SEPevents_predictions_Lavasa/Lavasa_2012_03_07.json,2012-03-07,2012-03-08 00:00:00,False,False,SEP Event
8524,Lavasa,min.10.0.max.-1.0.units.MeV,threshold.10.0.units.1 / (cm2 s sr),False,min.10.0.max.-1.0.units.MeV,threshold.10.0.units.1 / (cm2 s sr),model/SEPVAL2023_Europe/Lavasa/SEPVAL_2023_SEPevents_predictions_Lavasa/Lavasa_2012_03_13.json,2012-03-13,2012-03-14 00:00:00,False,False,SEP Event
8525,Lavasa,min.10.0.max.-1.0.units.MeV,threshold.10.0.units.1 / (cm2 s sr),False,min.10.0.max.-1.0.units.MeV,threshold.10.0.units.1 / (cm2 s sr),model/SEPVAL2023_Europe/Lavasa/SEPVAL_2023_SEPevents_predictions_Lavasa/Lavasa_2012_05_17.json,2012-05-17,2012-05-18 00:00:00,False,False,SEP Event
8526,Lavasa,min.10.0.max.-1.0.units.MeV,threshold.10.0.units.1 / (cm2 s sr),False,min.10.0.max.-1.0.units.MeV,threshold.10.0.units.1 / (cm2 s sr),model/SEPVAL2023_Europe/Lavasa/SEPVAL_2023_SEPevents_predictions_Lavasa/Lavasa_2012_07_07.json,2012-07-07,2012-07-08 00:00:00,False,False,SEP Event
8527,Lavasa,min.10.0.max.-1.0.units.MeV,threshold.10.0.units.1 / (cm2 s sr),False,min.10.0.max.-1.0.units.MeV,threshold.10.0.units.1 / (cm2 s sr),model/SEPVAL2023_Europe/Lavasa/SEPVAL_2023_SEPevents_predictions_Lavasa/Lavasa_2012_07_12.json,2012-07-12,2012-07-13 00:00:00,False,False,SEP Event
8528,Lavasa,min.10.0.max.-1.0.units.MeV,threshold.10.0.units.1 / (cm2 s sr),False,min.10.0.max.-1.0.units.MeV,threshold.10.0.units.1 / (cm2 s sr),model/SEPVAL2023_Europe/Lavasa/SEPVAL_2023_SEPevents_predictions_Lavasa/Lavasa_2012_09_28.json,2012-09-28,2012-09-29 00:00:00,False,True,SEP Event
8529,Lavasa,min.10.0.max.-1.0.units.MeV,threshold.10.0.units.1 / (cm2 s sr),False,min.10.0.max.-1.0.units.MeV,threshold.10.0.units.1 / (cm2 s sr),model/SEPVAL2023_Europe/Lavasa/SEPVAL_2023_SEPevents_predictions_Lavasa/Lavasa_2013_04_11.json,2013-04-11,2013-04-12 00:00:00,False,True,SEP Event
8530,Lavasa,min.10.0.max.-1.0.units.MeV,threshold.10.0.units.1 / (cm2 s sr),False,min.10.0.max.-1.0.units.MeV,threshold.10.0.units.1 / (cm2 s sr),model/SEPVAL2023_Europe/Lavasa/SEPVAL_2023_SEPevents_predictions_Lavasa/Lavasa_2013_05_22.json,2013-05-22,2013-05-23 00:00:00,False,False,SEP Event
8531,Lavasa,min.10.0.max.-1.0.units.MeV,threshold.10.0.units.1 / (cm2 s sr),False,min.10.0.max.-1.0.units.MeV,threshold.10.0.units.1 / (cm2 s sr),model/SEPVAL2023_Europe/Lavasa/SEPVAL_2023_SEPevents_predictions_Lavasa/Lavasa_2014_01_07.json,2014-01-07,2014-01-08 00:00:00,False,False,SEP Event
8532,Lavasa,min.10.0.max.-1.0.units.MeV,threshold.10.0.units.1 / (cm2 s sr),False,min.10.0.max.-1.0.units.MeV,threshold.10.0.units.1 / (cm2 s sr),model/SEPVAL2023_Europe/Lavasa/SEPVAL_2023_SEPevents_predictions_Lavasa/Lavasa_2014_02_25.json,2014-02-25,2014-02-26 00:00:00,False,True,SEP Event
8533,Lavasa,min.10.0.max.-1.0.units.MeV,threshold.10.0.units.1 / (cm2 s sr),False,min.10.0.max.-1.0.units.MeV,threshold.10.0.units.1 / (cm2 s sr),model/SEPVAL2023_Europe/Lavasa/SEPVAL_2023_SEPevents_predictions_Lavasa/Lavasa_2014_04_18.json,2014-04-18,2014-04-19 00:00:00,False,False,SEP Event
8534,Lavasa,min.10.0.max.-1.0.units.MeV,threshold.10.0.units.1 / (cm2 s sr),False,min.10.0.max.-1.0.units.MeV,threshold.10.0.units.1 / (cm2 s sr),model/SEPVAL2023_Europe/Lavasa/SEPVAL_2023_SEPevents_predictions_Lavasa/Lavasa_2014_09_11.json,2014-09-11,2014-09-12 00:00:00,False,False,SEP Event
8535,Lavasa,min.10.0.max.-1.0.units.MeV,threshold.10.0.units.1 / (cm2 s sr),False,min.10.0.max.-1.0.units.MeV,threshold.10.0.units.1 / (cm2 s sr),model/SEPVAL2023_Europe/Lavasa/SEPVAL_2023_SEPevents_predictions_Lavasa/Lavasa_2017_07_14.json,2017-07-14,2017-07-15 00:00:00,False,False,SEP Event
8536,Lavasa,min.10.0.max.-1.0.units.MeV,threshold.10.0.units.1 / (cm2 s sr),False,min.10.0.max.-1.0.units.MeV,threshold.10.0.units.1 / (cm2 s sr),model/SEPVAL2023_Europe/Lavasa/SEPVAL_2023_SEPevents_predictions_Lavasa/Lavasa_2017_09_04.json,2017-09-04,2017-09-05 12:00:00,False,True,SEP Event
8537,Lavasa,min.10.0.max.-1.0.units.MeV,threshold.10.0.units.1 / (cm2 s sr),False,min.10.0.max.-1.0.units.MeV,threshold.10.0.units.1 / (cm2 s sr),model/SEPVAL2023_Europe/Lavasa/SEPVAL_2023_SEPevents_predictions_Lavasa/Lavasa_2017_09_04_orig.json,2017-09-04,2017-09-05 00:00:00,True,True,No SEP Event
8539,Lavasa,min.10.0.max.-1.0.units.MeV,threshold.10.0.units.1 / (cm2 s sr),False,min.10.0.max.-1.0.units.MeV,threshold.10.0.units.1 / (cm2 s sr),model/SEPVAL2023_Europe/Lavasa/SEPVAL_2023_SEPevents_predictions_Lavasa/Lavasa_2017_09_10.json,2017-09-10,2017-09-11 00:00:00,False,False,SEP Event
8540,Lavasa,min.10.0.max.-1.0.units.MeV,threshold.10.0.units.1 / (cm2 s sr),False,min.10.0.max.-1.0.units.MeV,threshold.10.0.units.1 / (cm2 s sr),model/SEPVAL2023_Europe/Lavasa/SEPVAL_2023_SEPevents_predictions_Lavasa/Lavasa_2021_05_29.json,2021-05-29,2021-05-30 00:00:00,False,False,SEP Event
8541,Lavasa,min.10.0.max.-1.0.units.MeV,threshold.10.0.units.1 / (cm2 s sr),False,min.10.0.max.-1.0.units.MeV,threshold.10.0.units.1 / (cm2 s sr),model/SEPVAL2023_Europe/Lavasa/SEPVAL_2023_SEPevents_predictions_Lavasa/Lavasa_2021_10_28.json,2021-10-28,2021-10-29 00:00:00,False,False,SEP Event
8542,Lavasa,min.10.0.max.-1.0.units.MeV,threshold.10.0.units.1 / (cm2 s sr),False,min.10.0.max.-1.0.units.MeV,threshold.10.0.units.1 / (cm2 s sr),model/SEPVAL2023_Europe/Lavasa/SEPVAL_2023_SEPevents_predictions_Lavasa/Lavasa_2022_01_20.json,2022-01-20,2022-01-21 00:00:00,False,True,SEP Event
8543,Lavasa,min.10.0.max.-1.0.units.MeV,threshold.10.0.units.1 / (cm2 s sr),False,min.10.0.max.-1.0.units.MeV,threshold.10.0.units.1 / (cm2 s sr),model/SEPVAL2023_Europe/Lavasa/SEPVAL_2023_SEPevents_predictions_Lavasa/Lavasa_2022_03_28.json,2022-03-28,2022-03-29 00:00:00,False,True,SEP Event
8544,Lavasa,min.10.0.max.-1.0.units.MeV,threshold.10.0.units.1 / (cm2 s sr),False,min.10.0.max.-1.0.units.MeV,threshold.10.0.units.1 / (cm2 s sr),model/SEPVAL2023_Europe/Lavasa/SEPVAL_2023_SEPevents_predictions_Lavasa/Lavasa_2022_04_02.json,2022-04-02,2022-04-03 00:00:00,False,False,SEP Event
8545,Lavasa,min.10.0.max.-1.0.units.MeV,threshold.10.0.units.1 / (cm2 s sr),False,min.10.0.max.-1.0.units.MeV,threshold.10.0.units.1 / (cm2 s sr),model/SEPVAL2023_Europe/Lavasa/SEPVAL_2023_SEPevents_predictions_Lavasa/Lavasa_2022_08_27.json,2022-08-27,2022-08-28 00:00:00,False,False,SEP Event
8546,Lavasa,min.10.0.max.-1.0.units.MeV,threshold.10.0.units.1 / (cm2 s sr),False,min.10.0.max.-1.0.units.MeV,threshold.10.0.units.1 / (cm2 s sr),model/SEPVAL2023_Europe/Lavasa/SEPVAL_2023_SEPevents_predictions_Lavasa/Lavasa_2023_02_25.json,2023-02-25,2023-02-26 00:00:00,False,False,SEP Event
