,Model,Energy Channel Key,Threshold Key,Mismatch Allowed,Prediction Energy Channel Key,Prediction Threshold Key,Forecast Source,Prediction Window Start,Prediction Window End,Observed SEP All Clear,Predicted SEP All Clear,All Clear Match Status
8547,SEPSTER (Parker Spiral),min.10.0.max.-1.0.units.MeV,threshold.10.0.units.1 / (cm2 s sr),False,min.10.0.max.-1.0.units.MeV,threshold.10.0.units.1 / (cm2 s sr),model/SEPVAL2023_Europe/SEPSTER/sepster_20110307_2012_1980_Parker_Spiral_iss_20110307_2140.json,2011-03-07 20:12:00,2011-03-08 03:34:00,False,False,SEP Event
8548,SEPSTER (Parker Spiral),min.10.0.max.-1.0.units.MeV,threshold.10.0.units.1 / (cm2 s sr),False,min.10.0.max.-1.0.units.MeV,threshold.10.0.units.1 / (cm2 s sr),model/SEPVAL2023_Europe/SEPSTER/sepster_20110509_2100_0776_Parker_Spiral_iss_20110510_0059.json,2011-05-09 21:00:00,2011-05-11 03:31:00,True,True,No SEP Event
8549,SEPSTER (Parker Spiral),min.10.0.max.-1.0.units.MeV,threshold.10.0.units.1 / (cm2 s sr),False,min.10.0.max.-1.0.units.MeV,threshold.10.0.units.1 / (cm2 s sr),model/SEPVAL2023_Europe/SEPSTER/sepster_20110607_0650_1400_Parker_Spiral_iss_20110607_0902.json,2011-06-07 06:50:00,2011-06-07 14:33:00,False,False,SEP Event
8550,SEPSTER (Parker Spiral),min.10.0.max.-1.0.units.MeV,threshold.10.0.units.1 / (cm2 s sr),False,min.10.0.max.-1.0.units.MeV,threshold.10.0.units.1 / (cm2 s sr),model/SEPVAL2023_Europe/SEPSTER/sepster_20110804_0410_1950_Parker_Spiral_iss_20110804_0545.json,2011-08-04 04:10:00,2011-08-04 13:11:00,False,False,SEP Event
8551,SEPSTER (Parker Spiral),min.10.0.max.-1.0.units.MeV,threshold.10.0.units.1 / (cm2 s sr),False,min.10.0.max.-1.0.units.MeV,threshold.10.0.units.1 / (cm2 s sr),model/SEPVAL2023_Europe/SEPSTER/sepster_20110809_0830_1175_Parker_Spiral_iss_20110809_1109.json,2011-08-09 08:30:00,2011-08-09 17:36:00,False,True,SEP Event
8552,SEPSTER (Parker Spiral),min.10.0.max.-1.0.units.MeV,threshold.10.0.units.1 / (cm2 s sr),False,min.10.0.max.-1.0.units.MeV,threshold.10.0.units.1 / (cm2 s sr),model/SEPVAL2023_Europe/SEPSTER/sepster_20120123_0400_2211_Parker_Spiral_iss_20120123_0520.json,2012-01-23 04:00:00,2012-01-23 13:04:00,False,False,SEP Event
8553,SEPSTER (Parker Spiral),min.10.0.max.-1.0.units.MeV,threshold.10.0.units.1 / (cm2 s sr),False,min.10.0.max.-1.0.units.MeV,threshold.10.0.units.1 / (cm2 s sr),model/SEPVAL2023_Europe/SEPSTER/sepster_20120127_1639_2200_Parker_Spiral_iss_20120127_2000.json,2012-01-27 16:39:00,2012-01-28 02:20:00,False,False,SEP Event
8554,SEPSTER (Parker Spiral),min.10.0.max.-1.0.units.MeV,threshold.10.0.units.1 / (cm2 s sr),False,min.10.0.max.-1.0.units.MeV,threshold.10.0.units.1 / (cm2 s sr),model/SEPVAL2023_Europe/SEPSTER/sepster_20120304_1124_1540_Parker_Spiral_iss_20120304_1322.json,2012-03-04 11:24:00,2012-03-05 06:36:00,True,True,No SEP Event
8555,SEPSTER (Parker Spiral),min.10.0.max.-1.0.units.MeV,threshold.10.0.units.1 / (cm2 s sr),False,min.10.0.max.-1.0.units.MeV,threshold.10.0.units.1 / (cm2 s sr),model/SEPVAL2023_Europe/SEPSTER/sepster_20120305_0400_1363_Parker_Spiral_iss_20120305_0623.json,2012-03-05 04:00:00,2012-03-06 03:38:00,True,True,No SEP Event
8556,SEPSTER (Parker Spiral),min.10.0.max.-1.0.units.MeV,threshold.10.0.units.1 / (cm2 s sr),False,min.10.0.max.-1.0.units.MeV,threshold.10.0.units.1 / (cm2 s sr),model/SEPVAL2023_Europe/SEPSTER/sepster_20120307_0036_2809_Parker_Spiral_iss_20120307_0138.json,2012-03-07 00:36:00,2012-03-07 16:31:00,False,False,SEP Event
8557,SEPSTER (Parker Spiral),min.10.0.max.-1.0.units.MeV,threshold.10.0.units.1 / (cm2 s sr),False,min.10.0.max.-1.0.units.MeV,threshold.10.0.units.1 / (cm2 s sr),model/SEPVAL2023_Europe/SEPSTER/sepster_20120307_0125_2040_Parker_Spiral_iss_20120307_0220.json,2012-03-07 01:25:00,2012-03-07 16:44:00,False,False,SEP Event
8558,SEPSTER (Parker Spiral),min.10.0.max.-1.0.units.MeV,threshold.10.0.units.1 / (cm2 s sr),False,min.10.0.max.-1.0.units.MeV,threshold.10.0.units.1 / (cm2 s sr),model/SEPVAL2023_Europe/SEPSTER/sepster_20120313_1752_2250_Parker_Spiral_iss_20120313_1855.json,2012-03-13 17:52:00,2012-03-14 01:27:00,False,False,SEP Event
8559,SEPSTER (Parker Spiral),min.10.0.max.-1.0.units.MeV,threshold.10.0.units.1 / (cm2 s sr),False,min.10.0.max.-1.0.units.MeV,threshold.10.0.units.1 / (cm2 s sr),model/SEPVAL2023_Europe/SEPSTER/sepster_20120517_0148_1263_Parker_Spiral_iss_20120517_0330.json,2012-05-17 01:48:00,2012-05-17 09:58:00,False,False,SEP Event
8560,SEPSTER (Parker Spiral),min.10.0.max.-1.0.units.MeV,threshold.10.0.units.1 / (cm2 s sr),False,min.10.0.max.-1.0.units.MeV,threshold.10.0.units.1 / (cm2 s sr),model/SEPVAL2023_Europe/SEPSTER/sepster_20120613_1400_0643_Parker_Spiral_iss_20120613_1954.json,2012-06-13 14:00:00,2012-06-14 04:51:00,True,True,No SEP Event
8561,SEPSTER (Parker Spiral),min.10.0.max.-1.0.units.MeV,threshold.10.0.units.1 / (cm2 s sr),False,min.10.0.max.-1.0.units.MeV,threshold.10.0.units.1 / (cm2 s sr),model/SEPVAL2023_Europe/SEPSTER/sepster_20120629_0939_1344_Parker_Spiral_iss_20120629_1203.json,2012-06-29 09:39:00,2012-06-30 00:46:00,True,True,No SEP Event
8562,SEPSTER (Parker Spiral),min.10.0.max.-1.0.units.MeV,threshold.10.0.units.1 / (cm2 s sr),False,min.10.0.max.-1.0.units.MeV,threshold.10.0.units.1 / (cm2 s sr),model/SEPVAL2023_Europe/SEPSTER/sepster_20120706_2312_1200_Parker_Spiral_iss_20120707_0235.json,2012-07-06 23:12:00,2012-07-07 07:45:00,False,False,SEP Event
8563,SEPSTER (Parker Spiral),min.10.0.max.-1.0.units.MeV,threshold.10.0.units.1 / (cm2 s sr),False,min.10.0.max.-1.0.units.MeV,threshold.10.0.units.1 / (cm2 s sr),model/SEPVAL2023_Europe/SEPSTER/sepster_20120712_1654_1400_Parker_Spiral_iss_20120712_1935.json,2012-07-12 16:54:00,2012-07-13 05:35:00,False,False,SEP Event
8564,SEPSTER (Parker Spiral),min.10.0.max.-1.0.units.MeV,threshold.10.0.units.1 / (cm2 s sr),False,min.10.0.max.-1.0.units.MeV,threshold.10.0.units.1 / (cm2 s sr),model/SEPVAL2023_Europe/SEPSTER/sepster_20120723_0236_2395_Parker_Spiral_iss_20120723_0400.json,2012-07-23 02:36:00,2012-07-23 17:08:00,False,False,SEP Event
8565,SEPSTER (Parker Spiral),min.10.0.max.-1.0.units.MeV,threshold.10.0.units.1 / (cm2 s sr),False,min.10.0.max.-1.0.units.MeV,threshold.10.0.units.1 / (cm2 s sr),model/SEPVAL2023_Europe/SEPSTER/sepster_20120928_0225_1252_Parker_Spiral_iss_20120928_0235.json,2012-09-28 02:25:00,2012-09-28 12:13:00,False,False,SEP Event
8566,SEPSTER (Parker Spiral),min.10.0.max.-1.0.units.MeV,threshold.10.0.units.1 / (cm2 s sr),False,min.10.0.max.-1.0.units.MeV,threshold.10.0.units.1 / (cm2 s sr),model/SEPVAL2023_Europe/SEPSTER/sepster_20130411_0736_0743_Parker_Spiral_iss_20130411_1215.json,2013-04-11 07:36:00,2013-04-11 23:08:00,False,True,SEP Event
8567,SEPSTER (Parker Spiral),min.10.0.max.-1.0.units.MeV,threshold.10.0.units.1 / (cm2 s sr),False,min.10.0.max.-1.0.units.MeV,threshold.10.0.units.1 / (cm2 s sr),model/SEPVAL2023_Europe/SEPSTER/sepster_20130522_1324_1756_Parker_Spiral_iss_20130522_1516.json,2013-05-22 13:24:00,2013-05-22 21:27:00,False,False,SEP Event
8568,SEPSTER (Parker Spiral),min.10.0.max.-1.0.units.MeV,threshold.10.0.units.1 / (cm2 s sr),False,min.10.0.max.-1.0.units.MeV,threshold.10.0.units.1 / (cm2 s sr),model/SEPVAL2023_Europe/SEPSTER/sepster_20130607_2354_0704_Parker_Spiral_iss_20130608_0555.json,2013-06-07 23:54:00,2013-06-08 08:58:00,True,True,No SEP Event
8569,SEPSTER (Parker Spiral),min.10.0.max.-1.0.units.MeV,threshold.10.0.units.1 / (cm2 s sr),False,min.10.0.max.-1.0.units.MeV,threshold.10.0.units.1 / (cm2 s sr),model/SEPVAL2023_Europe/SEPSTER/sepster_20130628_0154_1200_Parker_Spiral_iss_20130628_0505.json,2013-06-28 01:54:00,2013-06-28 10:33:00,True,False,No SEP Event
8570,SEPSTER (Parker Spiral),min.10.0.max.-1.0.units.MeV,threshold.10.0.units.1 / (cm2 s sr),False,min.10.0.max.-1.0.units.MeV,threshold.10.0.units.1 / (cm2 s sr),model/SEPVAL2023_Europe/SEPSTER/sepster_20130929_2240_1100_Parker_Spiral_iss_20130930_0100.json,2013-09-29 22:40:00,2013-09-30 09:38:00,False,True,SEP Event
8571,SEPSTER (Parker Spiral),min.10.0.max.-1.0.units.MeV,threshold.10.0.units.1 / (cm2 s sr),False,min.10.0.max.-1.0.units.MeV,threshold.10.0.units.1 / (cm2 s sr),model/SEPVAL2023_Europe/SEPSTER/sepster_20140106_0809_1138_Parker_Spiral_iss_20140106_1059.json,2014-01-06 08:09:00,2014-01-06 19:24:00,False,True,SEP Event
8572,SEPSTER (Parker Spiral),min.10.0.max.-1.0.units.MeV,threshold.10.0.units.1 / (cm2 s sr),False,min.10.0.max.-1.0.units.MeV,threshold.10.0.units.1 / (cm2 s sr),model/SEPVAL2023_Europe/SEPSTER/sepster_20140107_1824_2048_Parker_Spiral_iss_20140107_1948.json,2014-01-07 18:24:00,2014-01-08 03:52:00,False,False,SEP Event
8573,SEPSTER (Parker Spiral),min.10.0.max.-1.0.units.MeV,threshold.10.0.units.1 / (cm2 s sr),False,min.10.0.max.-1.0.units.MeV,threshold.10.0.units.1 / (cm2 s sr),model/SEPVAL2023_Europe/SEPSTER/sepster_20140225_0125_1670_Parker_Spiral_iss_20140225_0251.json,2014-02-25 01:25:00,2014-02-25 23:45:00,False,True,SEP Event
8574,SEPSTER (Parker Spiral),min.10.0.max.-1.0.units.MeV,threshold.10.0.units.1 / (cm2 s sr),False,min.10.0.max.-1.0.units.MeV,threshold.10.0.units.1 / (cm2 s sr),model/SEPVAL2023_Europe/SEPSTER/sepster_20140418_1309_1244_Parker_Spiral_iss_20140418_1555.json,2014-04-18 13:09:00,2014-04-18 23:29:00,False,False,SEP Event
8575,SEPSTER (Parker Spiral),min.10.0.max.-1.0.units.MeV,threshold.10.0.units.1 / (cm2 s sr),False,min.10.0.max.-1.0.units.MeV,threshold.10.0.units.1 / (cm2 s sr),model/SEPVAL2023_Europe/SEPSTER/sepster_20140801_1854_0709_Parker_Spiral_iss_20140801_2330.json,2014-08-01 18:54:00,2014-08-02 10:05:00,True,True,No SEP Event
8576,SEPSTER (Parker Spiral),min.10.0.max.-1.0.units.MeV,threshold.10.0.units.1 / (cm2 s sr),False,min.10.0.max.-1.0.units.MeV,threshold.10.0.units.1 / (cm2 s sr),model/SEPVAL2023_Europe/SEPSTER/sepster_20140910_1818_1400_Parker_Spiral_iss_20140910_2000.json,2014-09-10 18:18:00,2014-09-11 05:59:00,False,False,SEP Event
8577,SEPSTER (Parker Spiral),min.10.0.max.-1.0.units.MeV,threshold.10.0.units.1 / (cm2 s sr),False,min.10.0.max.-1.0.units.MeV,threshold.10.0.units.1 / (cm2 s sr),model/SEPVAL2023_Europe/SEPSTER/sepster_20141024_0812_0728_Parker_Spiral_iss_20141024_1107.json,2014-10-24 08:12:00,2014-10-24 18:10:00,True,True,No SEP Event
8578,SEPSTER (Parker Spiral),min.10.0.max.-1.0.units.MeV,threshold.10.0.units.1 / (cm2 s sr),False,min.10.0.max.-1.0.units.MeV,threshold.10.0.units.1 / (cm2 s sr),model/SEPVAL2023_Europe/SEPSTER/sepster_20141106_0400_0662_Parker_Spiral_iss_20141106_1107.json,2014-11-06 04:00:00,2014-11-06 21:58:00,True,True,No SEP Event
8579,SEPSTER (Parker Spiral),min.10.0.max.-1.0.units.MeV,threshold.10.0.units.1 / (cm2 s sr),False,min.10.0.max.-1.0.units.MeV,threshold.10.0.units.1 / (cm2 s sr),model/SEPVAL2023_Europe/SEPSTER/sepster_20141107_1808_0802_Parker_Spiral_iss_20141107_2202.json,2014-11-07 18:08:00,2014-11-08 08:14:00,True,True,No SEP Event
8580,SEPSTER (Parker Spiral),min.10.0.max.-1.0.units.MeV,threshold.10.0.units.1 / (cm2 s sr),False,min.10.0.max.-1.0.units.MeV,threshold.10.0.units.1 / (cm2 s sr),model/SEPVAL2023_Europe/SEPSTER/sepster_20141217_0500_0680_Parker_Spiral_iss_20141217_0839.json,2014-12-17 05:00:00,2014-12-17 16:07:00,True,True,No SEP Event
8581,SEPSTER (Parker Spiral),min.10.0.max.-1.0.units.MeV,threshold.10.0.units.1 / (cm2 s sr),False,min.10.0.max.-1.0.units.MeV,threshold.10.0.units.1 / (cm2 s sr),model/SEPVAL2023_Europe/SEPSTER/sepster_20141219_0027_1405_Parker_Spiral_iss_20141219_0112.json,2014-12-19 00:27:00,2014-12-19 15:58:00,True,True,No SEP Event
8582,SEPSTER (Parker Spiral),min.10.0.max.-1.0.units.MeV,threshold.10.0.units.1 / (cm2 s sr),False,min.10.0.max.-1.0.units.MeV,threshold.10.0.units.1 / (cm2 s sr),model/SEPVAL2023_Europe/SEPSTER/sepster_20150310_0000_1711_Parker_Spiral_iss_20150310_0256.json,2015-03-10 00:00:00,2015-03-10 18:12:00,True,False,No SEP Event
8583,SEPSTER (Parker Spiral),min.10.0.max.-1.0.units.MeV,threshold.10.0.units.1 / (cm2 s sr),False,min.10.0.max.-1.0.units.MeV,threshold.10.0.units.1 / (cm2 s sr),model/SEPVAL2023_Europe/SEPSTER/sepster_20151029_0248_0535_Parker_Spiral_iss_20151029_0814.json,2015-10-29 02:48:00,2015-10-29 17:02:00,False,True,SEP Event
8584,SEPSTER (Parker Spiral),min.10.0.max.-1.0.units.MeV,threshold.10.0.units.1 / (cm2 s sr),False,min.10.0.max.-1.0.units.MeV,threshold.10.0.units.1 / (cm2 s sr),model/SEPVAL2023_Europe/SEPSTER/sepster_20160723_0524_0740_Parker_Spiral_iss_20160723_1007.json,2016-07-23 05:24:00,2016-07-23 13:32:00,True,True,No SEP Event
8585,SEPSTER (Parker Spiral),min.10.0.max.-1.0.units.MeV,threshold.10.0.units.1 / (cm2 s sr),False,min.10.0.max.-1.0.units.MeV,threshold.10.0.units.1 / (cm2 s sr),model/SEPVAL2023_Europe/SEPSTER/sepster_20170714_0136_0750_Parker_Spiral_iss_20170714_0529.json,2017-07-14 01:36:00,2017-07-14 10:21:00,False,True,SEP Event
8586,SEPSTER (Parker Spiral),min.10.0.max.-1.0.units.MeV,threshold.10.0.units.1 / (cm2 s sr),False,min.10.0.max.-1.0.units.MeV,threshold.10.0.units.1 / (cm2 s sr),model/SEPVAL2023_Europe/SEPSTER/sepster_20170904_2036_1323_Parker_Spiral_iss_20170904_2305.json,2017-09-04 20:36:00,2017-09-05 06:28:00,False,False,SEP Event
8588,SEPSTER (Parker Spiral),min.10.0.max.-1.0.units.MeV,threshold.10.0.units.1 / (cm2 s sr),False,min.10.0.max.-1.0.units.MeV,threshold.10.0.units.1 / (cm2 s sr),model/SEPVAL2023_Europe/SEPSTER/sepster_20170910_1609_2314_Parker_Spiral_iss_20170910_1726.json,2017-09-10 16:09:00,2017-09-11 01:07:00,False,False,SEP Event
8589,SEPSTER (Parker Spiral),min.10.0.max.-1.0.units.MeV,threshold.10.0.units.1 / (cm2 s sr),False,min.10.0.max.-1.0.units.MeV,threshold.10.0.units.1 / (cm2 s sr),model/SEPVAL2023_Europe/SEPSTER/sepster_20210528_2312_0949_Parker_Spiral_iss_20210529_0254.json,2021-05-28 23:12:00,2021-05-29 06:32:00,False,True,SEP Event
8590,SEPSTER (Parker Spiral),min.10.0.max.-1.0.units.MeV,threshold.10.0.units.1 / (cm2 s sr),False,min.10.0.max.-1.0.units.MeV,threshold.10.0.units.1 / (cm2 s sr),model/SEPVAL2023_Europe/SEPSTER/sepster_20211028_1553_1109_Parker_Spiral_iss_20211028_1852.json,2021-10-28 15:53:00,2021-10-29 06:07:00,False,True,SEP Event
8591,SEPSTER (Parker Spiral),min.10.0.max.-1.0.units.MeV,threshold.10.0.units.1 / (cm2 s sr),False,min.10.0.max.-1.0.units.MeV,threshold.10.0.units.1 / (cm2 s sr),model/SEPVAL2023_Europe/SEPSTER/sepster_20211101_0200_0657_Parker_Spiral_iss_20211101_0704.json,2021-11-01 02:00:00,2021-11-01 09:45:00,True,True,No SEP Event
8592,SEPSTER (Parker Spiral),min.10.0.max.-1.0.units.MeV,threshold.10.0.units.1 / (cm2 s sr),False,min.10.0.max.-1.0.units.MeV,threshold.10.0.units.1 / (cm2 s sr),model/SEPVAL2023_Europe/SEPSTER/sepster_20211102_0248_1151_Parker_Spiral_iss_20211102_0552.json,2021-11-02 02:48:00,2021-11-02 14:02:00,True,True,No SEP Event
8593,SEPSTER (Parker Spiral),min.10.0.max.-1.0.units.MeV,threshold.10.0.units.1 / (cm2 s sr),False,min.10.0.max.-1.0.units.MeV,threshold.10.0.units.1 / (cm2 s sr),model/SEPVAL2023_Europe/SEPSTER/sepster_20220118_1823_0962_Parker_Spiral_iss_20220118_2128.json,2022-01-18 18:23:00,2022-01-19 02:41:00,True,True,No SEP Event
8594,SEPSTER (Parker Spiral),min.10.0.max.-1.0.units.MeV,threshold.10.0.units.1 / (cm2 s sr),False,min.10.0.max.-1.0.units.MeV,threshold.10.0.units.1 / (cm2 s sr),model/SEPVAL2023_Europe/SEPSTER/sepster_20220120_0612_1426_Parker_Spiral_iss_20220120_0827.json,2022-01-20 06:12:00,2022-01-20 17:36:00,False,False,SEP Event
8595,SEPSTER (Parker Spiral),min.10.0.max.-1.0.units.MeV,threshold.10.0.units.1 / (cm2 s sr),False,min.10.0.max.-1.0.units.MeV,threshold.10.0.units.1 / (cm2 s sr),model/SEPVAL2023_Europe/SEPSTER/sepster_20220328_1209_0662_Parker_Spiral_iss_20220328_1719.json,2022-03-28 12:09:00,2022-03-28 21:51:00,False,True,SEP Event
8596,SEPSTER (Parker Spiral),min.10.0.max.-1.0.units.MeV,threshold.10.0.units.1 / (cm2 s sr),False,min.10.0.max.-1.0.units.MeV,threshold.10.0.units.1 / (cm2 s sr),model/SEPVAL2023_Europe/SEPSTER/sepster_20220402_1338_1370_Parker_Spiral_iss_20220402_1612.json,2022-04-02 13:38:00,2022-04-02 21:43:00,False,False,SEP Event
8597,SEPSTER (Parker Spiral),min.10.0.max.-1.0.units.MeV,threshold.10.0.units.1 / (cm2 s sr),False,min.10.0.max.-1.0.units.MeV,threshold.10.0.units.1 / (cm2 s sr),model/SEPVAL2023_Europe/SEPSTER/sepster_20220417_0348_0841_Parker_Spiral_iss_20220417_0729.json,2022-04-17 03:48:00,2022-04-18 00:11:00,True,True,No SEP Event
8598,SEPSTER (Parker Spiral),min.10.0.max.-1.0.units.MeV,threshold.10.0.units.1 / (cm2 s sr),False,min.10.0.max.-1.0.units.MeV,threshold.10.0.units.1 / (cm2 s sr),model/SEPVAL2023_Europe/SEPSTER/sepster_20220420_0412_0868_Parker_Spiral_iss_20220420_0412.json,2022-04-20 04:12:00,2022-04-20 15:13:00,True,True,No SEP Event
8599,SEPSTER (Parker Spiral),min.10.0.max.-1.0.units.MeV,threshold.10.0.units.1 / (cm2 s sr),False,min.10.0.max.-1.0.units.MeV,threshold.10.0.units.1 / (cm2 s sr),model/SEPVAL2023_Europe/SEPSTER/sepster_20220429_0738_1397_Parker_Spiral_iss_20220429_0953.json,2022-04-29 07:38:00,2022-04-29 15:18:00,True,False,No SEP Event
8600,SEPSTER (Parker Spiral),min.10.0.max.-1.0.units.MeV,threshold.10.0.units.1 / (cm2 s sr),False,min.10.0.max.-1.0.units.MeV,threshold.10.0.units.1 / (cm2 s sr),model/SEPVAL2023_Europe/SEPSTER/sepster_20220525_1838_0929_Parker_Spiral_iss_20220525_2215.json,2022-05-25 18:38:00,2022-05-26 03:05:00,True,True,No SEP Event
8601,SEPSTER (Parker Spiral),min.10.0.max.-1.0.units.MeV,threshold.10.0.units.1 / (cm2 s sr),False,min.10.0.max.-1.0.units.MeV,threshold.10.0.units.1 / (cm2 s sr),model/SEPVAL2023_Europe/SEPSTER/sepster_20220817_1453_0767_Parker_Spiral_iss_20220817_1926.json,2022-08-17 14:53:00,2022-08-18 00:29:00,True,True,No SEP Event
8602,SEPSTER (Parker Spiral),min.10.0.max.-1.0.units.MeV,threshold.10.0.units.1 / (cm2 s sr),False,min.10.0.max.-1.0.units.MeV,threshold.10.0.units.1 / (cm2 s sr),model/SEPVAL2023_Europe/SEPSTER/sepster_20220818_1100_1076_Parker_Spiral_iss_20220818_1337.json,2022-08-18 11:00:00,2022-08-18 20:50:00,True,False,No SEP Event
8603,SEPSTER (Parker Spiral),min.10.0.max.-1.0.units.MeV,threshold.10.0.units.1 / (cm2 s sr),False,min.10.0.max.-1.0.units.MeV,threshold.10.0.units.1 / (cm2 s sr),model/SEPVAL2023_Europe/SEPSTER/sepster_20220819_0730_0878_Parker_Spiral_iss_20220819_0858.json,2022-08-19 07:30:00,2022-08-19 15:21:00,True,True,No SEP Event
8604,SEPSTER (Parker Spiral),min.10.0.max.-1.0.units.MeV,threshold.10.0.units.1 / (cm2 s sr),False,min.10.0.max.-1.0.units.MeV,threshold.10.0.units.1 / (cm2 s sr),model/SEPVAL2023_Europe/SEPSTER/sepster_20220827_0223_1372_Parker_Spiral_iss_20220827_0457.json,2022-08-27 02:23:00,2022-08-27 11:09:00,True,False,No SEP Event
8605,SEPSTER (Parker Spiral),min.10.0.max.-1.0.units.MeV,threshold.10.0.units.1 / (cm2 s sr),False,min.10.0.max.-1.0.units.MeV,threshold.10.0.units.1 / (cm2 s sr),model/SEPVAL2023_Europe/SEPSTER/sepster_20220829_1712_0949_Parker_Spiral_iss_20220829_2046.json,2022-08-29 17:12:00,2022-08-30 04:39:00,True,True,No SEP Event
8606,SEPSTER (Parker Spiral),min.10.0.max.-1.0.units.MeV,threshold.10.0.units.1 / (cm2 s sr),False,min.10.0.max.-1.0.units.MeV,threshold.10.0.units.1 / (cm2 s sr),model/SEPVAL2023_Europe/SEPSTER/sepster_20220830_1824_1378_Parker_Spiral_iss_20220830_2045.json,2022-08-30 18:24:00,2022-08-31 09:00:00,True,True,No SEP Event
8607,SEPSTER (Parker Spiral),min.10.0.max.-1.0.units.MeV,threshold.10.0.units.1 / (cm2 s sr),False,min.10.0.max.-1.0.units.MeV,threshold.10.0.units.1 / (cm2 s sr),model/SEPVAL2023_Europe/SEPSTER/sepster_20221201_0748_1306_Parker_Spiral_iss_20221201_1022.json,2022-12-01 07:48:00,2022-12-01 16:33:00,True,False,No SEP Event
8608,SEPSTER (Parker Spiral),min.10.0.max.-1.0.units.MeV,threshold.10.0.units.1 / (cm2 s sr),False,min.10.0.max.-1.0.units.MeV,threshold.10.0.units.1 / (cm2 s sr),model/SEPVAL2023_Europe/SEPSTER/sepster_20230225_1938_0920_Parker_Spiral_iss_20230225_2323.json,2023-02-25 19:38:00,2023-02-26 03:19:00,False,True,SEP Event
8609,SEPSTER (Parker Spiral),min.10.0.max.-1.0.units.MeV,threshold.10.0.units.1 / (cm2 s sr),False,min.10.0.max.-1.0.units.MeV,threshold.10.0.units.1 / (cm2 s sr),model/SEPVAL2023_Europe/SEPSTER/sepster_20230304_1548_0894_Parker_Spiral_iss_20230304_1957.json,2023-03-04 15:48:00,2023-03-05 02:16:00,True,True,No SEP Event
8610,SEPSTER (Parker Spiral),min.10.0.max.-1.0.units.MeV,threshold.10.0.units.1 / (cm2 s sr),False,min.10.0.max.-1.0.units.MeV,threshold.10.0.units.1 / (cm2 s sr),model/SEPVAL2023_Europe/SEPSTER/sepster_20230306_0312_0970_Parker_Spiral_iss_20230306_0627.json,2023-03-06 03:12:00,2023-03-06 12:28:00,True,True,No SEP Event
