,Model,Energy Channel Key,Threshold Key,Mismatch Allowed,Prediction Energy Channel Key,Prediction Threshold Key,Forecast Source,Prediction Window Start,Prediction Window End,Observed SEP All Clear,Predicted SEP All Clear,All Clear Match Status
2857,SFS-Update,min.100.0.max.-1.0.units.MeV,threshold.1.0.units.1 / (cm2 s sr),False,min.100.0.max.-1.0.units.MeV,threshold.1.0.units.1 / (cm2 s sr),model/SEPVAL2023_Europe/PPS/PPSUpdate/Evt/ppsupdate_forecast_110307_2012.json,2011-03-07 20:15:00,2011-03-08 20:12:00,True,True,No SEP Event
2858,SFS-Update,min.100.0.max.-1.0.units.MeV,threshold.1.0.units.1 / (cm2 s sr),False,min.100.0.max.-1.0.units.MeV,threshold.1.0.units.1 / (cm2 s sr),model/SEPVAL2023_Europe/PPS/PPSUpdate/Evt/ppsupdate_forecast_110607_0641.json,2011-06-07 06:44:00,2011-06-08 06:41:00,False,True,SEP Event
2859,SFS-Update,min.100.0.max.-1.0.units.MeV,threshold.1.0.units.1 / (cm2 s sr),False,min.100.0.max.-1.0.units.MeV,threshold.1.0.units.1 / (cm2 s sr),model/SEPVAL2023_Europe/PPS/PPSUpdate/Evt/ppsupdate_forecast_110804_0357.json,2011-08-04 04:00:00,2011-08-05 03:57:00,False,True,SEP Event
2860,SFS-Update,min.100.0.max.-1.0.units.MeV,threshold.1.0.units.1 / (cm2 s sr),False,min.100.0.max.-1.0.units.MeV,threshold.1.0.units.1 / (cm2 s sr),model/SEPVAL2023_Europe/PPS/PPSUpdate/Evt/ppsupdate_forecast_110809_0805.json,2011-08-09 08:08:00,2011-08-10 08:05:00,False,False,SEP Event
2861,SFS-Update,min.100.0.max.-1.0.units.MeV,threshold.1.0.units.1 / (cm2 s sr),False,min.100.0.max.-1.0.units.MeV,threshold.1.0.units.1 / (cm2 s sr),model/SEPVAL2023_Europe/PPS/PPSUpdate/Evt/ppsupdate_forecast_120123_0359.json,2012-01-23 04:02:00,2012-01-24 03:59:00,False,True,SEP Event
2862,SFS-Update,min.100.0.max.-1.0.units.MeV,threshold.1.0.units.1 / (cm2 s sr),False,min.100.0.max.-1.0.units.MeV,threshold.1.0.units.1 / (cm2 s sr),model/SEPVAL2023_Europe/PPS/PPSUpdate/Evt/ppsupdate_forecast_120127_1837.json,2012-01-27 18:40:00,2012-01-28 18:37:00,False,False,SEP Event
2863,SFS-Update,min.100.0.max.-1.0.units.MeV,threshold.1.0.units.1 / (cm2 s sr),False,min.100.0.max.-1.0.units.MeV,threshold.1.0.units.1 / (cm2 s sr),model/SEPVAL2023_Europe/PPS/PPSUpdate/Evt/ppsupdate_forecast_120307_0024.json,2012-03-07 00:27:00,2012-03-08 00:24:00,False,False,SEP Event
2864,SFS-Update,min.100.0.max.-1.0.units.MeV,threshold.1.0.units.1 / (cm2 s sr),False,min.100.0.max.-1.0.units.MeV,threshold.1.0.units.1 / (cm2 s sr),model/SEPVAL2023_Europe/PPS/PPSUpdate/Evt/ppsupdate_forecast_120307_0114.json,2012-03-07 01:17:00,2012-03-08 01:14:00,False,True,SEP Event
2865,SFS-Update,min.100.0.max.-1.0.units.MeV,threshold.1.0.units.1 / (cm2 s sr),False,min.100.0.max.-1.0.units.MeV,threshold.1.0.units.1 / (cm2 s sr),model/SEPVAL2023_Europe/PPS/PPSUpdate/Evt/ppsupdate_forecast_120313_1741.json,2012-03-13 17:44:00,2012-03-14 17:41:00,False,False,SEP Event
2866,SFS-Update,min.100.0.max.-1.0.units.MeV,threshold.1.0.units.1 / (cm2 s sr),False,min.100.0.max.-1.0.units.MeV,threshold.1.0.units.1 / (cm2 s sr),model/SEPVAL2023_Europe/PPS/PPSUpdate/Evt/ppsupdate_forecast_120517_0147.json,2012-05-17 01:50:00,2012-05-18 01:47:00,False,True,SEP Event
2867,SFS-Update,min.100.0.max.-1.0.units.MeV,threshold.1.0.units.1 / (cm2 s sr),False,min.100.0.max.-1.0.units.MeV,threshold.1.0.units.1 / (cm2 s sr),model/SEPVAL2023_Europe/PPS/PPSUpdate/Evt/ppsupdate_forecast_120706_2308.json,2012-07-06 23:11:00,2012-07-07 23:08:00,True,True,No SEP Event
2868,SFS-Update,min.100.0.max.-1.0.units.MeV,threshold.1.0.units.1 / (cm2 s sr),False,min.100.0.max.-1.0.units.MeV,threshold.1.0.units.1 / (cm2 s sr),model/SEPVAL2023_Europe/PPS/PPSUpdate/Evt/ppsupdate_forecast_120712_1649.json,2012-07-12 16:52:00,2012-07-13 16:49:00,True,False,No SEP Event
2869,SFS-Update,min.100.0.max.-1.0.units.MeV,threshold.1.0.units.1 / (cm2 s sr),False,min.100.0.max.-1.0.units.MeV,threshold.1.0.units.1 / (cm2 s sr),model/SEPVAL2023_Europe/PPS/PPSUpdate/Evt/ppsupdate_forecast_120927_2357.json,2012-09-28 00:00:00,2012-09-28 23:57:00,True,True,No SEP Event
2870,SFS-Update,min.100.0.max.-1.0.units.MeV,threshold.1.0.units.1 / (cm2 s sr),False,min.100.0.max.-1.0.units.MeV,threshold.1.0.units.1 / (cm2 s sr),model/SEPVAL2023_Europe/PPS/PPSUpdate/Evt/ppsupdate_forecast_130411_0716.json,2013-04-11 07:19:00,2013-04-12 07:16:00,False,True,SEP Event
2871,SFS-Update,min.100.0.max.-1.0.units.MeV,threshold.1.0.units.1 / (cm2 s sr),False,min.100.0.max.-1.0.units.MeV,threshold.1.0.units.1 / (cm2 s sr),model/SEPVAL2023_Europe/PPS/PPSUpdate/Evt/ppsupdate_forecast_130522_1338.json,2013-05-22 13:41:00,2013-05-23 13:38:00,False,False,SEP Event
2872,SFS-Update,min.100.0.max.-1.0.units.MeV,threshold.1.0.units.1 / (cm2 s sr),False,min.100.0.max.-1.0.units.MeV,threshold.1.0.units.1 / (cm2 s sr),model/SEPVAL2023_Europe/PPS/PPSUpdate/Evt/ppsupdate_forecast_130929_2339.json,2013-09-29 23:42:00,2013-09-30 23:39:00,True,True,No SEP Event
2873,SFS-Update,min.100.0.max.-1.0.units.MeV,threshold.1.0.units.1 / (cm2 s sr),False,min.100.0.max.-1.0.units.MeV,threshold.1.0.units.1 / (cm2 s sr),model/SEPVAL2023_Europe/PPS/PPSUpdate/Evt/ppsupdate_forecast_140107_1832.json,2014-01-07 18:35:00,2014-01-08 18:32:00,False,False,SEP Event
2874,SFS-Update,min.100.0.max.-1.0.units.MeV,threshold.1.0.units.1 / (cm2 s sr),False,min.100.0.max.-1.0.units.MeV,threshold.1.0.units.1 / (cm2 s sr),model/SEPVAL2023_Europe/PPS/PPSUpdate/Evt/ppsupdate_forecast_140225_0049.json,2014-02-25 00:52:00,2014-02-26 00:49:00,True,False,No SEP Event
2875,SFS-Update,min.100.0.max.-1.0.units.MeV,threshold.1.0.units.1 / (cm2 s sr),False,min.100.0.max.-1.0.units.MeV,threshold.1.0.units.1 / (cm2 s sr),model/SEPVAL2023_Europe/PPS/PPSUpdate/Evt/ppsupdate_forecast_140418_1303.json,2014-04-18 13:06:00,2014-04-19 13:03:00,True,True,No SEP Event
2876,SFS-Update,min.100.0.max.-1.0.units.MeV,threshold.1.0.units.1 / (cm2 s sr),False,min.100.0.max.-1.0.units.MeV,threshold.1.0.units.1 / (cm2 s sr),model/SEPVAL2023_Europe/PPS/PPSUpdate/Evt/ppsupdate_forecast_140910_1745.json,2014-09-10 17:48:00,2014-09-11 17:45:00,True,False,No SEP Event
2877,SFS-Update,min.100.0.max.-1.0.units.MeV,threshold.1.0.units.1 / (cm2 s sr),False,min.100.0.max.-1.0.units.MeV,threshold.1.0.units.1 / (cm2 s sr),model/SEPVAL2023_Europe/PPS/PPSUpdate/Evt/ppsupdate_forecast_170714_0209.json,2017-07-14 02:12:00,2017-07-15 02:09:00,True,True,No SEP Event
2878,SFS-Update,min.100.0.max.-1.0.units.MeV,threshold.1.0.units.1 / (cm2 s sr),False,min.100.0.max.-1.0.units.MeV,threshold.1.0.units.1 / (cm2 s sr),model/SEPVAL2023_Europe/PPS/PPSUpdate/Evt/ppsupdate_forecast_170904_2033.json,2017-09-04 20:36:00,2017-09-05 20:33:00,True,True,No SEP Event
2879,SFS-Update,min.100.0.max.-1.0.units.MeV,threshold.1.0.units.1 / (cm2 s sr),False,min.100.0.max.-1.0.units.MeV,threshold.1.0.units.1 / (cm2 s sr),model/SEPVAL2023_Europe/PPS/PPSUpdate/Evt/ppsupdate_forecast_170906_1202.json,2017-09-06 12:05:00,2017-09-07 12:02:00,True,False,No SEP Event
2880,SFS-Update,min.100.0.max.-1.0.units.MeV,threshold.1.0.units.1 / (cm2 s sr),False,min.100.0.max.-1.0.units.MeV,threshold.1.0.units.1 / (cm2 s sr),model/SEPVAL2023_Europe/PPS/PPSUpdate/Evt/ppsupdate_forecast_170910_1606.json,2017-09-10 16:09:00,2017-09-11 16:06:00,False,False,SEP Event
2881,SFS-Update,min.100.0.max.-1.0.units.MeV,threshold.1.0.units.1 / (cm2 s sr),False,min.100.0.max.-1.0.units.MeV,threshold.1.0.units.1 / (cm2 s sr),model/SEPVAL2023_Europe/PPS/PPSUpdate/Evt/ppsupdate_forecast_210528_2313.json,2021-05-28 23:16:00,2021-05-29 23:13:00,True,True,No SEP Event
2882,SFS-Update,min.100.0.max.-1.0.units.MeV,threshold.1.0.units.1 / (cm2 s sr),False,min.100.0.max.-1.0.units.MeV,threshold.1.0.units.1 / (cm2 s sr),model/SEPVAL2023_Europe/PPS/PPSUpdate/Evt/ppsupdate_forecast_211028_1535.json,2021-10-28 15:38:00,2021-10-29 15:35:00,False,True,SEP Event
2883,SFS-Update,min.100.0.max.-1.0.units.MeV,threshold.1.0.units.1 / (cm2 s sr),False,min.100.0.max.-1.0.units.MeV,threshold.1.0.units.1 / (cm2 s sr),model/SEPVAL2023_Europe/PPS/PPSUpdate/Evt/ppsupdate_forecast_220120_0601.json,2022-01-20 06:04:00,2022-01-21 06:01:00,False,True,SEP Event
2884,SFS-Update,min.100.0.max.-1.0.units.MeV,threshold.1.0.units.1 / (cm2 s sr),False,min.100.0.max.-1.0.units.MeV,threshold.1.0.units.1 / (cm2 s sr),model/SEPVAL2023_Europe/PPS/PPSUpdate/Evt/ppsupdate_forecast_220328_1129.json,2022-03-28 11:32:00,2022-03-29 11:29:00,False,True,SEP Event
2885,SFS-Update,min.100.0.max.-1.0.units.MeV,threshold.1.0.units.1 / (cm2 s sr),False,min.100.0.max.-1.0.units.MeV,threshold.1.0.units.1 / (cm2 s sr),model/SEPVAL2023_Europe/PPS/PPSUpdate/Evt/ppsupdate_forecast_220402_1355.json,2022-04-02 13:58:00,2022-04-03 13:55:00,True,True,No SEP Event
2886,SFS-Update,min.100.0.max.-1.0.units.MeV,threshold.1.0.units.1 / (cm2 s sr),False,min.100.0.max.-1.0.units.MeV,threshold.1.0.units.1 / (cm2 s sr),model/SEPVAL2023_Europe/PPS/PPSUpdate/Evt/ppsupdate_forecast_220827_0240.json,2022-08-27 02:43:00,2022-08-28 02:40:00,True,True,No SEP Event
2887,SFS-Update,min.100.0.max.-1.0.units.MeV,threshold.1.0.units.1 / (cm2 s sr),False,min.100.0.max.-1.0.units.MeV,threshold.1.0.units.1 / (cm2 s sr),model/SEPVAL2023_Europe/PPS/PPSUpdate/Evt/ppsupdate_forecast_230225_1944.json,2023-02-25 19:47:00,2023-02-26 19:44:00,True,False,No SEP Event
2888,SFS-Update,min.100.0.max.-1.0.units.MeV,threshold.1.0.units.1 / (cm2 s sr),False,min.100.0.max.-1.0.units.MeV,threshold.1.0.units.1 / (cm2 s sr),model/SEPVAL2023_Europe/PPS/PPSUpdate/NoEvt/ppsupdate_forecast_110509_2050.json,2011-05-09 20:53:00,2011-05-10 20:50:00,True,True,No SEP Event
2889,SFS-Update,min.100.0.max.-1.0.units.MeV,threshold.1.0.units.1 / (cm2 s sr),False,min.100.0.max.-1.0.units.MeV,threshold.1.0.units.1 / (cm2 s sr),model/SEPVAL2023_Europe/PPS/PPSUpdate/NoEvt/ppsupdate_forecast_120304_1052.json,2012-03-04 10:55:00,2012-03-05 10:52:00,True,True,No SEP Event
2890,SFS-Update,min.100.0.max.-1.0.units.MeV,threshold.1.0.units.1 / (cm2 s sr),False,min.100.0.max.-1.0.units.MeV,threshold.1.0.units.1 / (cm2 s sr),model/SEPVAL2023_Europe/PPS/PPSUpdate/NoEvt/ppsupdate_forecast_120305_0405.json,2012-03-05 04:08:00,2012-03-06 04:05:00,True,False,No SEP Event
2891,SFS-Update,min.100.0.max.-1.0.units.MeV,threshold.1.0.units.1 / (cm2 s sr),False,min.100.0.max.-1.0.units.MeV,threshold.1.0.units.1 / (cm2 s sr),model/SEPVAL2023_Europe/PPS/PPSUpdate/NoEvt/ppsupdate_forecast_120613_1317.json,2012-06-13 13:20:00,2012-06-14 13:17:00,True,True,No SEP Event
2892,SFS-Update,min.100.0.max.-1.0.units.MeV,threshold.1.0.units.1 / (cm2 s sr),False,min.100.0.max.-1.0.units.MeV,threshold.1.0.units.1 / (cm2 s sr),model/SEPVAL2023_Europe/PPS/PPSUpdate/NoEvt/ppsupdate_forecast_120629_0920.json,2012-06-29 09:23:00,2012-06-30 09:20:00,True,True,No SEP Event
2893,SFS-Update,min.100.0.max.-1.0.units.MeV,threshold.1.0.units.1 / (cm2 s sr),False,min.100.0.max.-1.0.units.MeV,threshold.1.0.units.1 / (cm2 s sr),model/SEPVAL2023_Europe/PPS/PPSUpdate/NoEvt/ppsupdate_forecast_130607_2249.json,2013-06-07 22:52:00,2013-06-08 22:49:00,True,True,No SEP Event
2894,SFS-Update,min.100.0.max.-1.0.units.MeV,threshold.1.0.units.1 / (cm2 s sr),False,min.100.0.max.-1.0.units.MeV,threshold.1.0.units.1 / (cm2 s sr),model/SEPVAL2023_Europe/PPS/PPSUpdate/NoEvt/ppsupdate_forecast_130628_0159.json,2013-06-28 02:02:00,2013-06-29 01:59:00,True,True,No SEP Event
2895,SFS-Update,min.100.0.max.-1.0.units.MeV,threshold.1.0.units.1 / (cm2 s sr),False,min.100.0.max.-1.0.units.MeV,threshold.1.0.units.1 / (cm2 s sr),model/SEPVAL2023_Europe/PPS/PPSUpdate/NoEvt/ppsupdate_forecast_140801_1812.json,2014-08-01 18:15:00,2014-08-02 18:12:00,True,True,No SEP Event
2896,SFS-Update,min.100.0.max.-1.0.units.MeV,threshold.1.0.units.1 / (cm2 s sr),False,min.100.0.max.-1.0.units.MeV,threshold.1.0.units.1 / (cm2 s sr),model/SEPVAL2023_Europe/PPS/PPSUpdate/NoEvt/ppsupdate_forecast_141024_0748.json,2014-10-24 07:51:00,2014-10-25 07:48:00,True,True,No SEP Event
2897,SFS-Update,min.100.0.max.-1.0.units.MeV,threshold.1.0.units.1 / (cm2 s sr),False,min.100.0.max.-1.0.units.MeV,threshold.1.0.units.1 / (cm2 s sr),model/SEPVAL2023_Europe/PPS/PPSUpdate/NoEvt/ppsupdate_forecast_141106_0346.json,2014-11-06 03:49:00,2014-11-07 03:46:00,True,True,No SEP Event
2898,SFS-Update,min.100.0.max.-1.0.units.MeV,threshold.1.0.units.1 / (cm2 s sr),False,min.100.0.max.-1.0.units.MeV,threshold.1.0.units.1 / (cm2 s sr),model/SEPVAL2023_Europe/PPS/PPSUpdate/NoEvt/ppsupdate_forecast_141107_1726.json,2014-11-07 17:29:00,2014-11-08 17:26:00,True,False,No SEP Event
2899,SFS-Update,min.100.0.max.-1.0.units.MeV,threshold.1.0.units.1 / (cm2 s sr),False,min.100.0.max.-1.0.units.MeV,threshold.1.0.units.1 / (cm2 s sr),model/SEPVAL2023_Europe/PPS/PPSUpdate/NoEvt/ppsupdate_forecast_141217_0451.json,2014-12-17 04:54:00,2014-12-18 04:51:00,True,True,No SEP Event
2900,SFS-Update,min.100.0.max.-1.0.units.MeV,threshold.1.0.units.1 / (cm2 s sr),False,min.100.0.max.-1.0.units.MeV,threshold.1.0.units.1 / (cm2 s sr),model/SEPVAL2023_Europe/PPS/PPSUpdate/NoEvt/ppsupdate_forecast_141218_2158.json,2014-12-18 22:01:00,2014-12-19 21:58:00,True,True,No SEP Event
2901,SFS-Update,min.100.0.max.-1.0.units.MeV,threshold.1.0.units.1 / (cm2 s sr),False,min.100.0.max.-1.0.units.MeV,threshold.1.0.units.1 / (cm2 s sr),model/SEPVAL2023_Europe/PPS/PPSUpdate/NoEvt/ppsupdate_forecast_150309_2353.json,2015-03-09 23:56:00,2015-03-10 23:53:00,True,True,No SEP Event
2902,SFS-Update,min.100.0.max.-1.0.units.MeV,threshold.1.0.units.1 / (cm2 s sr),False,min.100.0.max.-1.0.units.MeV,threshold.1.0.units.1 / (cm2 s sr),model/SEPVAL2023_Europe/PPS/PPSUpdate/NoEvt/ppsupdate_forecast_160723_0516.json,2016-07-23 05:19:00,2016-07-24 05:16:00,True,True,No SEP Event
2903,SFS-Update,min.100.0.max.-1.0.units.MeV,threshold.1.0.units.1 / (cm2 s sr),False,min.100.0.max.-1.0.units.MeV,threshold.1.0.units.1 / (cm2 s sr),model/SEPVAL2023_Europe/PPS/PPSUpdate/NoEvt/ppsupdate_forecast_211101_0145.json,2021-11-01 01:48:00,2021-11-02 01:45:00,True,True,No SEP Event
2904,SFS-Update,min.100.0.max.-1.0.units.MeV,threshold.1.0.units.1 / (cm2 s sr),False,min.100.0.max.-1.0.units.MeV,threshold.1.0.units.1 / (cm2 s sr),model/SEPVAL2023_Europe/PPS/PPSUpdate/NoEvt/ppsupdate_forecast_211102_0251.json,2021-11-02 02:54:00,2021-11-03 02:51:00,True,True,No SEP Event
2905,SFS-Update,min.100.0.max.-1.0.units.MeV,threshold.1.0.units.1 / (cm2 s sr),False,min.100.0.max.-1.0.units.MeV,threshold.1.0.units.1 / (cm2 s sr),model/SEPVAL2023_Europe/PPS/PPSUpdate/NoEvt/ppsupdate_forecast_220118_1744.json,2022-01-18 17:47:00,2022-01-19 17:44:00,True,True,No SEP Event
2906,SFS-Update,min.100.0.max.-1.0.units.MeV,threshold.1.0.units.1 / (cm2 s sr),False,min.100.0.max.-1.0.units.MeV,threshold.1.0.units.1 / (cm2 s sr),model/SEPVAL2023_Europe/PPS/PPSUpdate/NoEvt/ppsupdate_forecast_220417_0334.json,2022-04-17 03:37:00,2022-04-18 03:34:00,True,True,No SEP Event
2907,SFS-Update,min.100.0.max.-1.0.units.MeV,threshold.1.0.units.1 / (cm2 s sr),False,min.100.0.max.-1.0.units.MeV,threshold.1.0.units.1 / (cm2 s sr),model/SEPVAL2023_Europe/PPS/PPSUpdate/NoEvt/ppsupdate_forecast_220420_0357.json,2022-04-20 04:00:00,2022-04-21 03:57:00,True,False,No SEP Event
2908,SFS-Update,min.100.0.max.-1.0.units.MeV,threshold.1.0.units.1 / (cm2 s sr),False,min.100.0.max.-1.0.units.MeV,threshold.1.0.units.1 / (cm2 s sr),model/SEPVAL2023_Europe/PPS/PPSUpdate/NoEvt/ppsupdate_forecast_220429_0730.json,2022-04-29 07:33:00,2022-04-30 07:30:00,True,True,No SEP Event
2909,SFS-Update,min.100.0.max.-1.0.units.MeV,threshold.1.0.units.1 / (cm2 s sr),False,min.100.0.max.-1.0.units.MeV,threshold.1.0.units.1 / (cm2 s sr),model/SEPVAL2023_Europe/PPS/PPSUpdate/NoEvt/ppsupdate_forecast_220525_1824.json,2022-05-25 18:27:00,2022-05-26 18:24:00,True,True,No SEP Event
2910,SFS-Update,min.100.0.max.-1.0.units.MeV,threshold.1.0.units.1 / (cm2 s sr),False,min.100.0.max.-1.0.units.MeV,threshold.1.0.units.1 / (cm2 s sr),model/SEPVAL2023_Europe/PPS/PPSUpdate/NoEvt/ppsupdate_forecast_220817_1345.json,2022-08-17 13:48:00,2022-08-18 13:45:00,True,True,No SEP Event
2911,SFS-Update,min.100.0.max.-1.0.units.MeV,threshold.1.0.units.1 / (cm2 s sr),False,min.100.0.max.-1.0.units.MeV,threshold.1.0.units.1 / (cm2 s sr),model/SEPVAL2023_Europe/PPS/PPSUpdate/NoEvt/ppsupdate_forecast_220818_1055.json,2022-08-18 10:58:00,2022-08-19 10:55:00,True,True,No SEP Event
2912,SFS-Update,min.100.0.max.-1.0.units.MeV,threshold.1.0.units.1 / (cm2 s sr),False,min.100.0.max.-1.0.units.MeV,threshold.1.0.units.1 / (cm2 s sr),model/SEPVAL2023_Europe/PPS/PPSUpdate/NoEvt/ppsupdate_forecast_220819_0444.json,2022-08-19 04:47:00,2022-08-20 04:44:00,True,True,No SEP Event
2913,SFS-Update,min.100.0.max.-1.0.units.MeV,threshold.1.0.units.1 / (cm2 s sr),False,min.100.0.max.-1.0.units.MeV,threshold.1.0.units.1 / (cm2 s sr),model/SEPVAL2023_Europe/PPS/PPSUpdate/NoEvt/ppsupdate_forecast_220829_1639.json,2022-08-29 16:42:00,2022-08-30 16:39:00,True,True,No SEP Event
2914,SFS-Update,min.100.0.max.-1.0.units.MeV,threshold.1.0.units.1 / (cm2 s sr),False,min.100.0.max.-1.0.units.MeV,threshold.1.0.units.1 / (cm2 s sr),model/SEPVAL2023_Europe/PPS/PPSUpdate/NoEvt/ppsupdate_forecast_220830_1929.json,2022-08-30 19:32:00,2022-08-31 19:29:00,True,True,No SEP Event
2915,SFS-Update,min.100.0.max.-1.0.units.MeV,threshold.1.0.units.1 / (cm2 s sr),False,min.100.0.max.-1.0.units.MeV,threshold.1.0.units.1 / (cm2 s sr),model/SEPVAL2023_Europe/PPS/PPSUpdate/NoEvt/ppsupdate_forecast_221201_0721.json,2022-12-01 07:24:00,2022-12-02 07:21:00,True,True,No SEP Event
2916,SFS-Update,min.100.0.max.-1.0.units.MeV,threshold.1.0.units.1 / (cm2 s sr),False,min.100.0.max.-1.0.units.MeV,threshold.1.0.units.1 / (cm2 s sr),model/SEPVAL2023_Europe/PPS/PPSUpdate/NoEvt/ppsupdate_forecast_230304_1557.json,2023-03-04 16:00:00,2023-03-05 15:57:00,True,True,No SEP Event
2917,SFS-Update,min.100.0.max.-1.0.units.MeV,threshold.1.0.units.1 / (cm2 s sr),False,min.100.0.max.-1.0.units.MeV,threshold.1.0.units.1 / (cm2 s sr),model/SEPVAL2023_Europe/PPS/PPSUpdate/NoEvt/ppsupdate_forecast_230306_0228.json,2023-03-06 02:31:00,2023-03-07 02:28:00,True,True,No SEP Event
