,Model,Energy Channel Key,Threshold Key,Mismatch Allowed,Prediction Energy Channel Key,Prediction Threshold Key,Forecast Source,Prediction Window Start,Prediction Window End,Observed SEP All Clear,Predicted SEP All Clear,All Clear Match Status
2790,STAT,min.50.0.max.-1.0.units.MeV,threshold.1.0.units.1 / (cm2 s sr),False,min.50.0.max.-1.0.units.MeV,threshold.1.0.units.1 / (cm2 s sr),model/SEPVAL2023_Europe/STAT/jsons/STAT_integral.2012-03-07T001000Z.json,2012-03-07 00:10:00,2012-03-07 08:59:55,False,True,SEP Event
2791,STAT,min.50.0.max.-1.0.units.MeV,threshold.1.0.units.1 / (cm2 s sr),False,min.50.0.max.-1.0.units.MeV,threshold.1.0.units.1 / (cm2 s sr),model/SEPVAL2023_Europe/STAT/jsons/STAT_integral.2012-07-12T164900Z.json,2012-07-12 16:49:00,2012-07-13 00:02:16,True,False,No SEP Event
2792,STAT,min.50.0.max.-1.0.units.MeV,threshold.1.0.units.1 / (cm2 s sr),False,min.50.0.max.-1.0.units.MeV,threshold.1.0.units.1 / (cm2 s sr),model/SEPVAL2023_Europe/STAT/jsons/STAT_integral.2014-01-07T181000Z.json,2014-01-07 18:10:00,2014-01-08 02:35:48,False,False,SEP Event
2793,STAT,min.50.0.max.-1.0.units.MeV,threshold.1.0.units.1 / (cm2 s sr),False,min.50.0.max.-1.0.units.MeV,threshold.1.0.units.1 / (cm2 s sr),model/SEPVAL2023_Europe/STAT/jsons/STAT_integral.2017-07-14T030000Z.json,2017-07-14 03:00:00,2017-07-14 11:49:54,True,False,No SEP Event
2794,STAT,min.50.0.max.-1.0.units.MeV,threshold.1.0.units.1 / (cm2 s sr),False,min.50.0.max.-1.0.units.MeV,threshold.1.0.units.1 / (cm2 s sr),model/SEPVAL2023_Europe/STAT/jsons/STAT_integral.2017-09-10T154600Z.json,2017-09-10 15:46:00,2017-09-11 00:35:55,False,False,SEP Event
2795,STAT,min.50.0.max.-1.0.units.MeV,threshold.1.0.units.1 / (cm2 s sr),False,min.50.0.max.-1.0.units.MeV,threshold.1.0.units.1 / (cm2 s sr),model/SEPVAL2023_Europe/STAT/jsons/STAT_integral.2021-10-28T153000Z.json,2021-10-28 15:30:00,2021-10-29 07:33:55,False,True,SEP Event
