,Model,Energy Channel Key,Threshold Key,Mismatch Allowed,Prediction Energy Channel Key,Prediction Threshold Key,Forecast Source,Prediction Window Start,Prediction Window End,Observed SEP All Clear,Predicted SEP All Clear,All Clear Match Status
4357,SAWS-ASPECS CME_SOHO 50%,min.10.0.max.-1.0.units.MeV,threshold.10.0.units.1 / (cm2 s sr),False,min.10.0.max.-1.0.units.MeV,threshold.10.0.units.1 / (cm2 s sr),model/SEPVAL2023_Europe/ASPECS/aspecs_jsons/2023/10/31/cme_soho/SAWS_ASPECS_CME_SOHO_50.2011-03-07T201500Z.2011-03-07T194300Z.json,2011-03-07 20:15:00,2011-03-10 01:45:00,False,True,SEP Event
4358,SAWS-ASPECS CME_SOHO 50%,min.10.0.max.-1.0.units.MeV,threshold.10.0.units.1 / (cm2 s sr),False,min.10.0.max.-1.0.units.MeV,threshold.10.0.units.1 / (cm2 s sr),model/SEPVAL2023_Europe/ASPECS/aspecs_jsons/2023/10/31/cme_soho/SAWS_ASPECS_CME_SOHO_50.2011-05-09T211500Z.2011-05-09T204200Z.json,2011-05-09 21:15:00,2011-05-12 02:45:00,True,True,No SEP Event
4359,SAWS-ASPECS CME_SOHO 50%,min.10.0.max.-1.0.units.MeV,threshold.10.0.units.1 / (cm2 s sr),False,min.10.0.max.-1.0.units.MeV,threshold.10.0.units.1 / (cm2 s sr),model/SEPVAL2023_Europe/ASPECS/aspecs_jsons/2023/10/31/cme_soho/SAWS_ASPECS_CME_SOHO_50.2011-06-07T065000Z.2011-06-07T061600Z.json,2011-06-07 06:50:00,2011-06-09 12:20:00,False,True,SEP Event
4360,SAWS-ASPECS CME_SOHO 50%,min.10.0.max.-1.0.units.MeV,threshold.10.0.units.1 / (cm2 s sr),False,min.10.0.max.-1.0.units.MeV,threshold.10.0.units.1 / (cm2 s sr),model/SEPVAL2023_Europe/ASPECS/aspecs_jsons/2023/10/31/cme_soho/SAWS_ASPECS_CME_SOHO_50.2011-08-04T041500Z.2011-08-04T034100Z.json,2011-08-04 04:15:00,2011-08-06 09:45:00,False,False,SEP Event
4361,SAWS-ASPECS CME_SOHO 50%,min.10.0.max.-1.0.units.MeV,threshold.10.0.units.1 / (cm2 s sr),False,min.10.0.max.-1.0.units.MeV,threshold.10.0.units.1 / (cm2 s sr),model/SEPVAL2023_Europe/ASPECS/aspecs_jsons/2023/10/31/cme_soho/SAWS_ASPECS_CME_SOHO_50.2011-08-09T082000Z.2011-08-09T074800Z.json,2011-08-09 08:20:00,2011-08-11 13:50:00,False,False,SEP Event
4362,SAWS-ASPECS CME_SOHO 50%,min.10.0.max.-1.0.units.MeV,threshold.10.0.units.1 / (cm2 s sr),False,min.10.0.max.-1.0.units.MeV,threshold.10.0.units.1 / (cm2 s sr),model/SEPVAL2023_Europe/ASPECS/aspecs_jsons/2023/10/31/cme_soho/SAWS_ASPECS_CME_SOHO_50.2012-01-23T041000Z.2012-01-23T033800Z.json,2012-01-23 04:10:00,2012-01-25 09:40:00,False,False,SEP Event
4363,SAWS-ASPECS CME_SOHO 50%,min.10.0.max.-1.0.units.MeV,threshold.10.0.units.1 / (cm2 s sr),False,min.10.0.max.-1.0.units.MeV,threshold.10.0.units.1 / (cm2 s sr),model/SEPVAL2023_Europe/ASPECS/aspecs_jsons/2023/10/31/cme_soho/SAWS_ASPECS_CME_SOHO_50.2012-01-27T181000Z.2012-01-27T173700Z.json,2012-01-27 18:10:00,2012-01-29 23:40:00,False,False,SEP Event
4364,SAWS-ASPECS CME_SOHO 50%,min.10.0.max.-1.0.units.MeV,threshold.10.0.units.1 / (cm2 s sr),False,min.10.0.max.-1.0.units.MeV,threshold.10.0.units.1 / (cm2 s sr),model/SEPVAL2023_Europe/ASPECS/aspecs_jsons/2023/10/31/cme_soho/SAWS_ASPECS_CME_SOHO_50.2012-03-04T220000Z.2012-03-04T102900Z.json,2012-03-04 22:00:00,2012-03-07 03:30:00,True,True,No SEP Event
4365,SAWS-ASPECS CME_SOHO 50%,min.10.0.max.-1.0.units.MeV,threshold.10.0.units.1 / (cm2 s sr),False,min.10.0.max.-1.0.units.MeV,threshold.10.0.units.1 / (cm2 s sr),model/SEPVAL2023_Europe/ASPECS/aspecs_jsons/2023/10/31/cme_soho/SAWS_ASPECS_CME_SOHO_50.2012-03-05T040000Z.2012-03-05T033000Z.json,2012-03-05 04:00:00,2012-03-07 09:30:00,True,True,Eruption Out of Range
4366,SAWS-ASPECS CME_SOHO 50%,min.10.0.max.-1.0.units.MeV,threshold.10.0.units.1 / (cm2 s sr),False,min.10.0.max.-1.0.units.MeV,threshold.10.0.units.1 / (cm2 s sr),model/SEPVAL2023_Europe/ASPECS/aspecs_jsons/2023/10/31/cme_soho/SAWS_ASPECS_CME_SOHO_50.2012-03-07T013500Z.2012-03-07T010500Z.json,2012-03-07 01:35:00,2012-03-09 07:05:00,False,False,SEP Event
4367,SAWS-ASPECS CME_SOHO 50%,min.10.0.max.-1.0.units.MeV,threshold.10.0.units.1 / (cm2 s sr),False,min.10.0.max.-1.0.units.MeV,threshold.10.0.units.1 / (cm2 s sr),model/SEPVAL2023_Europe/ASPECS/aspecs_jsons/2023/10/31/cme_soho/SAWS_ASPECS_CME_SOHO_50.2012-03-13T165500Z.2012-03-13T162100Z.json,2012-03-13 16:55:00,2012-03-15 22:25:00,False,False,SEP Event
4368,SAWS-ASPECS CME_SOHO 50%,min.10.0.max.-1.0.units.MeV,threshold.10.0.units.1 / (cm2 s sr),False,min.10.0.max.-1.0.units.MeV,threshold.10.0.units.1 / (cm2 s sr),model/SEPVAL2023_Europe/ASPECS/aspecs_jsons/2023/10/31/cme_soho/SAWS_ASPECS_CME_SOHO_50.2012-05-17T015500Z.2012-05-17T012500Z.json,2012-05-17 01:55:00,2012-05-19 07:25:00,False,False,SEP Event
4369,SAWS-ASPECS CME_SOHO 50%,min.10.0.max.-1.0.units.MeV,threshold.10.0.units.1 / (cm2 s sr),False,min.10.0.max.-1.0.units.MeV,threshold.10.0.units.1 / (cm2 s sr),model/SEPVAL2023_Europe/ASPECS/aspecs_jsons/2023/10/31/cme_soho/SAWS_ASPECS_CME_SOHO_50.2012-06-13T120000Z.2012-06-13T112900Z.json,2012-06-13 12:00:00,2012-06-15 17:30:00,True,True,No SEP Event
4370,SAWS-ASPECS CME_SOHO 50%,min.10.0.max.-1.0.units.MeV,threshold.10.0.units.1 / (cm2 s sr),False,min.10.0.max.-1.0.units.MeV,threshold.10.0.units.1 / (cm2 s sr),model/SEPVAL2023_Europe/ASPECS/aspecs_jsons/2023/10/31/cme_soho/SAWS_ASPECS_CME_SOHO_50.2012-06-29T094500Z.2012-06-29T091300Z.json,2012-06-29 09:45:00,2012-07-01 15:15:00,True,True,No SEP Event
4371,SAWS-ASPECS CME_SOHO 50%,min.10.0.max.-1.0.units.MeV,threshold.10.0.units.1 / (cm2 s sr),False,min.10.0.max.-1.0.units.MeV,threshold.10.0.units.1 / (cm2 s sr),model/SEPVAL2023_Europe/ASPECS/aspecs_jsons/2023/10/31/cme_soho/SAWS_ASPECS_CME_SOHO_50.2012-07-06T233500Z.2012-07-06T230100Z.json,2012-07-06 23:35:00,2012-07-09 05:05:00,False,False,SEP Event
4372,SAWS-ASPECS CME_SOHO 50%,min.10.0.max.-1.0.units.MeV,threshold.10.0.units.1 / (cm2 s sr),False,min.10.0.max.-1.0.units.MeV,threshold.10.0.units.1 / (cm2 s sr),model/SEPVAL2023_Europe/ASPECS/aspecs_jsons/2023/10/31/cme_soho/SAWS_ASPECS_CME_SOHO_50.2012-07-12T161000Z.2012-07-12T153700Z.json,2012-07-12 16:10:00,2012-07-14 21:40:00,False,False,SEP Event
4373,SAWS-ASPECS CME_SOHO 50%,min.10.0.max.-1.0.units.MeV,threshold.10.0.units.1 / (cm2 s sr),False,min.10.0.max.-1.0.units.MeV,threshold.10.0.units.1 / (cm2 s sr),model/SEPVAL2023_Europe/ASPECS/aspecs_jsons/2023/10/31/cme_soho/SAWS_ASPECS_CME_SOHO_50.2012-07-23T031000Z.2012-07-23T023600Z.json,2012-07-23 03:10:00,2012-07-25 08:40:00,False,True,SEP Event
4374,SAWS-ASPECS CME_SOHO 50%,min.10.0.max.-1.0.units.MeV,threshold.10.0.units.1 / (cm2 s sr),False,min.10.0.max.-1.0.units.MeV,threshold.10.0.units.1 / (cm2 s sr),model/SEPVAL2023_Europe/ASPECS/aspecs_jsons/2023/10/31/cme_soho/SAWS_ASPECS_CME_SOHO_50.2012-09-28T001000Z.2012-09-27T233600Z.json,2012-09-28 00:10:00,2012-09-30 05:40:00,False,True,SEP Event
4375,SAWS-ASPECS CME_SOHO 50%,min.10.0.max.-1.0.units.MeV,threshold.10.0.units.1 / (cm2 s sr),False,min.10.0.max.-1.0.units.MeV,threshold.10.0.units.1 / (cm2 s sr),model/SEPVAL2023_Europe/ASPECS/aspecs_jsons/2023/10/31/cme_soho/SAWS_ASPECS_CME_SOHO_50.2013-04-11T072500Z.2013-04-11T065500Z.json,2013-04-11 07:25:00,2013-04-13 12:55:00,False,False,SEP Event
4376,SAWS-ASPECS CME_SOHO 50%,min.10.0.max.-1.0.units.MeV,threshold.10.0.units.1 / (cm2 s sr),False,min.10.0.max.-1.0.units.MeV,threshold.10.0.units.1 / (cm2 s sr),model/SEPVAL2023_Europe/ASPECS/aspecs_jsons/2023/10/31/cme_soho/SAWS_ASPECS_CME_SOHO_50.2013-05-22T130000Z.2013-05-22T123000Z.json,2013-05-22 13:00:00,2013-05-24 18:30:00,False,False,SEP Event
4377,SAWS-ASPECS CME_SOHO 50%,min.10.0.max.-1.0.units.MeV,threshold.10.0.units.1 / (cm2 s sr),False,min.10.0.max.-1.0.units.MeV,threshold.10.0.units.1 / (cm2 s sr),model/SEPVAL2023_Europe/ASPECS/aspecs_jsons/2023/10/31/cme_soho/SAWS_ASPECS_CME_SOHO_50.2013-06-07T230500Z.2013-06-07T223200Z.json,2013-06-07 23:05:00,2013-06-10 04:35:00,True,True,No SEP Event
4378,SAWS-ASPECS CME_SOHO 50%,min.10.0.max.-1.0.units.MeV,threshold.10.0.units.1 / (cm2 s sr),False,min.10.0.max.-1.0.units.MeV,threshold.10.0.units.1 / (cm2 s sr),model/SEPVAL2023_Europe/ASPECS/aspecs_jsons/2023/10/31/cme_soho/SAWS_ASPECS_CME_SOHO_50.2013-06-28T034000Z.2013-06-28T013600Z.json,2013-06-28 03:40:00,2013-06-30 09:10:00,True,True,No SEP Event
4379,SAWS-ASPECS CME_SOHO 50%,min.10.0.max.-1.0.units.MeV,threshold.10.0.units.1 / (cm2 s sr),False,min.10.0.max.-1.0.units.MeV,threshold.10.0.units.1 / (cm2 s sr),model/SEPVAL2023_Europe/ASPECS/aspecs_jsons/2023/10/31/cme_soho/SAWS_ASPECS_CME_SOHO_50.2013-09-29T221500Z.2013-09-29T214300Z.json,2013-09-29 22:15:00,2013-10-02 03:45:00,False,True,SEP Event
4380,SAWS-ASPECS CME_SOHO 50%,min.10.0.max.-1.0.units.MeV,threshold.10.0.units.1 / (cm2 s sr),False,min.10.0.max.-1.0.units.MeV,threshold.10.0.units.1 / (cm2 s sr),model/SEPVAL2023_Europe/ASPECS/aspecs_jsons/2023/10/31/cme_soho/SAWS_ASPECS_CME_SOHO_50.2014-01-06T083000Z.2014-01-06T080000Z.json,2014-01-06 08:30:00,2014-01-08 14:00:00,False,True,SEP Event
4382,SAWS-ASPECS CME_SOHO 50%,min.10.0.max.-1.0.units.MeV,threshold.10.0.units.1 / (cm2 s sr),False,min.10.0.max.-1.0.units.MeV,threshold.10.0.units.1 / (cm2 s sr),model/SEPVAL2023_Europe/ASPECS/aspecs_jsons/2023/10/31/cme_soho/SAWS_ASPECS_CME_SOHO_50.2014-02-25T011500Z.2014-02-25T004100Z.json,2014-02-25 01:15:00,2014-02-27 06:45:00,False,False,SEP Event
4383,SAWS-ASPECS CME_SOHO 50%,min.10.0.max.-1.0.units.MeV,threshold.10.0.units.1 / (cm2 s sr),False,min.10.0.max.-1.0.units.MeV,threshold.10.0.units.1 / (cm2 s sr),model/SEPVAL2023_Europe/ASPECS/aspecs_jsons/2023/10/31/cme_soho/SAWS_ASPECS_CME_SOHO_50.2014-04-18T130500Z.2014-04-18T123100Z.json,2014-04-18 13:05:00,2014-04-20 18:35:00,False,False,SEP Event
4384,SAWS-ASPECS CME_SOHO 50%,min.10.0.max.-1.0.units.MeV,threshold.10.0.units.1 / (cm2 s sr),False,min.10.0.max.-1.0.units.MeV,threshold.10.0.units.1 / (cm2 s sr),model/SEPVAL2023_Europe/ASPECS/aspecs_jsons/2023/10/31/cme_soho/SAWS_ASPECS_CME_SOHO_50.2014-08-01T183000Z.2014-08-01T180000Z.json,2014-08-01 18:30:00,2014-08-04 00:00:00,True,True,No SEP Event
4385,SAWS-ASPECS CME_SOHO 50%,min.10.0.max.-1.0.units.MeV,threshold.10.0.units.1 / (cm2 s sr),False,min.10.0.max.-1.0.units.MeV,threshold.10.0.units.1 / (cm2 s sr),model/SEPVAL2023_Europe/ASPECS/aspecs_jsons/2023/10/31/cme_soho/SAWS_ASPECS_CME_SOHO_50.2014-09-10T193000Z.2014-09-10T172100Z.json,2014-09-10 19:30:00,2014-09-13 00:00:00,False,False,SEP Event
4386,SAWS-ASPECS CME_SOHO 50%,min.10.0.max.-1.0.units.MeV,threshold.10.0.units.1 / (cm2 s sr),False,min.10.0.max.-1.0.units.MeV,threshold.10.0.units.1 / (cm2 s sr),model/SEPVAL2023_Europe/ASPECS/aspecs_jsons/2023/10/31/cme_soho/SAWS_ASPECS_CME_SOHO_50.2014-10-24T081000Z.2014-10-24T073700Z.json,2014-10-24 08:10:00,2014-10-26 13:40:00,True,True,No SEP Event
4387,SAWS-ASPECS CME_SOHO 50%,min.10.0.max.-1.0.units.MeV,threshold.10.0.units.1 / (cm2 s sr),False,min.10.0.max.-1.0.units.MeV,threshold.10.0.units.1 / (cm2 s sr),model/SEPVAL2023_Europe/ASPECS/aspecs_jsons/2023/10/31/cme_soho/SAWS_ASPECS_CME_SOHO_50.2014-11-06T040500Z.2014-11-06T033200Z.json,2014-11-06 04:05:00,2014-11-08 09:35:00,True,True,No SEP Event
4388,SAWS-ASPECS CME_SOHO 50%,min.10.0.max.-1.0.units.MeV,threshold.10.0.units.1 / (cm2 s sr),False,min.10.0.max.-1.0.units.MeV,threshold.10.0.units.1 / (cm2 s sr),model/SEPVAL2023_Europe/ASPECS/aspecs_jsons/2023/10/31/cme_soho/SAWS_ASPECS_CME_SOHO_50.2014-11-07T172500Z.2014-11-07T165300Z.json,2014-11-07 17:25:00,2014-11-09 22:55:00,True,True,No SEP Event
4389,SAWS-ASPECS CME_SOHO 50%,min.10.0.max.-1.0.units.MeV,threshold.10.0.units.1 / (cm2 s sr),False,min.10.0.max.-1.0.units.MeV,threshold.10.0.units.1 / (cm2 s sr),model/SEPVAL2023_Europe/ASPECS/aspecs_jsons/2023/10/31/cme_soho/SAWS_ASPECS_CME_SOHO_50.2014-12-17T045500Z.2014-12-17T042500Z.json,2014-12-17 04:55:00,2014-12-19 10:25:00,True,True,No SEP Event
4390,SAWS-ASPECS CME_SOHO 50%,min.10.0.max.-1.0.units.MeV,threshold.10.0.units.1 / (cm2 s sr),False,min.10.0.max.-1.0.units.MeV,threshold.10.0.units.1 / (cm2 s sr),model/SEPVAL2023_Europe/ASPECS/aspecs_jsons/2023/10/31/cme_soho/SAWS_ASPECS_CME_SOHO_50.2014-12-18T221500Z.2014-12-18T214100Z.json,2014-12-18 22:15:00,2014-12-21 03:45:00,True,True,No SEP Event
4391,SAWS-ASPECS CME_SOHO 50%,min.10.0.max.-1.0.units.MeV,threshold.10.0.units.1 / (cm2 s sr),False,min.10.0.max.-1.0.units.MeV,threshold.10.0.units.1 / (cm2 s sr),model/SEPVAL2023_Europe/ASPECS/aspecs_jsons/2023/10/31/cme_soho/SAWS_ASPECS_CME_SOHO_50.2015-03-10T000000Z.2015-03-09T232900Z.json,2015-03-10 00:00:00,2015-03-12 05:30:00,True,True,No SEP Event
4392,SAWS-ASPECS CME_SOHO 50%,min.10.0.max.-1.0.units.MeV,threshold.10.0.units.1 / (cm2 s sr),False,min.10.0.max.-1.0.units.MeV,threshold.10.0.units.1 / (cm2 s sr),model/SEPVAL2023_Europe/ASPECS/aspecs_jsons/2023/10/31/cme_soho/SAWS_ASPECS_CME_SOHO_50.2015-10-29T031000Z.2015-10-29T023600Z.json,2015-10-29 03:10:00,2015-10-31 08:40:00,False,True,SEP Event
4393,SAWS-ASPECS CME_SOHO 50%,min.10.0.max.-1.0.units.MeV,threshold.10.0.units.1 / (cm2 s sr),False,min.10.0.max.-1.0.units.MeV,threshold.10.0.units.1 / (cm2 s sr),model/SEPVAL2023_Europe/ASPECS/aspecs_jsons/2023/10/31/cme_soho/SAWS_ASPECS_CME_SOHO_50.2016-07-23T053000Z.2016-07-23T050000Z.json,2016-07-23 05:30:00,2016-07-25 11:00:00,True,False,No SEP Event
4394,SAWS-ASPECS CME_SOHO 50%,min.10.0.max.-1.0.units.MeV,threshold.10.0.units.1 / (cm2 s sr),False,min.10.0.max.-1.0.units.MeV,threshold.10.0.units.1 / (cm2 s sr),model/SEPVAL2023_Europe/ASPECS/aspecs_jsons/2023/10/31/cme_soho/SAWS_ASPECS_CME_SOHO_50.2017-07-14T014000Z.2017-07-14T010700Z.json,2017-07-14 01:40:00,2017-07-16 07:10:00,False,True,SEP Event
4395,SAWS-ASPECS CME_SOHO 50%,min.10.0.max.-1.0.units.MeV,threshold.10.0.units.1 / (cm2 s sr),False,min.10.0.max.-1.0.units.MeV,threshold.10.0.units.1 / (cm2 s sr),model/SEPVAL2023_Europe/ASPECS/aspecs_jsons/2023/10/31/cme_soho/SAWS_ASPECS_CME_SOHO_50.2017-09-04T214000Z.2017-09-04T202800Z.json,2017-09-04 21:40:00,2017-09-07 03:10:00,False,False,SEP Event
4397,SAWS-ASPECS CME_SOHO 50%,min.10.0.max.-1.0.units.MeV,threshold.10.0.units.1 / (cm2 s sr),False,min.10.0.max.-1.0.units.MeV,threshold.10.0.units.1 / (cm2 s sr),model/SEPVAL2023_Europe/ASPECS/aspecs_jsons/2023/10/31/cme_soho/SAWS_ASPECS_CME_SOHO_50.2017-09-10T160500Z.2017-09-10T153500Z.json,2017-09-10 16:05:00,2017-09-12 21:35:00,False,False,SEP Event
4398,SAWS-ASPECS CME_SOHO 50%,min.10.0.max.-1.0.units.MeV,threshold.10.0.units.1 / (cm2 s sr),False,min.10.0.max.-1.0.units.MeV,threshold.10.0.units.1 / (cm2 s sr),model/SEPVAL2023_Europe/ASPECS/aspecs_jsons/2023/10/31/cme_soho/SAWS_ASPECS_CME_SOHO_50.2021-05-28T225000Z.2021-05-28T221900Z.json,2021-05-28 22:50:00,2021-05-31 04:20:00,False,True,SEP Event
4399,SAWS-ASPECS CME_SOHO 50%,min.10.0.max.-1.0.units.MeV,threshold.10.0.units.1 / (cm2 s sr),False,min.10.0.max.-1.0.units.MeV,threshold.10.0.units.1 / (cm2 s sr),model/SEPVAL2023_Europe/ASPECS/aspecs_jsons/2023/10/31/cme_soho/SAWS_ASPECS_CME_SOHO_50.2021-10-28T155000Z.2021-10-28T151700Z.json,2021-10-28 15:50:00,2021-10-30 21:20:00,False,False,SEP Event
4400,SAWS-ASPECS CME_SOHO 50%,min.10.0.max.-1.0.units.MeV,threshold.10.0.units.1 / (cm2 s sr),False,min.10.0.max.-1.0.units.MeV,threshold.10.0.units.1 / (cm2 s sr),model/SEPVAL2023_Europe/ASPECS/aspecs_jsons/2023/10/31/cme_soho/SAWS_ASPECS_CME_SOHO_50.2021-11-01T013000Z.2021-11-01T005700Z.json,2021-11-01 01:30:00,2021-11-03 07:00:00,True,True,No SEP Event
4401,SAWS-ASPECS CME_SOHO 50%,min.10.0.max.-1.0.units.MeV,threshold.10.0.units.1 / (cm2 s sr),False,min.10.0.max.-1.0.units.MeV,threshold.10.0.units.1 / (cm2 s sr),model/SEPVAL2023_Europe/ASPECS/aspecs_jsons/2023/10/31/cme_soho/SAWS_ASPECS_CME_SOHO_50.2021-11-02T023500Z.2021-11-02T020300Z.json,2021-11-02 02:35:00,2021-11-04 08:05:00,True,True,No SEP Event
4402,SAWS-ASPECS CME_SOHO 50%,min.10.0.max.-1.0.units.MeV,threshold.10.0.units.1 / (cm2 s sr),False,min.10.0.max.-1.0.units.MeV,threshold.10.0.units.1 / (cm2 s sr),model/SEPVAL2023_Europe/ASPECS/aspecs_jsons/2023/10/31/cme_soho/SAWS_ASPECS_CME_SOHO_50.2022-01-18T173500Z.2022-01-18T170100Z.json,2022-01-18 17:35:00,2022-01-20 23:05:00,True,True,Eruption Out of Range
4403,SAWS-ASPECS CME_SOHO 50%,min.10.0.max.-1.0.units.MeV,threshold.10.0.units.1 / (cm2 s sr),False,min.10.0.max.-1.0.units.MeV,threshold.10.0.units.1 / (cm2 s sr),model/SEPVAL2023_Europe/ASPECS/aspecs_jsons/2023/10/31/cme_soho/SAWS_ASPECS_CME_SOHO_50.2022-01-20T061500Z.2022-01-20T054100Z.json,2022-01-20 06:15:00,2022-01-22 11:45:00,False,False,SEP Event
4404,SAWS-ASPECS CME_SOHO 50%,min.10.0.max.-1.0.units.MeV,threshold.10.0.units.1 / (cm2 s sr),False,min.10.0.max.-1.0.units.MeV,threshold.10.0.units.1 / (cm2 s sr),model/SEPVAL2023_Europe/ASPECS/aspecs_jsons/2023/10/31/cme_soho/SAWS_ASPECS_CME_SOHO_50.2022-03-28T113000Z.2022-03-28T105800Z.json,2022-03-28 11:30:00,2022-03-30 17:00:00,False,True,SEP Event
4405,SAWS-ASPECS CME_SOHO 50%,min.10.0.max.-1.0.units.MeV,threshold.10.0.units.1 / (cm2 s sr),False,min.10.0.max.-1.0.units.MeV,threshold.10.0.units.1 / (cm2 s sr),model/SEPVAL2023_Europe/ASPECS/aspecs_jsons/2023/10/31/cme_soho/SAWS_ASPECS_CME_SOHO_50.2022-04-02T133000Z.2022-04-02T125600Z.json,2022-04-02 13:30:00,2022-04-04 19:00:00,False,True,SEP Event
4406,SAWS-ASPECS CME_SOHO 50%,min.10.0.max.-1.0.units.MeV,threshold.10.0.units.1 / (cm2 s sr),False,min.10.0.max.-1.0.units.MeV,threshold.10.0.units.1 / (cm2 s sr),model/SEPVAL2023_Europe/ASPECS/aspecs_jsons/2023/10/31/cme_soho/SAWS_ASPECS_CME_SOHO_50.2022-04-17T035000Z.2022-04-17T031700Z.json,2022-04-17 03:50:00,2022-04-19 09:20:00,True,False,No SEP Event
4407,SAWS-ASPECS CME_SOHO 50%,min.10.0.max.-1.0.units.MeV,threshold.10.0.units.1 / (cm2 s sr),False,min.10.0.max.-1.0.units.MeV,threshold.10.0.units.1 / (cm2 s sr),model/SEPVAL2023_Europe/ASPECS/aspecs_jsons/2023/10/31/cme_soho/SAWS_ASPECS_CME_SOHO_50.2022-04-20T041500Z.2022-04-20T034100Z.json,2022-04-20 04:15:00,2022-04-22 09:45:00,True,False,No SEP Event
4408,SAWS-ASPECS CME_SOHO 50%,min.10.0.max.-1.0.units.MeV,threshold.10.0.units.1 / (cm2 s sr),False,min.10.0.max.-1.0.units.MeV,threshold.10.0.units.1 / (cm2 s sr),model/SEPVAL2023_Europe/ASPECS/aspecs_jsons/2023/10/31/cme_soho/SAWS_ASPECS_CME_SOHO_50.2022-04-29T074500Z.2022-04-29T071500Z.json,2022-04-29 07:45:00,2022-05-01 13:15:00,True,True,No SEP Event
4409,SAWS-ASPECS CME_SOHO 50%,min.10.0.max.-1.0.units.MeV,threshold.10.0.units.1 / (cm2 s sr),False,min.10.0.max.-1.0.units.MeV,threshold.10.0.units.1 / (cm2 s sr),model/SEPVAL2023_Europe/ASPECS/aspecs_jsons/2023/10/31/cme_soho/SAWS_ASPECS_CME_SOHO_50.2022-05-25T184500Z.2022-05-25T181200Z.json,2022-05-25 18:45:00,2022-05-28 00:15:00,True,True,No SEP Event
4410,SAWS-ASPECS CME_SOHO 50%,min.10.0.max.-1.0.units.MeV,threshold.10.0.units.1 / (cm2 s sr),False,min.10.0.max.-1.0.units.MeV,threshold.10.0.units.1 / (cm2 s sr),model/SEPVAL2023_Europe/ASPECS/aspecs_jsons/2023/10/31/cme_soho/SAWS_ASPECS_CME_SOHO_50.2022-08-17T140000Z.2022-08-17T132600Z.json,2022-08-17 14:00:00,2022-08-19 19:30:00,True,True,No SEP Event
4411,SAWS-ASPECS CME_SOHO 50%,min.10.0.max.-1.0.units.MeV,threshold.10.0.units.1 / (cm2 s sr),False,min.10.0.max.-1.0.units.MeV,threshold.10.0.units.1 / (cm2 s sr),model/SEPVAL2023_Europe/ASPECS/aspecs_jsons/2023/10/31/cme_soho/SAWS_ASPECS_CME_SOHO_50.2022-08-18T111000Z.2022-08-18T103700Z.json,2022-08-18 11:10:00,2022-08-20 16:40:00,True,True,No SEP Event
4412,SAWS-ASPECS CME_SOHO 50%,min.10.0.max.-1.0.units.MeV,threshold.10.0.units.1 / (cm2 s sr),False,min.10.0.max.-1.0.units.MeV,threshold.10.0.units.1 / (cm2 s sr),model/SEPVAL2023_Europe/ASPECS/aspecs_jsons/2023/10/31/cme_soho/SAWS_ASPECS_CME_SOHO_50.2022-08-19T044500Z.2022-08-19T041400Z.json,2022-08-19 04:45:00,2022-08-21 10:15:00,True,True,No SEP Event
4413,SAWS-ASPECS CME_SOHO 50%,min.10.0.max.-1.0.units.MeV,threshold.10.0.units.1 / (cm2 s sr),False,min.10.0.max.-1.0.units.MeV,threshold.10.0.units.1 / (cm2 s sr),model/SEPVAL2023_Europe/ASPECS/aspecs_jsons/2023/10/31/cme_soho/SAWS_ASPECS_CME_SOHO_50.2022-08-27T022500Z.2022-08-27T015200Z.json,2022-08-27 02:25:00,2022-08-29 07:55:00,False,False,SEP Event
4414,SAWS-ASPECS CME_SOHO 50%,min.10.0.max.-1.0.units.MeV,threshold.10.0.units.1 / (cm2 s sr),False,min.10.0.max.-1.0.units.MeV,threshold.10.0.units.1 / (cm2 s sr),model/SEPVAL2023_Europe/ASPECS/aspecs_jsons/2023/10/31/cme_soho/SAWS_ASPECS_CME_SOHO_50.2022-08-29T164500Z.2022-08-29T161500Z.json,2022-08-29 16:45:00,2022-08-31 22:15:00,True,True,No SEP Event
4415,SAWS-ASPECS CME_SOHO 50%,min.10.0.max.-1.0.units.MeV,threshold.10.0.units.1 / (cm2 s sr),False,min.10.0.max.-1.0.units.MeV,threshold.10.0.units.1 / (cm2 s sr),model/SEPVAL2023_Europe/ASPECS/aspecs_jsons/2023/10/31/cme_soho/SAWS_ASPECS_CME_SOHO_50.2022-08-30T183500Z.2022-08-30T180500Z.json,2022-08-30 18:35:00,2022-09-02 00:05:00,True,True,No SEP Event
4416,SAWS-ASPECS CME_SOHO 50%,min.10.0.max.-1.0.units.MeV,threshold.10.0.units.1 / (cm2 s sr),False,min.10.0.max.-1.0.units.MeV,threshold.10.0.units.1 / (cm2 s sr),model/SEPVAL2023_Europe/ASPECS/aspecs_jsons/2023/10/31/cme_soho/SAWS_ASPECS_CME_SOHO_50.2022-12-01T073500Z.2022-12-01T070400Z.json,2022-12-01 07:35:00,2022-12-03 13:05:00,True,True,No SEP Event
4417,SAWS-ASPECS CME_SOHO 50%,min.10.0.max.-1.0.units.MeV,threshold.10.0.units.1 / (cm2 s sr),False,min.10.0.max.-1.0.units.MeV,threshold.10.0.units.1 / (cm2 s sr),model/SEPVAL2023_Europe/ASPECS/aspecs_jsons/2023/10/31/cme_soho/SAWS_ASPECS_CME_SOHO_50.2023-02-25T191000Z.2023-02-25T184000Z.json,2023-02-25 19:10:00,2023-02-28 00:40:00,False,False,SEP Event
4418,SAWS-ASPECS CME_SOHO 50%,min.10.0.max.-1.0.units.MeV,threshold.10.0.units.1 / (cm2 s sr),False,min.10.0.max.-1.0.units.MeV,threshold.10.0.units.1 / (cm2 s sr),model/SEPVAL2023_Europe/ASPECS/aspecs_jsons/2023/10/31/cme_soho/SAWS_ASPECS_CME_SOHO_50.2023-03-04T155000Z.2023-03-04T151900Z.json,2023-03-04 15:50:00,2023-03-06 21:20:00,True,False,No SEP Event
4419,SAWS-ASPECS CME_SOHO 50%,min.10.0.max.-1.0.units.MeV,threshold.10.0.units.1 / (cm2 s sr),False,min.10.0.max.-1.0.units.MeV,threshold.10.0.units.1 / (cm2 s sr),model/SEPVAL2023_Europe/ASPECS/aspecs_jsons/2023/10/31/cme_soho/SAWS_ASPECS_CME_SOHO_50.2023-03-06T024000Z.2023-03-06T020800Z.json,2023-03-06 02:40:00,2023-03-08 08:10:00,True,False,No SEP Event
