,Model,Energy Channel Key,Threshold Key,Mismatch Allowed,Prediction Energy Channel Key,Prediction Threshold Key,Forecast Source,Prediction Window Start,Prediction Window End,Observed SEP Duration,Predicted SEP Duration,Duration Match Status
2649,SEPMOD,min.30.0.max.-1.0.units.MeV,threshold.1.0.units.1 / (cm2 s sr),False,min.30.0.max.-1.0.units.MeV,threshold.1.0.units.1 / (cm2 s sr),model/SEPVAL2023_Europe/ENLIL+SEPMOD/jsons/SEPMOD_integral.2011-03-07T003000Z.json,2011-03-07 00:30:00,2011-03-13 23:30:00,26.833333333333332,13.0,SEP Event
2651,SEPMOD,min.30.0.max.-1.0.units.MeV,threshold.1.0.units.1 / (cm2 s sr),False,min.30.0.max.-1.0.units.MeV,threshold.1.0.units.1 / (cm2 s sr),model/SEPVAL2023_Europe/ENLIL+SEPMOD/jsons/SEPMOD_integral.2011-06-07T003000Z.json,2011-06-07 00:30:00,2011-06-13 23:30:00,49.666666666666664,12.0,SEP Event
2652,SEPMOD,min.30.0.max.-1.0.units.MeV,threshold.1.0.units.1 / (cm2 s sr),False,min.30.0.max.-1.0.units.MeV,threshold.1.0.units.1 / (cm2 s sr),model/SEPVAL2023_Europe/ENLIL+SEPMOD/jsons/SEPMOD_integral.2011-08-04T003000Z.json,2011-08-04 00:30:00,2011-08-10 23:30:00,42.5,14.0,SEP Event
2654,SEPMOD,min.30.0.max.-1.0.units.MeV,threshold.1.0.units.1 / (cm2 s sr),False,min.30.0.max.-1.0.units.MeV,threshold.1.0.units.1 / (cm2 s sr),model/SEPVAL2023_Europe/ENLIL+SEPMOD/jsons/SEPMOD_integral.2012-01-23T003000Z.json,2012-01-23 00:30:00,2012-01-29 23:30:00,83.16666666666667,33.0,SEP Event
2655,SEPMOD,min.30.0.max.-1.0.units.MeV,threshold.1.0.units.1 / (cm2 s sr),False,min.30.0.max.-1.0.units.MeV,threshold.1.0.units.1 / (cm2 s sr),model/SEPVAL2023_Europe/ENLIL+SEPMOD/jsons/SEPMOD_integral.2012-01-27T003000Z.json,2012-01-27 00:30:00,2012-02-02 23:30:00,84.5,2.0,SEP Event
2658,SEPMOD,min.30.0.max.-1.0.units.MeV,threshold.1.0.units.1 / (cm2 s sr),False,min.30.0.max.-1.0.units.MeV,threshold.1.0.units.1 / (cm2 s sr),model/SEPVAL2023_Europe/ENLIL+SEPMOD/jsons/SEPMOD_integral.2012-03-07T003000Z.json,2012-03-07 00:30:00,2012-03-13 23:30:00,135.83333333333334,11.0,SEP Event
2659,SEPMOD,min.30.0.max.-1.0.units.MeV,threshold.1.0.units.1 / (cm2 s sr),False,min.30.0.max.-1.0.units.MeV,threshold.1.0.units.1 / (cm2 s sr),model/SEPVAL2023_Europe/ENLIL+SEPMOD/jsons/SEPMOD_integral.2012-03-13T003000Z.json,2012-03-13 00:30:00,2012-03-19 23:30:00,36.5,17.0,SEP Event
2660,SEPMOD,min.30.0.max.-1.0.units.MeV,threshold.1.0.units.1 / (cm2 s sr),False,min.30.0.max.-1.0.units.MeV,threshold.1.0.units.1 / (cm2 s sr),model/SEPVAL2023_Europe/ENLIL+SEPMOD/jsons/SEPMOD_integral.2012-05-17T003000Z.json,2012-05-17 00:30:00,2012-05-23 23:30:00,45.166666666666664,5.0,SEP Event
2665,SEPMOD,min.30.0.max.-1.0.units.MeV,threshold.1.0.units.1 / (cm2 s sr),False,min.30.0.max.-1.0.units.MeV,threshold.1.0.units.1 / (cm2 s sr),model/SEPVAL2023_Europe/ENLIL+SEPMOD/jsons/SEPMOD_integral.2012-09-28T003000Z.json,2012-09-28 00:30:00,2012-10-04 23:30:00,12.583333333333334,17.0,SEP Event
2667,SEPMOD,min.30.0.max.-1.0.units.MeV,threshold.1.0.units.1 / (cm2 s sr),False,min.30.0.max.-1.0.units.MeV,threshold.1.0.units.1 / (cm2 s sr),model/SEPVAL2023_Europe/ENLIL+SEPMOD/jsons/SEPMOD_integral.2013-05-22T003000Z.json,2013-05-22 00:30:00,2013-05-28 23:30:00,62.583333333333336,18.0,SEP Event
2670,SEPMOD,min.30.0.max.-1.0.units.MeV,threshold.1.0.units.1 / (cm2 s sr),False,min.30.0.max.-1.0.units.MeV,threshold.1.0.units.1 / (cm2 s sr),model/SEPVAL2023_Europe/ENLIL+SEPMOD/jsons/SEPMOD_integral.2013-09-29T003000Z.json,2013-09-29 00:30:00,2013-10-05 23:30:00,47.333333333333336,31.0,SEP Event
2674,SEPMOD,min.30.0.max.-1.0.units.MeV,threshold.1.0.units.1 / (cm2 s sr),False,min.30.0.max.-1.0.units.MeV,threshold.1.0.units.1 / (cm2 s sr),model/SEPVAL2023_Europe/ENLIL+SEPMOD/jsons/SEPMOD_integral.2014-04-18T003000Z.json,2014-04-18 00:30:00,2014-04-24 23:30:00,34.833333333333336,13.0,SEP Event
2676,SEPMOD,min.30.0.max.-1.0.units.MeV,threshold.1.0.units.1 / (cm2 s sr),False,min.30.0.max.-1.0.units.MeV,threshold.1.0.units.1 / (cm2 s sr),model/SEPVAL2023_Europe/ENLIL+SEPMOD/jsons/SEPMOD_integral.2014-09-10T003000Z.json,2014-09-10 00:30:00,2014-09-16 23:30:00,47.416666666666664,13.0,SEP Event
2686,SEPMOD,min.30.0.max.-1.0.units.MeV,threshold.1.0.units.1 / (cm2 s sr),False,min.30.0.max.-1.0.units.MeV,threshold.1.0.units.1 / (cm2 s sr),model/SEPVAL2023_Europe/ENLIL+SEPMOD/jsons/SEPMOD_integral.2017-09-06T003000Z.json,2017-09-06 00:30:00,2017-09-12 23:30:00,46.833333333333336,14.0,SEP Event
2687,SEPMOD,min.30.0.max.-1.0.units.MeV,threshold.1.0.units.1 / (cm2 s sr),False,min.30.0.max.-1.0.units.MeV,threshold.1.0.units.1 / (cm2 s sr),model/SEPVAL2023_Europe/ENLIL+SEPMOD/jsons/SEPMOD_integral.2021-05-29T003000Z.json,2021-05-29 00:30:00,2021-06-04 23:30:00,2.5,1.0,SEP Event
2688,SEPMOD,min.30.0.max.-1.0.units.MeV,threshold.1.0.units.1 / (cm2 s sr),False,min.30.0.max.-1.0.units.MeV,threshold.1.0.units.1 / (cm2 s sr),model/SEPVAL2023_Europe/ENLIL+SEPMOD/jsons/SEPMOD_integral.2021-10-28T003000Z.json,2021-10-28 00:30:00,2021-11-03 23:30:00,91.58333333333333,26.0,SEP Event
2694,SEPMOD,min.30.0.max.-1.0.units.MeV,threshold.1.0.units.1 / (cm2 s sr),False,min.30.0.max.-1.0.units.MeV,threshold.1.0.units.1 / (cm2 s sr),model/SEPVAL2023_Europe/ENLIL+SEPMOD/jsons/SEPMOD_integral.2022-04-02T003126Z.json,2022-04-02 00:31:26,2022-04-08 23:30:00,12.916666666666666,15.0,SEP Event
2702,SEPMOD,min.30.0.max.-1.0.units.MeV,threshold.1.0.units.1 / (cm2 s sr),False,min.30.0.max.-1.0.units.MeV,threshold.1.0.units.1 / (cm2 s sr),model/SEPVAL2023_Europe/ENLIL+SEPMOD/jsons/SEPMOD_integral.2022-08-27T003000Z.json,2022-08-27 00:30:00,2022-09-02 23:30:00,0.6666666666666666,3.0,SEP Event
2706,SEPMOD,min.30.0.max.-1.0.units.MeV,threshold.1.0.units.1 / (cm2 s sr),False,min.30.0.max.-1.0.units.MeV,threshold.1.0.units.1 / (cm2 s sr),model/SEPVAL2023_Europe/ENLIL+SEPMOD/jsons/SEPMOD_integral.2023-02-25T003000Z.json,2023-02-25 00:30:00,2023-03-03 23:30:00,17.166666666666668,5.0,SEP Event
