,Model,Energy Channel Key,Threshold Key,Mismatch Allowed,Prediction Energy Channel Key,Prediction Threshold Key,Forecast Source,Prediction Window Start,Prediction Window End,Observed SEP Duration,Predicted SEP Duration,Duration Match Status
2417,ZEUS+iPATH_CME,min.30.0.max.-1.0.units.MeV,threshold.1.0.units.1 / (cm2 s sr),False,min.30.0.max.-1.0.units.MeV,threshold.1.0.units.1 / (cm2 s sr),./model/SEPVAL2023_Europe/iPATH/jsons/ZEUS+iPATH_CME_differential.2011-03-07T214120Z.2023-08-29T091225Z.json,2011-03-07 21:41:20,2011-03-10 20:41:20,26.833333333333332,42.0,SEP Event
2423,ZEUS+iPATH_CME,min.30.0.max.-1.0.units.MeV,threshold.1.0.units.1 / (cm2 s sr),False,min.30.0.max.-1.0.units.MeV,threshold.1.0.units.1 / (cm2 s sr),./model/SEPVAL2023_Europe/iPATH/jsons/ZEUS+iPATH_CME_differential.2012-01-27T184600Z.2023-08-29T091238Z.json,2012-01-27 18:46:00,2012-01-30 17:46:00,84.5,33.0,SEP Event
2430,ZEUS+iPATH_CME,min.30.0.max.-1.0.units.MeV,threshold.1.0.units.1 / (cm2 s sr),False,min.30.0.max.-1.0.units.MeV,threshold.1.0.units.1 / (cm2 s sr),./model/SEPVAL2023_Europe/iPATH/jsons/ZEUS+iPATH_CME_differential.2012-07-23T040720Z.2023-08-29T091245Z.json,2012-07-23 04:07:20,2012-07-26 03:07:20,95.41666666666667,9.0,SEP Event
2435,ZEUS+iPATH_CME,min.30.0.max.-1.0.units.MeV,threshold.1.0.units.1 / (cm2 s sr),False,min.30.0.max.-1.0.units.MeV,threshold.1.0.units.1 / (cm2 s sr),./model/SEPVAL2023_Europe/iPATH/jsons/ZEUS+iPATH_CME_differential.2013-09-30T002640Z.2023-08-29T091252Z.json,2013-09-30 00:26:40,2013-10-02 23:26:40,47.333333333333336,13.0,SEP Event
2438,ZEUS+iPATH_CME,min.30.0.max.-1.0.units.MeV,threshold.1.0.units.1 / (cm2 s sr),False,min.30.0.max.-1.0.units.MeV,threshold.1.0.units.1 / (cm2 s sr),./model/SEPVAL2023_Europe/iPATH/jsons/ZEUS+iPATH_CME_differential.2014-02-25T025340Z.2023-08-29T091255Z.json,2014-02-25 02:53:40,2014-02-28 01:53:40,125.16666666666667,1.0,SEP Event
2440,ZEUS+iPATH_CME,min.30.0.max.-1.0.units.MeV,threshold.1.0.units.1 / (cm2 s sr),False,min.30.0.max.-1.0.units.MeV,threshold.1.0.units.1 / (cm2 s sr),./model/SEPVAL2023_Europe/iPATH/jsons/ZEUS+iPATH_CME_differential.2014-09-10T195200Z.2023-08-29T091300Z.json,2014-09-10 19:52:00,2014-09-13 18:52:00,47.416666666666664,62.0,SEP Event
2448,ZEUS+iPATH_CME,min.30.0.max.-1.0.units.MeV,threshold.1.0.units.1 / (cm2 s sr),False,min.30.0.max.-1.0.units.MeV,threshold.1.0.units.1 / (cm2 s sr),./model/SEPVAL2023_Europe/iPATH/jsons/ZEUS+iPATH_CME_differential.2017-09-04T222540Z.2023-08-29T091205Z.json,2017-09-04 22:25:40,2017-09-07 21:25:40,17.75,34.0,SEP Event
2466,ZEUS+iPATH_CME,min.30.0.max.-1.0.units.MeV,threshold.1.0.units.1 / (cm2 s sr),False,min.30.0.max.-1.0.units.MeV,threshold.1.0.units.1 / (cm2 s sr),./model/SEPVAL2023_Europe/iPATH/jsons/ZEUS+iPATH_CME_differential.2022-08-27T041420Z.2023-08-29T090716Z.json,2022-08-27 04:14:20,2022-08-30 03:14:20,0.6666666666666666,36.0,SEP Event
