,Model,Energy Channel Key,Threshold Key,Mismatch Allowed,Prediction Energy Channel Key,Prediction Threshold Key,Forecast Source,Prediction Window Start,Prediction Window End,Observed SEP End Time,Predicted SEP End Time,End Time Match Status
2305,ZEUS+iPATH_CME,min.10.0.max.-1.0.units.MeV,threshold.10.0.units.1 / (cm2 s sr),False,min.10.0.max.-1.0.units.MeV,threshold.10.0.units.1 / (cm2 s sr),./model/SEPVAL2023_Europe/iPATH/jsons/ZEUS+iPATH_CME_differential.2011-03-07T214120Z.2023-08-29T091225Z.json,2011-03-07 21:41:20,2011-03-10 20:41:20,2011-03-10 03:40:00,2011-03-09 14:41:20,SEP Event
2307,ZEUS+iPATH_CME,min.10.0.max.-1.0.units.MeV,threshold.10.0.units.1 / (cm2 s sr),False,min.10.0.max.-1.0.units.MeV,threshold.10.0.units.1 / (cm2 s sr),./model/SEPVAL2023_Europe/iPATH/jsons/ZEUS+iPATH_CME_differential.2011-06-07T083400Z.2023-08-29T091228Z.json,2011-06-07 08:34:00,2011-06-10 07:34:00,2011-06-08 17:10:00,2011-06-08 18:34:00,SEP Event
2308,ZEUS+iPATH_CME,min.10.0.max.-1.0.units.MeV,threshold.10.0.units.1 / (cm2 s sr),False,min.10.0.max.-1.0.units.MeV,threshold.10.0.units.1 / (cm2 s sr),./model/SEPVAL2023_Europe/iPATH/jsons/ZEUS+iPATH_CME_differential.2011-08-04T054140Z.2023-08-29T091230Z.json,2011-08-04 05:41:40,2011-08-07 04:41:40,2011-08-06 05:15:00,2011-08-06 18:41:40,SEP Event
2309,ZEUS+iPATH_CME,min.10.0.max.-1.0.units.MeV,threshold.10.0.units.1 / (cm2 s sr),False,min.10.0.max.-1.0.units.MeV,threshold.10.0.units.1 / (cm2 s sr),./model/SEPVAL2023_Europe/iPATH/jsons/ZEUS+iPATH_CME_differential.2011-08-09T102300Z.2023-08-29T091233Z.json,2011-08-09 10:23:00,2011-08-12 09:23:00,2011-08-09 17:15:00,2011-08-10 01:23:00,SEP Event
2310,ZEUS+iPATH_CME,min.10.0.max.-1.0.units.MeV,threshold.10.0.units.1 / (cm2 s sr),False,min.10.0.max.-1.0.units.MeV,threshold.10.0.units.1 / (cm2 s sr),./model/SEPVAL2023_Europe/iPATH/jsons/ZEUS+iPATH_CME_differential.2012-01-23T052640Z.2023-08-29T091235Z.json,2012-01-23 05:26:40,2012-01-26 04:26:40,2012-01-27 13:00:00,2012-01-26 04:26:40,SEP Event
2311,ZEUS+iPATH_CME,min.10.0.max.-1.0.units.MeV,threshold.10.0.units.1 / (cm2 s sr),False,min.10.0.max.-1.0.units.MeV,threshold.10.0.units.1 / (cm2 s sr),./model/SEPVAL2023_Europe/iPATH/jsons/ZEUS+iPATH_CME_differential.2012-01-27T184600Z.2023-08-29T091238Z.json,2012-01-27 18:46:00,2012-01-30 17:46:00,2012-01-31 06:35:00,2012-01-29 04:46:00,SEP Event
2314,ZEUS+iPATH_CME,min.10.0.max.-1.0.units.MeV,threshold.10.0.units.1 / (cm2 s sr),False,min.10.0.max.-1.0.units.MeV,threshold.10.0.units.1 / (cm2 s sr),./model/SEPVAL2023_Europe/iPATH/jsons/ZEUS+iPATH_CME_differential.2012-03-13T191300Z.2023-08-29T091240Z.json,2012-03-13 19:13:00,2012-03-16 18:13:00,2012-03-15 06:20:00,2012-03-15 07:13:00,SEP Event
2317,ZEUS+iPATH_CME,min.10.0.max.-1.0.units.MeV,threshold.10.0.units.1 / (cm2 s sr),False,min.10.0.max.-1.0.units.MeV,threshold.10.0.units.1 / (cm2 s sr),./model/SEPVAL2023_Europe/iPATH/jsons/ZEUS+iPATH_CME_differential.2012-07-12T184540Z.2023-08-29T090703Z.json,2012-07-12 18:45:40,2012-07-15 17:45:40,2012-07-15 02:00:00,2012-07-14 02:45:40,SEP Event
2318,ZEUS+iPATH_CME,min.10.0.max.-1.0.units.MeV,threshold.10.0.units.1 / (cm2 s sr),False,min.10.0.max.-1.0.units.MeV,threshold.10.0.units.1 / (cm2 s sr),./model/SEPVAL2023_Europe/iPATH/jsons/ZEUS+iPATH_CME_differential.2012-07-23T040720Z.2023-08-29T091245Z.json,2012-07-23 04:07:20,2012-07-26 03:07:20,2012-07-24 00:05:00,2012-07-23 08:07:20,SEP Event
2319,ZEUS+iPATH_CME,min.10.0.max.-1.0.units.MeV,threshold.10.0.units.1 / (cm2 s sr),False,min.10.0.max.-1.0.units.MeV,threshold.10.0.units.1 / (cm2 s sr),./model/SEPVAL2023_Europe/iPATH/jsons/ZEUS+iPATH_CME_differential.2012-09-28T031520Z.2023-08-29T091247Z.json,2012-09-28 03:15:20,2012-10-01 02:15:20,2012-09-28 10:40:00,2012-09-28 23:15:20,SEP Event
2321,ZEUS+iPATH_CME,min.10.0.max.-1.0.units.MeV,threshold.10.0.units.1 / (cm2 s sr),False,min.10.0.max.-1.0.units.MeV,threshold.10.0.units.1 / (cm2 s sr),./model/SEPVAL2023_Europe/iPATH/jsons/ZEUS+iPATH_CME_differential.2013-05-22T151100Z.2023-08-29T091250Z.json,2013-05-22 15:11:00,2013-05-25 14:11:00,2013-05-25 08:45:00,2013-05-24 14:11:00,SEP Event
2323,ZEUS+iPATH_CME,min.10.0.max.-1.0.units.MeV,threshold.10.0.units.1 / (cm2 s sr),False,min.10.0.max.-1.0.units.MeV,threshold.10.0.units.1 / (cm2 s sr),./model/SEPVAL2023_Europe/iPATH/jsons/ZEUS+iPATH_CME_differential.2013-09-30T002640Z.2023-08-29T091252Z.json,2013-09-30 00:26:40,2013-10-02 23:26:40,2013-10-02 05:10:00,2013-09-30 22:26:40,SEP Event
2324,ZEUS+iPATH_CME,min.10.0.max.-1.0.units.MeV,threshold.10.0.units.1 / (cm2 s sr),False,min.10.0.max.-1.0.units.MeV,threshold.10.0.units.1 / (cm2 s sr),./model/SEPVAL2023_Europe/iPATH/jsons/ZEUS+iPATH_CME_differential.2014-01-06T100020Z.2023-08-29T091200Z.json,2014-01-06 10:00:20,2014-01-09 09:00:20,2014-01-07 19:20:00,2014-01-06 20:00:20,SEP Event
2325,ZEUS+iPATH_CME,min.10.0.max.-1.0.units.MeV,threshold.10.0.units.1 / (cm2 s sr),False,min.10.0.max.-1.0.units.MeV,threshold.10.0.units.1 / (cm2 s sr),./model/SEPVAL2023_Europe/iPATH/jsons/ZEUS+iPATH_CME_differential.2014-01-07T195200Z.2023-08-29T091202Z.json,2014-01-07 19:52:00,2014-01-10 18:52:00,2014-01-11 20:20:00,2014-01-10 11:52:00,SEP Event
2327,ZEUS+iPATH_CME,min.10.0.max.-1.0.units.MeV,threshold.10.0.units.1 / (cm2 s sr),False,min.10.0.max.-1.0.units.MeV,threshold.10.0.units.1 / (cm2 s sr),./model/SEPVAL2023_Europe/iPATH/jsons/ZEUS+iPATH_CME_differential.2014-04-18T145320Z.2023-08-29T091257Z.json,2014-04-18 14:53:20,2014-04-21 13:53:20,2014-04-20 11:55:00,2014-04-20 15:53:20,SEP Event
2328,ZEUS+iPATH_CME,min.10.0.max.-1.0.units.MeV,threshold.10.0.units.1 / (cm2 s sr),False,min.10.0.max.-1.0.units.MeV,threshold.10.0.units.1 / (cm2 s sr),./model/SEPVAL2023_Europe/iPATH/jsons/ZEUS+iPATH_CME_differential.2014-09-10T195200Z.2023-08-29T091300Z.json,2014-09-10 19:52:00,2014-09-13 18:52:00,2014-09-12 23:10:00,2014-09-13 11:52:00,SEP Event
2335,ZEUS+iPATH_CME,min.10.0.max.-1.0.units.MeV,threshold.10.0.units.1 / (cm2 s sr),False,min.10.0.max.-1.0.units.MeV,threshold.10.0.units.1 / (cm2 s sr),./model/SEPVAL2023_Europe/iPATH/jsons/ZEUS+iPATH_CME_differential.2017-07-14T035340Z.2023-08-29T091155Z.json,2017-07-14 03:53:40,2017-07-17 02:53:40,2017-07-15 11:15:00,2017-07-14 19:53:40,SEP Event
2336,ZEUS+iPATH_CME,min.10.0.max.-1.0.units.MeV,threshold.10.0.units.1 / (cm2 s sr),False,min.10.0.max.-1.0.units.MeV,threshold.10.0.units.1 / (cm2 s sr),./model/SEPVAL2023_Europe/iPATH/jsons/ZEUS+iPATH_CME_differential.2017-09-04T222540Z.2023-08-29T091205Z.json,2017-09-04 22:25:40,2017-09-07 21:25:40,2017-09-06 12:00:00,2017-09-06 21:25:40,SEP Event
2338,ZEUS+iPATH_CME,min.10.0.max.-1.0.units.MeV,threshold.10.0.units.1 / (cm2 s sr),False,min.10.0.max.-1.0.units.MeV,threshold.10.0.units.1 / (cm2 s sr),./model/SEPVAL2023_Europe/iPATH/jsons/ZEUS+iPATH_CME_differential.2017-09-10T173200Z.2023-08-29T091210Z.json,2017-09-10 17:32:00,2017-09-13 16:32:00,2017-09-14 17:25:00,2017-09-11 15:32:00,SEP Event
2339,ZEUS+iPATH_CME,min.10.0.max.-1.0.units.MeV,threshold.10.0.units.1 / (cm2 s sr),False,min.10.0.max.-1.0.units.MeV,threshold.10.0.units.1 / (cm2 s sr),./model/SEPVAL2023_Europe/iPATH/jsons/ZEUS+iPATH_CME_differential.2021-05-29T013320Z.2023-08-29T091734Z.json,2021-05-29 01:33:20,2021-06-01 00:33:20,2021-05-29 05:40:00,2021-05-29 21:33:20,SEP Event
2340,ZEUS+iPATH_CME,min.10.0.max.-1.0.units.MeV,threshold.10.0.units.1 / (cm2 s sr),False,min.10.0.max.-1.0.units.MeV,threshold.10.0.units.1 / (cm2 s sr),./model/SEPVAL2023_Europe/iPATH/jsons/ZEUS+iPATH_CME_differential.2021-10-28T175240Z.2023-08-29T090706Z.json,2021-10-28 17:52:40,2021-10-31 16:52:40,2021-10-30 16:10:00,2021-10-29 06:52:40,SEP Event
2344,ZEUS+iPATH_CME,min.10.0.max.-1.0.units.MeV,threshold.10.0.units.1 / (cm2 s sr),False,min.10.0.max.-1.0.units.MeV,threshold.10.0.units.1 / (cm2 s sr),./model/SEPVAL2023_Europe/iPATH/jsons/ZEUS+iPATH_CME_differential.2022-01-20T075700Z.2023-08-29T090708Z.json,2022-01-20 07:57:00,2022-01-23 06:57:00,2022-01-20 15:55:00,2022-01-20 18:57:00,SEP Event
2346,ZEUS+iPATH_CME,min.10.0.max.-1.0.units.MeV,threshold.10.0.units.1 / (cm2 s sr),False,min.10.0.max.-1.0.units.MeV,threshold.10.0.units.1 / (cm2 s sr),./model/SEPVAL2023_Europe/iPATH/jsons/ZEUS+iPATH_CME_differential.2022-04-02T152920Z.2023-08-29T090713Z.json,2022-04-02 15:29:20,2022-04-05 14:29:20,2022-04-03 00:10:00,2022-04-04 17:29:20,SEP Event
2354,ZEUS+iPATH_CME,min.10.0.max.-1.0.units.MeV,threshold.10.0.units.1 / (cm2 s sr),False,min.10.0.max.-1.0.units.MeV,threshold.10.0.units.1 / (cm2 s sr),./model/SEPVAL2023_Europe/iPATH/jsons/ZEUS+iPATH_CME_differential.2022-08-27T041420Z.2023-08-29T090716Z.json,2022-08-27 04:14:20,2022-08-30 03:14:20,2022-08-27 21:45:00,2022-08-28 21:14:20,SEP Event
2358,ZEUS+iPATH_CME,min.10.0.max.-1.0.units.MeV,threshold.10.0.units.1 / (cm2 s sr),False,min.10.0.max.-1.0.units.MeV,threshold.10.0.units.1 / (cm2 s sr),./model/SEPVAL2023_Europe/iPATH/jsons/ZEUS+iPATH_CME_differential.2023-02-25T215300Z.2023-08-29T090719Z.json,2023-02-25 21:53:00,2023-02-28 20:53:00,2023-02-26 23:20:00,2023-02-27 13:53:00,SEP Event
