,Model,Energy Channel Key,Threshold Key,Mismatch Allowed,Prediction Energy Channel Key,Prediction Threshold Key,Forecast Source,Prediction Window Start,Prediction Window End,Observed SEP End Time,Predicted SEP End Time,End Time Match Status
8803,SPREAdFAST,min.10.0.max.-1.0.units.MeV,threshold.10.0.units.1 / (cm2 s sr),False,min.10.0.max.-1.0.units.MeV,threshold.10.0.units.1 / (cm2 s sr),model/SEPVAL2023_Europe/SPREAdFAST/jsons/SPREAdFAST_differential.2012-03-07T000000Z.2023-10-24T121205Z.json,2012-03-07,2012-03-08,2012-03-12 20:50:00,2012-03-07 11:55:27,SEP Event
8804,SPREAdFAST,min.10.0.max.-1.0.units.MeV,threshold.10.0.units.1 / (cm2 s sr),False,min.10.0.max.-1.0.units.MeV,threshold.10.0.units.1 / (cm2 s sr),model/SEPVAL2023_Europe/SPREAdFAST/jsons/SPREAdFAST_differential.2012-05-17T000000Z.2023-10-24T121224Z.json,2012-05-17,2012-05-18,2012-05-18 16:20:00,2012-05-17 12:25:51,SEP Event
8805,SPREAdFAST,min.10.0.max.-1.0.units.MeV,threshold.10.0.units.1 / (cm2 s sr),False,min.10.0.max.-1.0.units.MeV,threshold.10.0.units.1 / (cm2 s sr),model/SEPVAL2023_Europe/SPREAdFAST/jsons/SPREAdFAST_differential.2012-07-12T000000Z.2023-10-24T121238Z.json,2012-07-12,2012-07-13,2012-07-15 02:00:00,2012-07-12 23:55:24,SEP Event
8806,SPREAdFAST,min.10.0.max.-1.0.units.MeV,threshold.10.0.units.1 / (cm2 s sr),False,min.10.0.max.-1.0.units.MeV,threshold.10.0.units.1 / (cm2 s sr),model/SEPVAL2023_Europe/SPREAdFAST/jsons/SPREAdFAST_differential.2013-04-11T000000Z.2023-10-24T121251Z.json,2013-04-11,2013-04-12,2013-04-12 22:10:00,2013-04-11 18:47:44,SEP Event
8807,SPREAdFAST,min.10.0.max.-1.0.units.MeV,threshold.10.0.units.1 / (cm2 s sr),False,min.10.0.max.-1.0.units.MeV,threshold.10.0.units.1 / (cm2 s sr),model/SEPVAL2023_Europe/SPREAdFAST/jsons/SPREAdFAST_differential.2014-01-06T000000Z.2023-10-24T121306Z.json,2014-01-06,2014-01-07,2014-01-07 19:20:00,2014-01-06 19:33:26,SEP Event
