,Model,Energy Channel Key,Threshold Key,Mismatch Allowed,Prediction Energy Channel Key,Prediction Threshold Key,Forecast Source,Prediction Window Start,Prediction Window End,Observed SEP End Time,Predicted SEP End Time,End Time Match Status
2769,MFLAMPA,min.10.0.max.-1.0.units.MeV,threshold.10.0.units.1 / (cm2 s sr),False,min.10.0.max.-1.0.units.MeV,threshold.10.0.units.1 / (cm2 s sr),model/SEPVAL2023_Europe/MFLAMPA/jsons/MFLAMPA_integral.2012-03-07T002400Z.json,2012-03-07 00:24:00,2012-03-08 12:14:00,2012-03-12 20:50:00,2012-03-08 12:14:00,SEP Event
2770,MFLAMPA,min.10.0.max.-1.0.units.MeV,threshold.10.0.units.1 / (cm2 s sr),False,min.10.0.max.-1.0.units.MeV,threshold.10.0.units.1 / (cm2 s sr),model/SEPVAL2023_Europe/MFLAMPA/jsons/MFLAMPA_integral.2012-05-17T013700Z.json,2012-05-17 01:37:00,2012-05-18 04:07:00,2012-05-18 16:20:00,2012-05-18 04:07:00,SEP Event
2772,MFLAMPA,min.10.0.max.-1.0.units.MeV,threshold.10.0.units.1 / (cm2 s sr),False,min.10.0.max.-1.0.units.MeV,threshold.10.0.units.1 / (cm2 s sr),model/SEPVAL2023_Europe/MFLAMPA/jsons/MFLAMPA_integral.2013-04-11T072400Z.json,2013-04-11 07:24:00,2013-04-12 07:06:00,2013-04-12 22:10:00,2013-04-12 07:06:00,SEP Event
2773,MFLAMPA,min.10.0.max.-1.0.units.MeV,threshold.10.0.units.1 / (cm2 s sr),False,min.10.0.max.-1.0.units.MeV,threshold.10.0.units.1 / (cm2 s sr),model/SEPVAL2023_Europe/MFLAMPA/jsons/MFLAMPA_integral.2014-01-07T181200Z.json,2014-01-07 18:12:00,2014-01-08 21:08:00,2014-01-11 20:20:00,2014-01-08 21:08:00,SEP Event
2774,MFLAMPA,min.10.0.max.-1.0.units.MeV,threshold.10.0.units.1 / (cm2 s sr),False,min.10.0.max.-1.0.units.MeV,threshold.10.0.units.1 / (cm2 s sr),model/SEPVAL2023_Europe/MFLAMPA/jsons/MFLAMPA_integral.2017-07-14T012500Z.json,2017-07-14 01:25:00,2017-07-14 19:27:00,2017-07-15 11:15:00,2017-07-14 19:27:00,SEP Event
2775,MFLAMPA,min.10.0.max.-1.0.units.MeV,threshold.10.0.units.1 / (cm2 s sr),False,min.10.0.max.-1.0.units.MeV,threshold.10.0.units.1 / (cm2 s sr),model/SEPVAL2023_Europe/MFLAMPA/jsons/MFLAMPA_integral.2017-09-04T202400Z.json,2017-09-04 20:24:00,2017-09-05 05:40:00,2017-09-06 12:00:00,2017-09-05 05:40:00,SEP Event
2777,MFLAMPA,min.10.0.max.-1.0.units.MeV,threshold.10.0.units.1 / (cm2 s sr),False,min.10.0.max.-1.0.units.MeV,threshold.10.0.units.1 / (cm2 s sr),model/SEPVAL2023_Europe/MFLAMPA/jsons/MFLAMPA_integral.2017-09-10T154700Z.json,2017-09-10 15:47:00,2017-09-12 11:09:00,2017-09-14 17:25:00,2017-09-12 11:09:00,SEP Event
