,Model,Energy Channel Key,Threshold Key,Mismatch Allowed,Prediction Energy Channel Key,Prediction Threshold Key,Forecast Source,Prediction Window Start,Prediction Window End,Observed SEP Threshold Crossing Time,Observed SEP Fluence,Observed SEP Fluence Units,Predicted SEP Fluence,Predicted SEP Fluence Units,Fluence Match Status
2918,SEPSTER2D CME,min.10.0.max.-1.0.units.MeV,threshold.10.0.units.1 / (cm2 s sr),False,min.10.0.max.-1.0.units.MeV,threshold.10.0.units.1 / (cm2 s sr),model/SEPVAL2023_Europe/SEPSTER2D/jsons/sepster2D_20110307_2000_Parker_Spiral_2.5Rs_sep.json,2011-03-07 20:00:00,2011-03-08 05:49:00,2011-03-08 01:05:00,55357845.56130862,1 / cm2,534824733.34712636,1 / cm2,SEP Event
2920,SEPSTER2D CME,min.10.0.max.-1.0.units.MeV,threshold.10.0.units.1 / (cm2 s sr),False,min.10.0.max.-1.0.units.MeV,threshold.10.0.units.1 / (cm2 s sr),model/SEPVAL2023_Europe/SEPSTER2D/jsons/sepster2D_20110804_0412_Parker_Spiral_2.5Rs_sep.json,2011-08-04 04:12:00,2011-08-04 14:28:00,2011-08-04 06:35:00,106929722.00161988,1 / cm2,679086667.9999697,1 / cm2,SEP Event
2921,SEPSTER2D CME,min.10.0.max.-1.0.units.MeV,threshold.10.0.units.1 / (cm2 s sr),False,min.10.0.max.-1.0.units.MeV,threshold.10.0.units.1 / (cm2 s sr),model/SEPVAL2023_Europe/SEPSTER2D/jsons/sepster2D_20110809_0812_Parker_Spiral_2.5Rs_sep.json,2011-08-09 08:12:00,2011-08-09 17:54:00,2011-08-09 08:45:00,6994223.857422156,1 / cm2,29556103.684972774,1 / cm2,SEP Event
2922,SEPSTER2D CME,min.10.0.max.-1.0.units.MeV,threshold.10.0.units.1 / (cm2 s sr),False,min.10.0.max.-1.0.units.MeV,threshold.10.0.units.1 / (cm2 s sr),model/SEPVAL2023_Europe/SEPSTER2D/jsons/sepster2D_20120123_0400_Parker_Spiral_2.5Rs_sep.json,2012-01-23 04:00:00,2012-01-23 16:26:00,2012-01-23 05:30:00,4818035494.739518,1 / cm2,876504350.3515522,1 / cm2,SEP Event
2923,SEPSTER2D CME,min.10.0.max.-1.0.units.MeV,threshold.10.0.units.1 / (cm2 s sr),False,min.10.0.max.-1.0.units.MeV,threshold.10.0.units.1 / (cm2 s sr),model/SEPVAL2023_Europe/SEPSTER2D/jsons/sepster2D_20120127_1827_Parker_Spiral_2.5Rs_sep.json,2012-01-27 18:27:00,2012-01-28 06:29:00,2012-01-27 19:05:00,827519259.5429151,1 / cm2,293550417.5514303,1 / cm2,SEP Event
2926,SEPSTER2D CME,min.10.0.max.-1.0.units.MeV,threshold.10.0.units.1 / (cm2 s sr),False,min.10.0.max.-1.0.units.MeV,threshold.10.0.units.1 / (cm2 s sr),model/SEPVAL2023_Europe/SEPSTER2D/jsons/sepster2D_20120307_0130_Parker_Spiral_2.5Rs_sep.json,2012-03-07 01:30:00,2012-03-07 20:42:00,2012-03-07 05:10:00,4082620801.069473,1 / cm2,317049530.6002819,1 / cm2,SEP Event
2927,SEPSTER2D CME,min.10.0.max.-1.0.units.MeV,threshold.10.0.units.1 / (cm2 s sr),False,min.10.0.max.-1.0.units.MeV,threshold.10.0.units.1 / (cm2 s sr),model/SEPVAL2023_Europe/SEPSTER2D/jsons/sepster2D_20120313_1736_Parker_Spiral_2.5Rs_sep.json,2012-03-13 17:36:00,2012-03-14 03:40:00,2012-03-13 18:10:00,166167386.73790336,1 / cm2,815431789.1657667,1 / cm2,SEP Event
2928,SEPSTER2D CME,min.10.0.max.-1.0.units.MeV,threshold.10.0.units.1 / (cm2 s sr),False,min.10.0.max.-1.0.units.MeV,threshold.10.0.units.1 / (cm2 s sr),model/SEPVAL2023_Europe/SEPSTER2D/jsons/sepster2D_20120517_0148_Parker_Spiral_2.5Rs_sep.json,2012-05-17 01:48:00,2012-05-17 10:19:00,2012-05-17 02:10:00,95581058.83784297,1 / cm2,59438933.00591888,1 / cm2,SEP Event
2931,SEPSTER2D CME,min.10.0.max.-1.0.units.MeV,threshold.10.0.units.1 / (cm2 s sr),False,min.10.0.max.-1.0.units.MeV,threshold.10.0.units.1 / (cm2 s sr),model/SEPVAL2023_Europe/SEPSTER2D/jsons/sepster2D_20120706_2324_Parker_Spiral_2.5Rs_sep.json,2012-07-06 23:24:00,2012-07-07 10:13:00,2012-07-07 04:00:00,11900615.86027139,1 / cm2,28588493.147667117,1 / cm2,SEP Event
2932,SEPSTER2D CME,min.10.0.max.-1.0.units.MeV,threshold.10.0.units.1 / (cm2 s sr),False,min.10.0.max.-1.0.units.MeV,threshold.10.0.units.1 / (cm2 s sr),model/SEPVAL2023_Europe/SEPSTER2D/jsons/sepster2D_20120712_1648_Parker_Spiral_2.5Rs_sep.json,2012-07-12 16:48:00,2012-07-13 07:24:00,2012-07-12 18:35:00,61686135.34253426,1 / cm2,74304949.44270578,1 / cm2,SEP Event
2933,SEPSTER2D CME,min.10.0.max.-1.0.units.MeV,threshold.10.0.units.1 / (cm2 s sr),False,min.10.0.max.-1.0.units.MeV,threshold.10.0.units.1 / (cm2 s sr),model/SEPVAL2023_Europe/SEPSTER2D/jsons/sepster2D_20120723_0236_Parker_Spiral_2.5Rs_sep.json,2012-07-23 02:36:00,2012-07-23 17:35:00,2012-07-23 15:45:00,4028687.689767716,1 / cm2,77119816.46032225,1 / cm2,SEP Event
2934,SEPSTER2D CME,min.10.0.max.-1.0.units.MeV,threshold.10.0.units.1 / (cm2 s sr),False,min.10.0.max.-1.0.units.MeV,threshold.10.0.units.1 / (cm2 s sr),model/SEPVAL2023_Europe/SEPSTER2D/jsons/sepster2D_20120928_0012_Parker_Spiral_2.5Rs_sep.json,2012-09-28 00:12:00,2012-09-28 11:17:00,2012-09-28 03:00:00,5110393.583756797,1 / cm2,137224767.10880217,1 / cm2,SEP Event
2935,SEPSTER2D CME,min.10.0.max.-1.0.units.MeV,threshold.10.0.units.1 / (cm2 s sr),False,min.10.0.max.-1.0.units.MeV,threshold.10.0.units.1 / (cm2 s sr),model/SEPVAL2023_Europe/SEPSTER2D/jsons/sepster2D_20130411_0724_Parker_Spiral_2.5Rs_sep.json,2013-04-11 07:24:00,2013-04-11 23:33:00,2013-04-11 10:55:00,62354606.1919666,1 / cm2,2636424.5548925544,1 / cm2,SEP Event
2936,SEPSTER2D CME,min.10.0.max.-1.0.units.MeV,threshold.10.0.units.1 / (cm2 s sr),False,min.10.0.max.-1.0.units.MeV,threshold.10.0.units.1 / (cm2 s sr),model/SEPVAL2023_Europe/SEPSTER2D/jsons/sepster2D_20130522_1325_Parker_Spiral_2.5Rs_sep.json,2013-05-22 13:25:00,2013-05-22 22:04:00,2013-05-22 14:35:00,1038070979.9858749,1 / cm2,221168122.81272143,1 / cm2,SEP Event
2939,SEPSTER2D CME,min.10.0.max.-1.0.units.MeV,threshold.10.0.units.1 / (cm2 s sr),False,min.10.0.max.-1.0.units.MeV,threshold.10.0.units.1 / (cm2 s sr),model/SEPVAL2023_Europe/SEPSTER2D/jsons/sepster2D_20130929_2212_Parker_Spiral_2.5Rs_sep.json,2013-09-29 22:12:00,2013-09-30 10:38:00,2013-09-30 05:05:00,192992596.9202534,1 / cm2,37560881.766319565,1 / cm2,SEP Event
2940,SEPSTER2D CME,min.10.0.max.-1.0.units.MeV,threshold.10.0.units.1 / (cm2 s sr),False,min.10.0.max.-1.0.units.MeV,threshold.10.0.units.1 / (cm2 s sr),model/SEPVAL2023_Europe/SEPSTER2D/jsons/sepster2D_20140106_0800_Parker_Spiral_2.5Rs_sep.json,2014-01-06 08:00:00,2014-01-06 19:56:00,2014-01-06 09:15:00,39054783.59167923,1 / cm2,10205149.575921085,1 / cm2,SEP Event
2941,SEPSTER2D CME,min.10.0.max.-1.0.units.MeV,threshold.10.0.units.1 / (cm2 s sr),False,min.10.0.max.-1.0.units.MeV,threshold.10.0.units.1 / (cm2 s sr),model/SEPVAL2023_Europe/SEPSTER2D/jsons/sepster2D_20140107_1824_Parker_Spiral_2.5Rs_sep.json,2014-01-07 18:24:00,2014-01-08 05:54:00,2014-01-07 19:20:00,1470152956.7001853,1 / cm2,856900812.193152,1 / cm2,SEP Event
2942,SEPSTER2D CME,min.10.0.max.-1.0.units.MeV,threshold.10.0.units.1 / (cm2 s sr),False,min.10.0.max.-1.0.units.MeV,threshold.10.0.units.1 / (cm2 s sr),model/SEPVAL2023_Europe/SEPSTER2D/jsons/sepster2D_20140225_0125_Parker_Spiral_2.5Rs_sep.json,2014-02-25 01:25:00,2014-02-26 04:13:00,2014-02-25 14:10:00,214930315.17248502,1 / cm2,24642652.77475834,1 / cm2,SEP Event
2943,SEPSTER2D CME,min.10.0.max.-1.0.units.MeV,threshold.10.0.units.1 / (cm2 s sr),False,min.10.0.max.-1.0.units.MeV,threshold.10.0.units.1 / (cm2 s sr),model/SEPVAL2023_Europe/SEPSTER2D/jsons/sepster2D_20140418_1325_Parker_Spiral_2.5Rs_sep.json,2014-04-18 13:25:00,2014-04-19 00:58:00,2014-04-18 15:25:00,63933680.99239491,1 / cm2,64829905.99947897,1 / cm2,SEP Event
2945,SEPSTER2D CME,min.10.0.max.-1.0.units.MeV,threshold.10.0.units.1 / (cm2 s sr),False,min.10.0.max.-1.0.units.MeV,threshold.10.0.units.1 / (cm2 s sr),model/SEPVAL2023_Europe/SEPSTER2D/jsons/sepster2D_20140910_1800_Parker_Spiral_2.5Rs_sep.json,2014-09-10 18:00:00,2014-09-11 07:21:00,2014-09-11 02:55:00,55267675.3176378,1 / cm2,118752202.30569418,1 / cm2,SEP Event
2952,SEPSTER2D CME,min.10.0.max.-1.0.units.MeV,threshold.10.0.units.1 / (cm2 s sr),False,min.10.0.max.-1.0.units.MeV,threshold.10.0.units.1 / (cm2 s sr),model/SEPVAL2023_Europe/SEPSTER2D/jsons/sepster2D_20151029_0236_Parker_Spiral_2.5Rs_sep.json,2015-10-29 02:36:00,2015-10-29 17:39:00,2015-10-29 05:50:00,7428689.062565517,1 / cm2,82058.4001117654,1 / cm2,SEP Event
2954,SEPSTER2D CME,min.10.0.max.-1.0.units.MeV,threshold.10.0.units.1 / (cm2 s sr),False,min.10.0.max.-1.0.units.MeV,threshold.10.0.units.1 / (cm2 s sr),model/SEPVAL2023_Europe/SEPSTER2D/jsons/sepster2D_20170904_2036_Parker_Spiral_2.5Rs_sep.json,2017-09-04 20:36:00,2017-09-05 09:34:00,2017-09-05 00:40:00,122857974.8774119,1 / cm2,58358225.133084,1 / cm2,SEP Event
2956,SEPSTER2D CME,min.10.0.max.-1.0.units.MeV,threshold.10.0.units.1 / (cm2 s sr),False,min.10.0.max.-1.0.units.MeV,threshold.10.0.units.1 / (cm2 s sr),model/SEPVAL2023_Europe/SEPSTER2D/jsons/sepster2D_20170910_1600_Parker_Spiral_2.5Rs_sep.json,2017-09-10 16:00:00,2017-09-11 01:28:00,2017-09-10 16:45:00,1885216649.078613,1 / cm2,709999939.7112932,1 / cm2,SEP Event
2957,SEPSTER2D CME,min.10.0.max.-1.0.units.MeV,threshold.10.0.units.1 / (cm2 s sr),False,min.10.0.max.-1.0.units.MeV,threshold.10.0.units.1 / (cm2 s sr),model/SEPVAL2023_Europe/SEPSTER2D/jsons/sepster2D_20210528_2312_Parker_Spiral_2.5Rs_sep.json,2021-05-28 23:12:00,2021-05-29 06:48:00,2021-05-29 03:00:00,1545752.5441603945,1 / cm2,24793449.22213065,1 / cm2,SEP Event
2958,SEPSTER2D CME,min.10.0.max.-1.0.units.MeV,threshold.10.0.units.1 / (cm2 s sr),False,min.10.0.max.-1.0.units.MeV,threshold.10.0.units.1 / (cm2 s sr),model/SEPVAL2023_Europe/SEPSTER2D/jsons/sepster2D_20211028_1548_Parker_Spiral_2.5Rs_sep.json,2021-10-28 15:48:00,2021-10-29 08:39:00,2021-10-28 17:40:00,38308513.937136255,1 / cm2,16901768.476313088,1 / cm2,SEP Event
2962,SEPSTER2D CME,min.10.0.max.-1.0.units.MeV,threshold.10.0.units.1 / (cm2 s sr),False,min.10.0.max.-1.0.units.MeV,threshold.10.0.units.1 / (cm2 s sr),model/SEPVAL2023_Europe/SEPSTER2D/jsons/sepster2D_20220120_0612_Parker_Spiral_2.5Rs_sep.json,2022-01-20 06:12:00,2022-01-20 17:55:00,2022-01-20 08:00:00,5829011.501479667,1 / cm2,23662475.86683832,1 / cm2,SEP Event
2963,SEPSTER2D CME,min.10.0.max.-1.0.units.MeV,threshold.10.0.units.1 / (cm2 s sr),False,min.10.0.max.-1.0.units.MeV,threshold.10.0.units.1 / (cm2 s sr),model/SEPVAL2023_Europe/SEPSTER2D/jsons/sepster2D_20220328_1200_Parker_Spiral_2.5Rs_sep.json,2022-03-28 12:00:00,2022-03-28 22:39:00,2022-03-28 13:25:00,4821101.347489806,1 / cm2,3806353.6590893934,1 / cm2,SEP Event
2964,SEPSTER2D CME,min.10.0.max.-1.0.units.MeV,threshold.10.0.units.1 / (cm2 s sr),False,min.10.0.max.-1.0.units.MeV,threshold.10.0.units.1 / (cm2 s sr),model/SEPVAL2023_Europe/SEPSTER2D/jsons/sepster2D_20220402_1336_Parker_Spiral_2.5Rs_sep.json,2022-04-02 13:36:00,2022-04-02 22:12:00,2022-04-02 14:40:00,7608871.6509469645,1 / cm2,122899104.60843271,1 / cm2,SEP Event
2975,SEPSTER2D CME,min.10.0.max.-1.0.units.MeV,threshold.10.0.units.1 / (cm2 s sr),False,min.10.0.max.-1.0.units.MeV,threshold.10.0.units.1 / (cm2 s sr),model/SEPVAL2023_Europe/SEPSTER2D/jsons/sepster2D_20230225_1924_Parker_Spiral_2.5Rs_sep.json,2023-02-25 19:24:00,2023-02-26 04:24:00,2023-02-25 21:10:00,38603024.985862754,1 / cm2,13345485.592449442,1 / cm2,SEP Event
