,Model,Energy Channel Key,Threshold Key,Mismatch Allowed,Prediction Energy Channel Key,Prediction Threshold Key,Forecast Source,Prediction Window Start,Prediction Window End,Observed SEP Threshold Crossing Time,Observed SEP Fluence,Observed SEP Fluence Units,Predicted SEP Fluence,Predicted SEP Fluence Units,Fluence Match Status
8803,SPREAdFAST,min.10.0.max.-1.0.units.MeV,threshold.10.0.units.1 / (cm2 s sr),False,min.10.0.max.-1.0.units.MeV,threshold.10.0.units.1 / (cm2 s sr),model/SEPVAL2023_Europe/SPREAdFAST/jsons/SPREAdFAST_differential.2012-03-07T000000Z.2023-10-24T121205Z.json,2012-03-07,2012-03-08,2012-03-07 05:10:00,4082620801.069473,1 / cm2,6381038891.23269,1 / cm2,SEP Event
8804,SPREAdFAST,min.10.0.max.-1.0.units.MeV,threshold.10.0.units.1 / (cm2 s sr),False,min.10.0.max.-1.0.units.MeV,threshold.10.0.units.1 / (cm2 s sr),model/SEPVAL2023_Europe/SPREAdFAST/jsons/SPREAdFAST_differential.2012-05-17T000000Z.2023-10-24T121224Z.json,2012-05-17,2012-05-18,2012-05-17 02:10:00,95581058.83784297,1 / cm2,45350533883.547424,1 / cm2,SEP Event
8805,SPREAdFAST,min.10.0.max.-1.0.units.MeV,threshold.10.0.units.1 / (cm2 s sr),False,min.10.0.max.-1.0.units.MeV,threshold.10.0.units.1 / (cm2 s sr),model/SEPVAL2023_Europe/SPREAdFAST/jsons/SPREAdFAST_differential.2012-07-12T000000Z.2023-10-24T121238Z.json,2012-07-12,2012-07-13,2012-07-12 18:35:00,61686135.34253426,1 / cm2,50519312909.79293,1 / cm2,SEP Event
8806,SPREAdFAST,min.10.0.max.-1.0.units.MeV,threshold.10.0.units.1 / (cm2 s sr),False,min.10.0.max.-1.0.units.MeV,threshold.10.0.units.1 / (cm2 s sr),model/SEPVAL2023_Europe/SPREAdFAST/jsons/SPREAdFAST_differential.2013-04-11T000000Z.2023-10-24T121251Z.json,2013-04-11,2013-04-12,2013-04-11 10:55:00,62354606.1919666,1 / cm2,25498685.605625287,1 / cm2,SEP Event
8807,SPREAdFAST,min.10.0.max.-1.0.units.MeV,threshold.10.0.units.1 / (cm2 s sr),False,min.10.0.max.-1.0.units.MeV,threshold.10.0.units.1 / (cm2 s sr),model/SEPVAL2023_Europe/SPREAdFAST/jsons/SPREAdFAST_differential.2014-01-06T000000Z.2023-10-24T121306Z.json,2014-01-06,2014-01-07,2014-01-06 09:15:00,39054783.59167923,1 / cm2,86759687201.13582,1 / cm2,SEP Event
