,Model,Energy Channel Key,Threshold Key,Mismatch Allowed,Prediction Energy Channel Key,Prediction Threshold Key,Forecast Source,Prediction Window Start,Prediction Window End,Observed SEP Threshold Crossing Time,Observed SEP Fluence,Observed SEP Fluence Units,Predicted SEP Fluence,Predicted SEP Fluence Units,Fluence Match Status
2305,ZEUS+iPATH_CME,min.10.0.max.-1.0.units.MeV,threshold.10.0.units.1 / (cm2 s sr),False,min.10.0.max.-1.0.units.MeV,threshold.10.0.units.1 / (cm2 s sr),./model/SEPVAL2023_Europe/iPATH/jsons/ZEUS+iPATH_CME_differential.2011-03-07T214120Z.2023-08-29T091225Z.json,2011-03-07 21:41:20,2011-03-10 20:41:20,2011-03-08 01:05:00,55357845.56130862,1 / cm2,735363764.614004,1 / cm2,SEP Event
2308,ZEUS+iPATH_CME,min.10.0.max.-1.0.units.MeV,threshold.10.0.units.1 / (cm2 s sr),False,min.10.0.max.-1.0.units.MeV,threshold.10.0.units.1 / (cm2 s sr),./model/SEPVAL2023_Europe/iPATH/jsons/ZEUS+iPATH_CME_differential.2011-08-04T054140Z.2023-08-29T091230Z.json,2011-08-04 05:41:40,2011-08-07 04:41:40,2011-08-04 06:35:00,106929722.00161988,1 / cm2,1457828519.660279,1 / cm2,SEP Event
2310,ZEUS+iPATH_CME,min.10.0.max.-1.0.units.MeV,threshold.10.0.units.1 / (cm2 s sr),False,min.10.0.max.-1.0.units.MeV,threshold.10.0.units.1 / (cm2 s sr),./model/SEPVAL2023_Europe/iPATH/jsons/ZEUS+iPATH_CME_differential.2012-01-23T052640Z.2023-08-29T091235Z.json,2012-01-23 05:26:40,2012-01-26 04:26:40,2012-01-23 05:30:00,4818035494.739518,1 / cm2,7611545853.25573,1 / cm2,SEP Event
2311,ZEUS+iPATH_CME,min.10.0.max.-1.0.units.MeV,threshold.10.0.units.1 / (cm2 s sr),False,min.10.0.max.-1.0.units.MeV,threshold.10.0.units.1 / (cm2 s sr),./model/SEPVAL2023_Europe/iPATH/jsons/ZEUS+iPATH_CME_differential.2012-01-27T184600Z.2023-08-29T091238Z.json,2012-01-27 18:46:00,2012-01-30 17:46:00,2012-01-27 19:05:00,827519259.5429151,1 / cm2,362437914.90441275,1 / cm2,SEP Event
2318,ZEUS+iPATH_CME,min.10.0.max.-1.0.units.MeV,threshold.10.0.units.1 / (cm2 s sr),False,min.10.0.max.-1.0.units.MeV,threshold.10.0.units.1 / (cm2 s sr),./model/SEPVAL2023_Europe/iPATH/jsons/ZEUS+iPATH_CME_differential.2012-07-23T040720Z.2023-08-29T091245Z.json,2012-07-23 04:07:20,2012-07-26 03:07:20,2012-07-23 15:45:00,4028687.689767716,1 / cm2,1981652.240600398,1 / cm2,SEP Event
2323,ZEUS+iPATH_CME,min.10.0.max.-1.0.units.MeV,threshold.10.0.units.1 / (cm2 s sr),False,min.10.0.max.-1.0.units.MeV,threshold.10.0.units.1 / (cm2 s sr),./model/SEPVAL2023_Europe/iPATH/jsons/ZEUS+iPATH_CME_differential.2013-09-30T002640Z.2023-08-29T091252Z.json,2013-09-30 00:26:40,2013-10-02 23:26:40,2013-09-30 05:05:00,192992596.9202534,1 / cm2,32904012.85486986,1 / cm2,SEP Event
2327,ZEUS+iPATH_CME,min.10.0.max.-1.0.units.MeV,threshold.10.0.units.1 / (cm2 s sr),False,min.10.0.max.-1.0.units.MeV,threshold.10.0.units.1 / (cm2 s sr),./model/SEPVAL2023_Europe/iPATH/jsons/ZEUS+iPATH_CME_differential.2014-04-18T145320Z.2023-08-29T091257Z.json,2014-04-18 14:53:20,2014-04-21 13:53:20,2014-04-18 15:25:00,63933680.99239491,1 / cm2,98114753.64010352,1 / cm2,SEP Event
2328,ZEUS+iPATH_CME,min.10.0.max.-1.0.units.MeV,threshold.10.0.units.1 / (cm2 s sr),False,min.10.0.max.-1.0.units.MeV,threshold.10.0.units.1 / (cm2 s sr),./model/SEPVAL2023_Europe/iPATH/jsons/ZEUS+iPATH_CME_differential.2014-09-10T195200Z.2023-08-29T091300Z.json,2014-09-10 19:52:00,2014-09-13 18:52:00,2014-09-11 02:55:00,55267675.3176378,1 / cm2,316597999.28715366,1 / cm2,SEP Event
2335,ZEUS+iPATH_CME,min.10.0.max.-1.0.units.MeV,threshold.10.0.units.1 / (cm2 s sr),False,min.10.0.max.-1.0.units.MeV,threshold.10.0.units.1 / (cm2 s sr),./model/SEPVAL2023_Europe/iPATH/jsons/ZEUS+iPATH_CME_differential.2017-07-14T035340Z.2023-08-29T091155Z.json,2017-07-14 03:53:40,2017-07-17 02:53:40,2017-07-14 09:00:00,14619158.379872428,1 / cm2,13453885.375743827,1 / cm2,SEP Event
2336,ZEUS+iPATH_CME,min.10.0.max.-1.0.units.MeV,threshold.10.0.units.1 / (cm2 s sr),False,min.10.0.max.-1.0.units.MeV,threshold.10.0.units.1 / (cm2 s sr),./model/SEPVAL2023_Europe/iPATH/jsons/ZEUS+iPATH_CME_differential.2017-09-04T222540Z.2023-08-29T091205Z.json,2017-09-04 22:25:40,2017-09-07 21:25:40,2017-09-05 00:40:00,122857974.8774119,1 / cm2,144048342.0360744,1 / cm2,SEP Event
2339,ZEUS+iPATH_CME,min.10.0.max.-1.0.units.MeV,threshold.10.0.units.1 / (cm2 s sr),False,min.10.0.max.-1.0.units.MeV,threshold.10.0.units.1 / (cm2 s sr),./model/SEPVAL2023_Europe/iPATH/jsons/ZEUS+iPATH_CME_differential.2021-05-29T013320Z.2023-08-29T091734Z.json,2021-05-29 01:33:20,2021-06-01 00:33:20,2021-05-29 03:00:00,1545752.5441603945,1 / cm2,67196645.04345866,1 / cm2,SEP Event
2344,ZEUS+iPATH_CME,min.10.0.max.-1.0.units.MeV,threshold.10.0.units.1 / (cm2 s sr),False,min.10.0.max.-1.0.units.MeV,threshold.10.0.units.1 / (cm2 s sr),./model/SEPVAL2023_Europe/iPATH/jsons/ZEUS+iPATH_CME_differential.2022-01-20T075700Z.2023-08-29T090708Z.json,2022-01-20 07:57:00,2022-01-23 06:57:00,2022-01-20 08:00:00,5829011.501479667,1 / cm2,9326974.184344327,1 / cm2,SEP Event
2354,ZEUS+iPATH_CME,min.10.0.max.-1.0.units.MeV,threshold.10.0.units.1 / (cm2 s sr),False,min.10.0.max.-1.0.units.MeV,threshold.10.0.units.1 / (cm2 s sr),./model/SEPVAL2023_Europe/iPATH/jsons/ZEUS+iPATH_CME_differential.2022-08-27T041420Z.2023-08-29T090716Z.json,2022-08-27 04:14:20,2022-08-30 03:14:20,2022-08-27 11:55:00,7116681.460191969,1 / cm2,503687151.8139916,1 / cm2,SEP Event
