,Model,Energy Channel Key,Mismatch Allowed,Prediction Energy Channel Key,Forecast Source,Prediction Window Start,Prediction Window End,Observed SEP in Prediction Window,Observed Max Flux in Prediction Window,Observed Max Flux Time,Observed Max Flux Units,Predicted SEP Peak Intensity (Onset Peak),Predicted SEP Peak Intensity (Onset Peak) Units
0,SEPSTER2D CME,min.10.0.max.-1.0.units.MeV,False,min.10.0.max.-1.0.units.MeV,model/SEPVAL2023_Europe/SEPSTER2D/jsons/sepster2D_20110307_2000_Parker_Spiral_2.5Rs_sep.json,2011-03-07 20:00:00,2011-03-08 05:49:00,False,48.362,2011-03-08 04:55:00,1 / (cm2 s sr),841.9,1 / (cm2 s sr)
1,SEPSTER2D CME,min.10.0.max.-1.0.units.MeV,False,min.10.0.max.-1.0.units.MeV,model/SEPVAL2023_Europe/SEPSTER2D/jsons/sepster2D_20110509_2057_Parker_Spiral_2.5Rs_nosep.json,2011-05-09 20:57:00,2011-05-11 08:20:00,False,0.72073,2011-05-11 06:50:00,1 / (cm2 s sr),0.02413,1 / (cm2 s sr)
2,SEPSTER2D CME,min.10.0.max.-1.0.units.MeV,False,min.10.0.max.-1.0.units.MeV,model/SEPVAL2023_Europe/SEPSTER2D/jsons/sepster2D_20110804_0412_Parker_Spiral_2.5Rs_sep.json,2011-08-04 04:12:00,2011-08-04 14:28:00,False,80.054,2011-08-04 10:30:00,1 / (cm2 s sr),1079.0,1 / (cm2 s sr)
3,SEPSTER2D CME,min.10.0.max.-1.0.units.MeV,False,min.10.0.max.-1.0.units.MeV,model/SEPVAL2023_Europe/SEPSTER2D/jsons/sepster2D_20110809_0812_Parker_Spiral_2.5Rs_sep.json,2011-08-09 08:12:00,2011-08-09 17:54:00,True,26.919,2011-08-09 12:10:00,1 / (cm2 s sr),40.85,1 / (cm2 s sr)
4,SEPSTER2D CME,min.10.0.max.-1.0.units.MeV,False,min.10.0.max.-1.0.units.MeV,model/SEPVAL2023_Europe/SEPSTER2D/jsons/sepster2D_20120123_0400_Parker_Spiral_2.5Rs_sep.json,2012-01-23 04:00:00,2012-01-23 16:26:00,False,2824.5,2012-01-23 15:30:00,1 / (cm2 s sr),1381.0,1 / (cm2 s sr)
5,SEPSTER2D CME,min.10.0.max.-1.0.units.MeV,False,min.10.0.max.-1.0.units.MeV,model/SEPVAL2023_Europe/SEPSTER2D/jsons/sepster2D_20120127_1827_Parker_Spiral_2.5Rs_sep.json,2012-01-27 18:27:00,2012-01-28 06:29:00,True,795.55,2012-01-28 02:05:00,1 / (cm2 s sr),427.7,1 / (cm2 s sr)
6,SEPSTER2D CME,min.10.0.max.-1.0.units.MeV,False,min.10.0.max.-1.0.units.MeV,model/SEPVAL2023_Europe/SEPSTER2D/jsons/sepster2D_20120304_1100_Parker_Spiral_2.5Rs_nosep.json,2012-03-04 11:00:00,2012-03-05 09:50:00,False,2.7014,2012-03-05 09:00:00,1 / (cm2 s sr),30.19,1 / (cm2 s sr)
7,SEPSTER2D CME,min.10.0.max.-1.0.units.MeV,False,min.10.0.max.-1.0.units.MeV,model/SEPVAL2023_Europe/SEPSTER2D/jsons/sepster2D_20120305_0400_Parker_Spiral_2.5Rs_nosep.json,2012-03-05 04:00:00,2012-03-05 21:56:00,False,3.934,2012-03-05 16:30:00,1 / (cm2 s sr),44.9,1 / (cm2 s sr)
8,SEPSTER2D CME,min.10.0.max.-1.0.units.MeV,False,min.10.0.max.-1.0.units.MeV,model/SEPVAL2023_Europe/SEPSTER2D/jsons/sepster2D_20120307_0130_Parker_Spiral_2.5Rs_sep.json,2012-03-07 01:30:00,2012-03-07 20:42:00,False,1631.3,2012-03-07 15:35:00,1 / (cm2 s sr),446.1,1 / (cm2 s sr)
9,SEPSTER2D CME,min.10.0.max.-1.0.units.MeV,False,min.10.0.max.-1.0.units.MeV,model/SEPVAL2023_Europe/SEPSTER2D/jsons/sepster2D_20120313_1736_Parker_Spiral_2.5Rs_sep.json,2012-03-13 17:36:00,2012-03-14 03:40:00,True,468.77,2012-03-13 20:45:00,1 / (cm2 s sr),1292.0,1 / (cm2 s sr)
10,SEPSTER2D CME,min.10.0.max.-1.0.units.MeV,False,min.10.0.max.-1.0.units.MeV,model/SEPVAL2023_Europe/SEPSTER2D/jsons/sepster2D_20120517_0148_Parker_Spiral_2.5Rs_sep.json,2012-05-17 01:48:00,2012-05-17 10:19:00,True,255.44,2012-05-17 04:30:00,1 / (cm2 s sr),83.9,1 / (cm2 s sr)
11,SEPSTER2D CME,min.10.0.max.-1.0.units.MeV,False,min.10.0.max.-1.0.units.MeV,model/SEPVAL2023_Europe/SEPSTER2D/jsons/sepster2D_20120613_1400_Parker_Spiral_2.5Rs_nosep.json,2012-06-13 14:00:00,2012-06-14 05:39:00,False,0.28711,2012-06-13 19:20:00,1 / (cm2 s sr),1.505,1 / (cm2 s sr)
12,SEPSTER2D CME,min.10.0.max.-1.0.units.MeV,False,min.10.0.max.-1.0.units.MeV,model/SEPVAL2023_Europe/SEPSTER2D/jsons/sepster2D_20120629_0936_Parker_Spiral_2.5Rs_nosep.json,2012-06-29 09:36:00,2012-06-30 03:38:00,False,0.39366,2012-06-29 23:00:00,1 / (cm2 s sr),39.66,1 / (cm2 s sr)
13,SEPSTER2D CME,min.10.0.max.-1.0.units.MeV,False,min.10.0.max.-1.0.units.MeV,model/SEPVAL2023_Europe/SEPSTER2D/jsons/sepster2D_20120706_2324_Parker_Spiral_2.5Rs_sep.json,2012-07-06 23:24:00,2012-07-07 10:13:00,True,25.241,2012-07-07 07:45:00,1 / (cm2 s sr),39.33,1 / (cm2 s sr)
14,SEPSTER2D CME,min.10.0.max.-1.0.units.MeV,False,min.10.0.max.-1.0.units.MeV,model/SEPVAL2023_Europe/SEPSTER2D/jsons/sepster2D_20120712_1648_Parker_Spiral_2.5Rs_sep.json,2012-07-12 16:48:00,2012-07-13 07:24:00,True,96.08,2012-07-12 22:25:00,1 / (cm2 s sr),102.9,1 / (cm2 s sr)
15,SEPSTER2D CME,min.10.0.max.-1.0.units.MeV,False,min.10.0.max.-1.0.units.MeV,model/SEPVAL2023_Europe/SEPSTER2D/jsons/sepster2D_20120723_0236_Parker_Spiral_2.5Rs_sep.json,2012-07-23 02:36:00,2012-07-23 17:35:00,False,11.959,2012-07-23 17:00:00,1 / (cm2 s sr),93.17,1 / (cm2 s sr)
16,SEPSTER2D CME,min.10.0.max.-1.0.units.MeV,False,min.10.0.max.-1.0.units.MeV,model/SEPVAL2023_Europe/SEPSTER2D/jsons/sepster2D_20120928_0012_Parker_Spiral_2.5Rs_sep.json,2012-09-28 00:12:00,2012-09-28 11:17:00,True,28.431,2012-09-28 04:45:00,1 / (cm2 s sr),195.5,1 / (cm2 s sr)
17,SEPSTER2D CME,min.10.0.max.-1.0.units.MeV,False,min.10.0.max.-1.0.units.MeV,model/SEPVAL2023_Europe/SEPSTER2D/jsons/sepster2D_20130411_0724_Parker_Spiral_2.5Rs_sep.json,2013-04-11 07:24:00,2013-04-11 23:33:00,True,113.55,2013-04-11 16:45:00,1 / (cm2 s sr),3.413,1 / (cm2 s sr)
18,SEPSTER2D CME,min.10.0.max.-1.0.units.MeV,False,min.10.0.max.-1.0.units.MeV,model/SEPVAL2023_Europe/SEPSTER2D/jsons/sepster2D_20130522_1325_Parker_Spiral_2.5Rs_sep.json,2013-05-22 13:25:00,2013-05-22 22:04:00,False,587.49,2013-05-22 22:00:00,1 / (cm2 s sr),335.5,1 / (cm2 s sr)
19,SEPSTER2D CME,min.10.0.max.-1.0.units.MeV,False,min.10.0.max.-1.0.units.MeV,model/SEPVAL2023_Europe/SEPSTER2D/jsons/sepster2D_20130607_2312_Parker_Spiral_2.5Rs_nosep.json,2013-06-07 23:12:00,2013-06-08 11:49:00,False,0.21172,2013-06-08 08:25:00,1 / (cm2 s sr),2.405,1 / (cm2 s sr)
20,SEPSTER2D CME,min.10.0.max.-1.0.units.MeV,False,min.10.0.max.-1.0.units.MeV,model/SEPVAL2023_Europe/SEPSTER2D/jsons/sepster2D_20130628_0200_Parker_Spiral_2.5Rs_nosep.json,2013-06-28 02:00:00,2013-06-28 13:06:00,False,0.77015,2013-06-28 12:40:00,1 / (cm2 s sr),63.75,1 / (cm2 s sr)
21,SEPSTER2D CME,min.10.0.max.-1.0.units.MeV,False,min.10.0.max.-1.0.units.MeV,model/SEPVAL2023_Europe/SEPSTER2D/jsons/sepster2D_20130929_2212_Parker_Spiral_2.5Rs_sep.json,2013-09-29 22:12:00,2013-09-30 10:38:00,False,43.732,2013-09-30 10:15:00,1 / (cm2 s sr),50.76,1 / (cm2 s sr)
22,SEPSTER2D CME,min.10.0.max.-1.0.units.MeV,False,min.10.0.max.-1.0.units.MeV,model/SEPVAL2023_Europe/SEPSTER2D/jsons/sepster2D_20140106_0800_Parker_Spiral_2.5Rs_sep.json,2014-01-06 08:00:00,2014-01-06 19:56:00,True,42.17,2014-01-06 16:00:00,1 / (cm2 s sr),13.83,1 / (cm2 s sr)
23,SEPSTER2D CME,min.10.0.max.-1.0.units.MeV,False,min.10.0.max.-1.0.units.MeV,model/SEPVAL2023_Europe/SEPSTER2D/jsons/sepster2D_20140107_1824_Parker_Spiral_2.5Rs_sep.json,2014-01-07 18:24:00,2014-01-08 05:54:00,False,812.1,2014-01-08 05:45:00,1 / (cm2 s sr),1368.0,1 / (cm2 s sr)
24,SEPSTER2D CME,min.10.0.max.-1.0.units.MeV,False,min.10.0.max.-1.0.units.MeV,model/SEPVAL2023_Europe/SEPSTER2D/jsons/sepster2D_20140225_0125_Parker_Spiral_2.5Rs_sep.json,2014-02-25 01:25:00,2014-02-26 04:13:00,False,23.941,2014-02-26 00:10:00,1 / (cm2 s sr),30.0,1 / (cm2 s sr)
25,SEPSTER2D CME,min.10.0.max.-1.0.units.MeV,False,min.10.0.max.-1.0.units.MeV,model/SEPVAL2023_Europe/SEPSTER2D/jsons/sepster2D_20140418_1325_Parker_Spiral_2.5Rs_sep.json,2014-04-18 13:25:00,2014-04-19 00:58:00,False,54.013,2014-04-19 00:50:00,1 / (cm2 s sr),89.98,1 / (cm2 s sr)
26,SEPSTER2D CME,min.10.0.max.-1.0.units.MeV,False,min.10.0.max.-1.0.units.MeV,model/SEPVAL2023_Europe/SEPSTER2D/jsons/sepster2D_20140801_1836_Parker_Spiral_2.5Rs_nosep.json,2014-08-01 18:36:00,2014-08-02 15:16:00,False,0.29744,2014-08-01 21:55:00,1 / (cm2 s sr),0.8077,1 / (cm2 s sr)
27,SEPSTER2D CME,min.10.0.max.-1.0.units.MeV,False,min.10.0.max.-1.0.units.MeV,model/SEPVAL2023_Europe/SEPSTER2D/jsons/sepster2D_20140910_1800_Parker_Spiral_2.5Rs_sep.json,2014-09-10 18:00:00,2014-09-11 07:21:00,False,28.711,2014-09-11 05:15:00,1 / (cm2 s sr),168.4,1 / (cm2 s sr)
28,SEPSTER2D CME,min.10.0.max.-1.0.units.MeV,False,min.10.0.max.-1.0.units.MeV,model/SEPVAL2023_Europe/SEPSTER2D/jsons/sepster2D_20141024_0800_Parker_Spiral_2.5Rs_nosep.json,2014-10-24 08:00:00,2014-10-24 19:44:00,False,0.36275,2014-10-24 17:00:00,1 / (cm2 s sr),6.939,1 / (cm2 s sr)
29,SEPSTER2D CME,min.10.0.max.-1.0.units.MeV,False,min.10.0.max.-1.0.units.MeV,model/SEPVAL2023_Europe/SEPSTER2D/jsons/sepster2D_20141106_0400_Parker_Spiral_2.5Rs_nosep.json,2014-11-06 04:00:00,2014-11-07 01:13:00,False,0.38437,2014-11-06 04:10:00,1 / (cm2 s sr),0.5112,1 / (cm2 s sr)
30,SEPSTER2D CME,min.10.0.max.-1.0.units.MeV,False,min.10.0.max.-1.0.units.MeV,model/SEPVAL2023_Europe/SEPSTER2D/jsons/sepster2D_20141107_1808_Parker_Spiral_2.5Rs_nosep.json,2014-11-07 18:08:00,2014-11-08 11:59:00,False,0.35563,2014-11-08 01:55:00,1 / (cm2 s sr),2.697,1 / (cm2 s sr)
31,SEPSTER2D CME,min.10.0.max.-1.0.units.MeV,False,min.10.0.max.-1.0.units.MeV,model/SEPVAL2023_Europe/SEPSTER2D/jsons/sepster2D_20141217_0500_Parker_Spiral_2.5Rs_nosep.json,2014-12-17 05:00:00,2014-12-17 19:06:00,False,0.59307,2014-12-17 16:45:00,1 / (cm2 s sr),2.993,1 / (cm2 s sr)
32,SEPSTER2D CME,min.10.0.max.-1.0.units.MeV,False,min.10.0.max.-1.0.units.MeV,model/SEPVAL2023_Europe/SEPSTER2D/jsons/sepster2D_20141219_0104_Parker_Spiral_2.5Rs_nosep.json,2014-12-19 01:04:00,2014-12-19 18:43:00,False,0.38621,2014-12-19 01:25:00,1 / (cm2 s sr),61.19,1 / (cm2 s sr)
33,SEPSTER2D CME,min.10.0.max.-1.0.units.MeV,False,min.10.0.max.-1.0.units.MeV,model/SEPVAL2023_Europe/SEPSTER2D/jsons/sepster2D_20150310_0000_Parker_Spiral_2.5Rs_nosep.json,2015-03-10 00:00:00,2015-03-10 11:15:00,False,0.25968,2015-03-10 01:05:00,1 / (cm2 s sr),511.4,1 / (cm2 s sr)
34,SEPSTER2D CME,min.10.0.max.-1.0.units.MeV,False,min.10.0.max.-1.0.units.MeV,model/SEPVAL2023_Europe/SEPSTER2D/jsons/sepster2D_20151029_0236_Parker_Spiral_2.5Rs_sep.json,2015-10-29 02:36:00,2015-10-29 17:39:00,True,23.508,2015-10-29 10:00:00,1 / (cm2 s sr),0.1058,1 / (cm2 s sr)
35,SEPSTER2D CME,min.10.0.max.-1.0.units.MeV,False,min.10.0.max.-1.0.units.MeV,model/SEPVAL2023_Europe/SEPSTER2D/jsons/sepster2D_20160723_0524_Parker_Spiral_2.5Rs_nosep.json,2016-07-23 05:24:00,2016-07-23 15:08:00,False,0.76933,2016-07-23 07:25:00,1 / (cm2 s sr),5.367,1 / (cm2 s sr)
36,SEPSTER2D CME,min.10.0.max.-1.0.units.MeV,False,min.10.0.max.-1.0.units.MeV,model/SEPVAL2023_Europe/SEPSTER2D/jsons/sepster2D_20170904_2036_Parker_Spiral_2.5Rs_sep.json,2017-09-04 20:36:00,2017-09-05 09:34:00,False,105.96,2017-09-05 07:20:00,1 / (cm2 s sr),80.73,1 / (cm2 s sr)
37,SEPSTER2D CME,min.10.0.max.-1.0.units.MeV,False,min.10.0.max.-1.0.units.MeV,model/SEPVAL2023_Europe/SEPSTER2D/jsons/sepster2D_20170906_1224_Parker_Spiral_2.5Rs_sep.json,2017-09-06 12:24:00,2017-09-06 23:54:00,False,165.73,2017-09-06 23:45:00,1 / (cm2 s sr),345.4,1 / (cm2 s sr)
38,SEPSTER2D CME,min.10.0.max.-1.0.units.MeV,False,min.10.0.max.-1.0.units.MeV,model/SEPVAL2023_Europe/SEPSTER2D/jsons/sepster2D_20170910_1600_Parker_Spiral_2.5Rs_sep.json,2017-09-10 16:00:00,2017-09-11 01:28:00,False,1181.3,2017-09-11 01:15:00,1 / (cm2 s sr),1110.0,1 / (cm2 s sr)
39,SEPSTER2D CME,min.10.0.max.-1.0.units.MeV,False,min.10.0.max.-1.0.units.MeV,model/SEPVAL2023_Europe/SEPSTER2D/jsons/sepster2D_20210528_2312_Parker_Spiral_2.5Rs_sep.json,2021-05-28 23:12:00,2021-05-29 06:48:00,True,15.560695,2021-05-29 03:20:00,1 / (cm2 s sr),33.19,1 / (cm2 s sr)
40,SEPSTER2D CME,min.10.0.max.-1.0.units.MeV,False,min.10.0.max.-1.0.units.MeV,model/SEPVAL2023_Europe/SEPSTER2D/jsons/sepster2D_20211028_1548_Parker_Spiral_2.5Rs_sep.json,2021-10-28 15:48:00,2021-10-29 08:39:00,True,28.950766,2021-10-29 02:50:00,1 / (cm2 s sr),22.25,1 / (cm2 s sr)
41,SEPSTER2D CME,min.10.0.max.-1.0.units.MeV,False,min.10.0.max.-1.0.units.MeV,model/SEPVAL2023_Europe/SEPSTER2D/jsons/sepster2D_20211101_0200_Parker_Spiral_2.5Rs_nosep.json,2021-11-01 02:00:00,2021-11-01 12:14:00,False,5.492021,2021-11-01 09:35:00,1 / (cm2 s sr),2.759,1 / (cm2 s sr)
42,SEPSTER2D CME,min.10.0.max.-1.0.units.MeV,False,min.10.0.max.-1.0.units.MeV,model/SEPVAL2023_Europe/SEPSTER2D/jsons/sepster2D_20211102_0248_Parker_Spiral_2.5Rs_nosep.json,2021-11-02 02:48:00,2021-11-02 15:56:00,False,3.370688,2021-11-02 03:10:00,1 / (cm2 s sr),55.14,1 / (cm2 s sr)
43,SEPSTER2D CME,min.10.0.max.-1.0.units.MeV,False,min.10.0.max.-1.0.units.MeV,model/SEPVAL2023_Europe/SEPSTER2D/jsons/sepster2D_20220118_1748_Parker_Spiral_2.5Rs_nosep.json,2022-01-18 17:48:00,2022-01-19 02:22:00,False,0.711098,2022-01-19 01:20:00,1 / (cm2 s sr),27.7,1 / (cm2 s sr)
44,SEPSTER2D CME,min.10.0.max.-1.0.units.MeV,False,min.10.0.max.-1.0.units.MeV,model/SEPVAL2023_Europe/SEPSTER2D/jsons/sepster2D_20220120_0612_Parker_Spiral_2.5Rs_sep.json,2022-01-20 06:12:00,2022-01-20 17:55:00,True,22.678768,2022-01-20 10:15:00,1 / (cm2 s sr),32.85,1 / (cm2 s sr)
45,SEPSTER2D CME,min.10.0.max.-1.0.units.MeV,False,min.10.0.max.-1.0.units.MeV,model/SEPVAL2023_Europe/SEPSTER2D/jsons/sepster2D_20220328_1200_Parker_Spiral_2.5Rs_sep.json,2022-03-28 12:00:00,2022-03-28 22:39:00,True,18.683397,2022-03-28 14:50:00,1 / (cm2 s sr),4.845,1 / (cm2 s sr)
46,SEPSTER2D CME,min.10.0.max.-1.0.units.MeV,False,min.10.0.max.-1.0.units.MeV,model/SEPVAL2023_Europe/SEPSTER2D/jsons/sepster2D_20220402_1336_Parker_Spiral_2.5Rs_sep.json,2022-04-02 13:36:00,2022-04-02 22:12:00,True,32.182705,2022-04-02 16:00:00,1 / (cm2 s sr),180.4,1 / (cm2 s sr)
47,SEPSTER2D CME,min.10.0.max.-1.0.units.MeV,False,min.10.0.max.-1.0.units.MeV,model/SEPVAL2023_Europe/SEPSTER2D/jsons/sepster2D_20220417_0348_Parker_Spiral_2.5Rs_nosep.json,2022-04-17 03:48:00,2022-04-18 10:56:00,False,0.648361,2022-04-18 02:45:00,1 / (cm2 s sr),0.153,1 / (cm2 s sr)
48,SEPSTER2D CME,min.10.0.max.-1.0.units.MeV,False,min.10.0.max.-1.0.units.MeV,model/SEPVAL2023_Europe/SEPSTER2D/jsons/sepster2D_20220429_0736_Parker_Spiral_2.5Rs_nosep.json,2022-04-29 07:36:00,2022-04-29 17:44:00,False,3.54173,2022-04-29 17:30:00,1 / (cm2 s sr),127.1,1 / (cm2 s sr)
49,SEPSTER2D CME,min.10.0.max.-1.0.units.MeV,False,min.10.0.max.-1.0.units.MeV,model/SEPVAL2023_Europe/SEPSTER2D/jsons/sepster2D_20220525_1836_Parker_Spiral_2.5Rs_nosep.json,2022-05-25 18:36:00,2022-05-26 05:10:00,False,0.649695,2022-05-25 19:05:00,1 / (cm2 s sr),29.99,1 / (cm2 s sr)
50,SEPSTER2D CME,min.10.0.max.-1.0.units.MeV,False,min.10.0.max.-1.0.units.MeV,model/SEPVAL2023_Europe/SEPSTER2D/jsons/sepster2D_20220817_1436_Parker_Spiral_2.5Rs_nosep.json,2022-08-17 14:36:00,2022-08-18 02:35:00,False,0.476032,2022-08-17 15:05:00,1 / (cm2 s sr),7.666,1 / (cm2 s sr)
51,SEPSTER2D CME,min.10.0.max.-1.0.units.MeV,False,min.10.0.max.-1.0.units.MeV,model/SEPVAL2023_Europe/SEPSTER2D/jsons/sepster2D_20220818_1100_Parker_Spiral_2.5Rs_nosep.json,2022-08-18 11:00:00,2022-08-18 22:35:00,False,0.535352,2022-08-18 22:15:00,1 / (cm2 s sr),32.42,1 / (cm2 s sr)
52,SEPSTER2D CME,min.10.0.max.-1.0.units.MeV,False,min.10.0.max.-1.0.units.MeV,model/SEPVAL2023_Europe/SEPSTER2D/jsons/sepster2D_20220819_0449_Parker_Spiral_2.5Rs_nosep.json,2022-08-19 04:49:00,2022-08-19 15:34:00,False,0.566369,2022-08-19 11:30:00,1 / (cm2 s sr),11.29,1 / (cm2 s sr)
53,SEPSTER2D CME,min.10.0.max.-1.0.units.MeV,False,min.10.0.max.-1.0.units.MeV,model/SEPVAL2023_Europe/SEPSTER2D/jsons/sepster2D_20220827_0224_Parker_Spiral_2.5Rs_sep.json,2022-08-27 02:24:00,2022-08-27 11:55:00,False,5.182363,2022-08-27 11:50:00,1 / (cm2 s sr),137.4,1 / (cm2 s sr)
54,SEPSTER2D CME,min.10.0.max.-1.0.units.MeV,False,min.10.0.max.-1.0.units.MeV,model/SEPVAL2023_Europe/SEPSTER2D/jsons/sepster2D_20220829_1700_Parker_Spiral_2.5Rs_nosep.json,2022-08-29 17:00:00,2022-08-30 05:10:00,False,0.882014,2022-08-30 03:25:00,1 / (cm2 s sr),7.018,1 / (cm2 s sr)
55,SEPSTER2D CME,min.10.0.max.-1.0.units.MeV,False,min.10.0.max.-1.0.units.MeV,model/SEPVAL2023_Europe/SEPSTER2D/jsons/sepster2D_20220830_1812_Parker_Spiral_2.5Rs_nosep.json,2022-08-30 18:12:00,2022-08-31 09:21:00,False,0.549013,2022-08-31 00:25:00,1 / (cm2 s sr),5.781,1 / (cm2 s sr)
56,SEPSTER2D CME,min.10.0.max.-1.0.units.MeV,False,min.10.0.max.-1.0.units.MeV,model/SEPVAL2023_Europe/SEPSTER2D/jsons/sepster2D_20221201_0748_Parker_Spiral_2.5Rs_nosep.json,2022-12-01 07:48:00,2022-12-01 18:18:00,False,0.412691,2022-12-01 10:40:00,1 / (cm2 s sr),111.1,1 / (cm2 s sr)
57,SEPSTER2D CME,min.10.0.max.-1.0.units.MeV,False,min.10.0.max.-1.0.units.MeV,model/SEPVAL2023_Europe/SEPSTER2D/jsons/sepster2D_20230225_1924_Parker_Spiral_2.5Rs_sep.json,2023-02-25 19:24:00,2023-02-26 04:24:00,False,56.896011,2023-02-26 04:15:00,1 / (cm2 s sr),17.65,1 / (cm2 s sr)
58,SEPSTER2D CME,min.10.0.max.-1.0.units.MeV,False,min.10.0.max.-1.0.units.MeV,model/SEPVAL2023_Europe/SEPSTER2D/jsons/sepster2D_20230304_1536_Parker_Spiral_2.5Rs_nosep.json,2023-03-04 15:36:00,2023-03-05 03:38:00,False,0.32713,2023-03-04 16:40:00,1 / (cm2 s sr),6.306,1 / (cm2 s sr)
59,SEPSTER2D CME,min.10.0.max.-1.0.units.MeV,False,min.10.0.max.-1.0.units.MeV,model/SEPVAL2023_Europe/SEPSTER2D/jsons/sepster2D_20230306_0312_Parker_Spiral_2.5Rs_nosep.json,2023-03-06 03:12:00,2023-03-06 12:41:00,False,0.319093,2023-03-06 10:20:00,1 / (cm2 s sr),21.75,1 / (cm2 s sr)
