,Model,Energy Channel Key,Mismatch Allowed,Prediction Energy Channel Key,Forecast Source,Prediction Window Start,Prediction Window End,Observed SEP in Prediction Window,Observed Max Flux in Prediction Window,Observed Max Flux Time,Observed Max Flux Units,Predicted SEP Peak Intensity Max (Max Flux),Predicted SEP Peak Intensity Max (Max Flux) Units
0,SEPSAT,min.10.0.max.-1.0.units.MeV,False,min.10.0.max.-1.0.units.MeV,model/SEPVAL2023_Europe/Zhang/SEPSAT/events/SEPSAT_differential.2011-03-07T195400Z.2023-10-26T115955Z.json,2011-03-07 19:54:00,2011-03-08 19:54:00,True,50.386,2011-03-08 08:00:00,1 / (cm2 s sr),25.75487010232151,1 / (cm2 s sr)
1,SEPSAT,min.10.0.max.-1.0.units.MeV,False,min.10.0.max.-1.0.units.MeV,model/SEPVAL2023_Europe/Zhang/SEPSAT/events/SEPSAT_differential.2011-06-07T062400Z.2023-10-26T115958Z.json,2011-06-07 06:24:00,2011-06-08 06:24:00,True,72.866,2011-06-07 18:20:00,1 / (cm2 s sr),44.89822319853491,1 / (cm2 s sr)
2,SEPSAT,min.10.0.max.-1.0.units.MeV,False,min.10.0.max.-1.0.units.MeV,model/SEPVAL2023_Europe/Zhang/SEPSAT/events/SEPSAT_differential.2011-08-04T035359Z.2023-10-26T120000Z.json,2011-08-04 03:53:59,2011-08-05 03:53:59,False,80.054,2011-08-04 10:30:00,1 / (cm2 s sr),24.220351737295395,1 / (cm2 s sr)
3,SEPSAT,min.10.0.max.-1.0.units.MeV,False,min.10.0.max.-1.0.units.MeV,model/SEPVAL2023_Europe/Zhang/SEPSAT/events/SEPSAT_differential.2011-08-09T075400Z.2023-10-26T120003Z.json,2011-08-09 07:54:00,2011-08-10 07:54:00,True,26.919,2011-08-09 12:10:00,1 / (cm2 s sr),92.95701721663325,1 / (cm2 s sr)
4,SEPSAT,min.10.0.max.-1.0.units.MeV,False,min.10.0.max.-1.0.units.MeV,model/SEPVAL2023_Europe/Zhang/SEPSAT/events/SEPSAT_differential.2012-01-23T035400Z.2023-10-26T120005Z.json,2012-01-23 03:54:00,2012-01-24 03:54:00,False,3695.3,2012-01-24 03:15:00,1 / (cm2 s sr),40.18699595682985,1 / (cm2 s sr)
5,SEPSAT,min.10.0.max.-1.0.units.MeV,False,min.10.0.max.-1.0.units.MeV,model/SEPVAL2023_Europe/Zhang/SEPSAT/events/SEPSAT_differential.2012-01-27T183359Z.2023-10-26T120008Z.json,2012-01-27 18:33:59,2012-01-28 18:33:59,True,795.55,2012-01-28 02:05:00,1 / (cm2 s sr),38.88574185515793,1 / (cm2 s sr)
6,SEPSAT,min.10.0.max.-1.0.units.MeV,False,min.10.0.max.-1.0.units.MeV,model/SEPVAL2023_Europe/Zhang/SEPSAT/events/SEPSAT_differential.2012-03-07aT011400Z.2023-10-26T115913Z.json,2012-03-07 01:14:00,2012-03-08 01:14:00,False,1735.5,2012-03-07 23:05:00,1 / (cm2 s sr),201.99863833196622,1 / (cm2 s sr)
7,SEPSAT,min.10.0.max.-1.0.units.MeV,False,min.10.0.max.-1.0.units.MeV,model/SEPVAL2023_Europe/Zhang/SEPSAT/events/SEPSAT_differential.2012-03-07bT011400Z.2023-10-26T115916Z.json,2012-03-07 01:14:00,2012-03-08 01:14:00,False,1735.5,2012-03-07 23:05:00,1 / (cm2 s sr),104.74740392376343,1 / (cm2 s sr)
8,SEPSAT,min.10.0.max.-1.0.units.MeV,False,min.10.0.max.-1.0.units.MeV,model/SEPVAL2023_Europe/Zhang/SEPSAT/events/SEPSAT_differential.2012-03-13T172359Z.2023-10-26T120010Z.json,2012-03-13 17:23:59,2012-03-14 17:23:59,True,468.77,2012-03-13 20:45:00,1 / (cm2 s sr),625.2971663892176,1 / (cm2 s sr)
9,SEPSAT,min.10.0.max.-1.0.units.MeV,False,min.10.0.max.-1.0.units.MeV,model/SEPVAL2023_Europe/Zhang/SEPSAT/events/SEPSAT_differential.2012-05-17T015400Z.2023-10-26T115918Z.json,2012-05-17 01:54:00,2012-05-18 01:54:00,True,255.44,2012-05-17 04:30:00,1 / (cm2 s sr),9.838165075267522,1 / (cm2 s sr)
10,SEPSAT,min.10.0.max.-1.0.units.MeV,False,min.10.0.max.-1.0.units.MeV,model/SEPVAL2023_Europe/Zhang/SEPSAT/events/SEPSAT_differential.2012-07-06T235359Z.2023-10-26T120012Z.json,2012-07-06 23:53:59,2012-07-07 23:53:59,True,25.241,2012-07-07 07:45:00,1 / (cm2 s sr),6.560262838238811,1 / (cm2 s sr)
11,SEPSAT,min.10.0.max.-1.0.units.MeV,False,min.10.0.max.-1.0.units.MeV,model/SEPVAL2023_Europe/Zhang/SEPSAT/events/SEPSAT_differential.2012-07-12T180859Z.2023-10-26T115920Z.json,2012-07-12 18:08:59,2012-07-13 18:08:59,True,96.08,2012-07-12 22:25:00,1 / (cm2 s sr),360.0404795541699,1 / (cm2 s sr)
12,SEPSAT,min.10.0.max.-1.0.units.MeV,False,min.10.0.max.-1.0.units.MeV,model/SEPVAL2023_Europe/Zhang/SEPSAT/events/SEPSAT_differential.2012-07-23T025359Z.2023-10-26T120014Z.json,2012-07-23 02:53:59,2012-07-24 02:53:59,True,12.768,2012-07-23 21:45:00,1 / (cm2 s sr),64.38641535532183,1 / (cm2 s sr)
13,SEPSAT,min.10.0.max.-1.0.units.MeV,False,min.10.0.max.-1.0.units.MeV,model/SEPVAL2023_Europe/Zhang/SEPSAT/events/SEPSAT_differential.2012-09-27T235359Z.2023-10-26T120017Z.json,2012-09-27 23:53:59,2012-09-28 23:53:59,True,28.431,2012-09-28 04:45:00,1 / (cm2 s sr),222.6347558943339,1 / (cm2 s sr)
14,SEPSAT,min.10.0.max.-1.0.units.MeV,False,min.10.0.max.-1.0.units.MeV,model/SEPVAL2023_Europe/Zhang/SEPSAT/events/SEPSAT_differential.2013-04-11T073400Z.2023-10-26T115923Z.json,2013-04-11 07:34:00,2013-04-12 07:34:00,True,113.55,2013-04-11 16:45:00,1 / (cm2 s sr),18.78264679366133,1 / (cm2 s sr)
15,SEPSAT,min.10.0.max.-1.0.units.MeV,False,min.10.0.max.-1.0.units.MeV,model/SEPVAL2023_Europe/Zhang/SEPSAT/events/SEPSAT_differential.2013-05-22T131400Z.2023-10-26T120020Z.json,2013-05-22 13:14:00,2013-05-23 13:14:00,True,1655.4,2013-05-23 06:50:00,1 / (cm2 s sr),5924.45547402409,1 / (cm2 s sr)
16,SEPSAT,min.10.0.max.-1.0.units.MeV,False,min.10.0.max.-1.0.units.MeV,model/SEPVAL2023_Europe/Zhang/SEPSAT/events/SEPSAT_differential.2013-09-29T220400Z.2023-10-26T120022Z.json,2013-09-29 22:04:00,2013-09-30 22:04:00,True,181.81,2013-09-30 20:05:00,1 / (cm2 s sr),116.30206447736454,1 / (cm2 s sr)
17,SEPSAT,min.10.0.max.-1.0.units.MeV,False,min.10.0.max.-1.0.units.MeV,model/SEPVAL2023_Europe/Zhang/SEPSAT/events/SEPSAT_differential.2014-01-06T091359Z.2023-10-26T115925Z.json,2014-01-06 09:13:59,2014-01-07 09:13:59,True,42.17,2014-01-06 16:00:00,1 / (cm2 s sr),34.29213917354952,1 / (cm2 s sr)
18,SEPSAT,min.10.0.max.-1.0.units.MeV,False,min.10.0.max.-1.0.units.MeV,model/SEPVAL2023_Europe/Zhang/SEPSAT/events/SEPSAT_differential.2014-01-07T191400Z.2023-10-26T115928Z.json,2014-01-07 19:14:00,2014-01-08 19:14:00,False,971.1,2014-01-08 12:30:00,1 / (cm2 s sr),1505.105274624844,1 / (cm2 s sr)
19,SEPSAT,min.10.0.max.-1.0.units.MeV,False,min.10.0.max.-1.0.units.MeV,model/SEPVAL2023_Europe/Zhang/SEPSAT/events/SEPSAT_differential.2014-02-25T011400Z.2023-10-26T120025Z.json,2014-02-25 01:14:00,2014-02-26 01:14:00,False,23.941,2014-02-26 00:10:00,1 / (cm2 s sr),300.49520459966084,1 / (cm2 s sr)
20,SEPSAT,min.10.0.max.-1.0.units.MeV,False,min.10.0.max.-1.0.units.MeV,model/SEPVAL2023_Europe/Zhang/SEPSAT/events/SEPSAT_differential.2014-04-18T131400Z.2023-10-26T120027Z.json,2014-04-18 13:14:00,2014-04-19 13:14:00,True,58.47,2014-04-19 01:05:00,1 / (cm2 s sr),185.7169506071235,1 / (cm2 s sr)
21,SEPSAT,min.10.0.max.-1.0.units.MeV,False,min.10.0.max.-1.0.units.MeV,model/SEPVAL2023_Europe/Zhang/SEPSAT/events/SEPSAT_differential.2014-09-10T173400Z.2023-10-26T120030Z.json,2014-09-10 17:34:00,2014-09-11 17:34:00,False,28.711,2014-09-11 05:15:00,1 / (cm2 s sr),144.52249540313667,1 / (cm2 s sr)
22,SEPSAT,min.10.0.max.-1.0.units.MeV,False,min.10.0.max.-1.0.units.MeV,model/SEPVAL2023_Europe/Zhang/SEPSAT/events/SEPSAT_differential.2015-10-29T011400Z.2023-10-26T120033Z.json,2015-10-29 01:14:00,2015-10-30 01:14:00,True,23.508,2015-10-29 10:00:00,1 / (cm2 s sr),19.39985990638528,1 / (cm2 s sr)
23,SEPSAT,min.10.0.max.-1.0.units.MeV,False,min.10.0.max.-1.0.units.MeV,model/SEPVAL2023_Europe/Zhang/SEPSAT/events/SEPSAT_differential.2017-07-14T014359Z.2023-10-26T115930Z.json,2017-07-14 01:43:59,2017-07-15 01:43:59,True,22.374,2017-07-14 23:20:00,1 / (cm2 s sr),95.65482670970486,1 / (cm2 s sr)
24,SEPSAT,min.10.0.max.-1.0.units.MeV,False,min.10.0.max.-1.0.units.MeV,model/SEPVAL2023_Europe/Zhang/SEPSAT/events/SEPSAT_differential.2017-09-04T203400Z.2023-10-26T115933Z.json,2017-09-04 20:34:00,2017-09-05 20:34:00,True,210.19,2017-09-05 19:30:00,1 / (cm2 s sr),32.399825735708056,1 / (cm2 s sr)
25,SEPSAT,min.10.0.max.-1.0.units.MeV,False,min.10.0.max.-1.0.units.MeV,model/SEPVAL2023_Europe/Zhang/SEPSAT/events/SEPSAT_differential.2017-09-06T121359Z.2023-10-26T115936Z.json,2017-09-06 12:13:59,2017-09-07 12:13:59,False,352.24,2017-09-07 04:10:00,1 / (cm2 s sr),34.42458410331595,1 / (cm2 s sr)
26,SEPSAT,min.10.0.max.-1.0.units.MeV,False,min.10.0.max.-1.0.units.MeV,model/SEPVAL2023_Europe/Zhang/SEPSAT/events/SEPSAT_differential.2017-09-10T160400Z.2023-10-26T115938Z.json,2017-09-10 16:04:00,2017-09-11 16:04:00,True,1493.5,2017-09-11 11:45:00,1 / (cm2 s sr),11.646138679059334,1 / (cm2 s sr)
27,SEPSAT,min.10.0.max.-1.0.units.MeV,False,min.10.0.max.-1.0.units.MeV,model/SEPVAL2023_Europe/Zhang/SEPSAT/events/SEPSAT_differential.2021-05-28T230359Z.2023-10-26T115940Z.json,2021-05-28 23:03:59,2021-05-29 23:03:59,True,15.560695,2021-05-29 03:20:00,1 / (cm2 s sr),4.454517369075127,1 / (cm2 s sr)
28,SEPSAT,min.10.0.max.-1.0.units.MeV,False,min.10.0.max.-1.0.units.MeV,model/SEPVAL2023_Europe/Zhang/SEPSAT/events/SEPSAT_differential.2021-10-28T154400Z.2023-10-26T115942Z.json,2021-10-28 15:44:00,2021-10-29 15:44:00,True,28.950766,2021-10-29 02:50:00,1 / (cm2 s sr),1.486112393915449,1 / (cm2 s sr)
29,SEPSAT,min.10.0.max.-1.0.units.MeV,False,min.10.0.max.-1.0.units.MeV,model/SEPVAL2023_Europe/Zhang/SEPSAT/events/SEPSAT_differential.2022-01-20T060400Z.2023-10-26T115944Z.json,2022-01-20 06:04:00,2022-01-21 06:04:00,True,22.678768,2022-01-20 10:15:00,1 / (cm2 s sr),41.45563398157832,1 / (cm2 s sr)
30,SEPSAT,min.10.0.max.-1.0.units.MeV,False,min.10.0.max.-1.0.units.MeV,model/SEPVAL2023_Europe/Zhang/SEPSAT/events/SEPSAT_differential.2022-03-28T111400Z.2023-10-26T115946Z.json,2022-03-28 11:14:00,2022-03-29 11:14:00,True,18.683397,2022-03-28 14:50:00,1 / (cm2 s sr),6.0417841187451815,1 / (cm2 s sr)
31,SEPSAT,min.10.0.max.-1.0.units.MeV,False,min.10.0.max.-1.0.units.MeV,model/SEPVAL2023_Europe/Zhang/SEPSAT/events/SEPSAT_differential.2022-04-02T134359Z.2023-10-26T115948Z.json,2022-04-02 13:43:59,2022-04-03 13:43:59,True,32.182705,2022-04-02 16:00:00,1 / (cm2 s sr),717.8850362675188,1 / (cm2 s sr)
32,SEPSAT,min.10.0.max.-1.0.units.MeV,False,min.10.0.max.-1.0.units.MeV,model/SEPVAL2023_Europe/Zhang/SEPSAT/events/SEPSAT_differential.2022-08-27T021400Z.2023-10-26T115951Z.json,2022-08-27 02:14:00,2022-08-28 02:14:00,True,27.487036,2022-08-27 12:20:00,1 / (cm2 s sr),30.994544854523724,1 / (cm2 s sr)
33,SEPSAT,min.10.0.max.-1.0.units.MeV,False,min.10.0.max.-1.0.units.MeV,model/SEPVAL2023_Europe/Zhang/SEPSAT/events/SEPSAT_differential.2023-02-25T193400Z.2023-10-26T115953Z.json,2023-02-25 19:34:00,2023-02-26 19:34:00,True,58.818619,2023-02-26 04:40:00,1 / (cm2 s sr),563.2927523907742,1 / (cm2 s sr)
34,SEPSAT,min.10.0.max.-1.0.units.MeV,False,min.10.0.max.-1.0.units.MeV,model/SEPVAL2023_Europe/Zhang/SEPSAT/nonevents/SEPSAT_differential.2011-05-09T195400Z.2023-10-26T111022Z.json,2011-05-09 19:54:00,2011-05-10 19:54:00,False,0.47854,2011-05-10 04:55:00,1 / (cm2 s sr),7.353370267462619,1 / (cm2 s sr)
35,SEPSAT,min.10.0.max.-1.0.units.MeV,False,min.10.0.max.-1.0.units.MeV,model/SEPVAL2023_Europe/Zhang/SEPSAT/nonevents/SEPSAT_differential.2012-03-04T112359Z.2023-10-26T111024Z.json,2012-03-04 11:23:59,2012-03-05 11:23:59,False,2.7014,2012-03-05 09:00:00,1 / (cm2 s sr),62.09384655454902,1 / (cm2 s sr)
36,SEPSAT,min.10.0.max.-1.0.units.MeV,False,min.10.0.max.-1.0.units.MeV,model/SEPVAL2023_Europe/Zhang/SEPSAT/nonevents/SEPSAT_differential.2012-03-05T035359Z.2023-10-26T111027Z.json,2012-03-05 03:53:59,2012-03-06 03:53:59,False,3.934,2012-03-05 16:30:00,1 / (cm2 s sr),27.541264108136925,1 / (cm2 s sr)
37,SEPSAT,min.10.0.max.-1.0.units.MeV,False,min.10.0.max.-1.0.units.MeV,model/SEPVAL2023_Europe/Zhang/SEPSAT/nonevents/SEPSAT_differential.2012-06-13T142359Z.2023-10-26T110930Z.json,2012-06-13 14:23:59,2012-06-14 14:23:59,False,0.28711,2012-06-13 19:20:00,1 / (cm2 s sr),3.0953425237084033,1 / (cm2 s sr)
38,SEPSAT,min.10.0.max.-1.0.units.MeV,False,min.10.0.max.-1.0.units.MeV,model/SEPVAL2023_Europe/Zhang/SEPSAT/nonevents/SEPSAT_differential.2012-06-29T094400Z.2023-10-26T111029Z.json,2012-06-29 09:44:00,2012-06-30 09:44:00,False,0.39366,2012-06-29 23:00:00,1 / (cm2 s sr),21.77412453734275,1 / (cm2 s sr)
39,SEPSAT,min.10.0.max.-1.0.units.MeV,False,min.10.0.max.-1.0.units.MeV,model/SEPVAL2023_Europe/Zhang/SEPSAT/nonevents/SEPSAT_differential.2013-06-07T230359Z.2023-10-26T110932Z.json,2013-06-07 23:03:59,2013-06-08 23:03:59,False,0.36732,2013-06-08 14:10:00,1 / (cm2 s sr),1.029453230142836,1 / (cm2 s sr)
40,SEPSAT,min.10.0.max.-1.0.units.MeV,False,min.10.0.max.-1.0.units.MeV,model/SEPVAL2023_Europe/Zhang/SEPSAT/nonevents/SEPSAT_differential.2013-06-28T020359Z.2023-10-26T111031Z.json,2013-06-28 02:03:59,2013-06-29 02:03:59,False,0.77015,2013-06-28 12:40:00,1 / (cm2 s sr),3.053251316877156,1 / (cm2 s sr)
41,SEPSAT,min.10.0.max.-1.0.units.MeV,False,min.10.0.max.-1.0.units.MeV,model/SEPVAL2023_Europe/Zhang/SEPSAT/nonevents/SEPSAT_differential.2014-08-01T180400Z.2023-10-26T110934Z.json,2014-08-01 18:04:00,2014-08-02 18:04:00,False,0.29744,2014-08-01 21:55:00,1 / (cm2 s sr),2.422335731659348,1 / (cm2 s sr)
42,SEPSAT,min.10.0.max.-1.0.units.MeV,False,min.10.0.max.-1.0.units.MeV,model/SEPVAL2023_Europe/Zhang/SEPSAT/nonevents/SEPSAT_differential.2014-10-24T070359Z.2023-10-26T110935Z.json,2014-10-24 07:03:59,2014-10-25 07:03:59,False,0.38794,2014-10-25 00:30:00,1 / (cm2 s sr),4.0684155353255385,1 / (cm2 s sr)
43,SEPSAT,min.10.0.max.-1.0.units.MeV,False,min.10.0.max.-1.0.units.MeV,model/SEPVAL2023_Europe/Zhang/SEPSAT/nonevents/SEPSAT_differential.2014-11-06T040359Z.2023-10-26T110938Z.json,2014-11-06 04:03:59,2014-11-07 04:03:59,False,0.38437,2014-11-06 04:10:00,1 / (cm2 s sr),81.24885097016698,1 / (cm2 s sr)
44,SEPSAT,min.10.0.max.-1.0.units.MeV,False,min.10.0.max.-1.0.units.MeV,model/SEPVAL2023_Europe/Zhang/SEPSAT/nonevents/SEPSAT_differential.2014-11-07T170359Z.2023-10-26T110939Z.json,2014-11-07 17:03:59,2014-11-08 17:03:59,False,0.35563,2014-11-08 01:55:00,1 / (cm2 s sr),4.1885814121370855,1 / (cm2 s sr)
45,SEPSAT,min.10.0.max.-1.0.units.MeV,False,min.10.0.max.-1.0.units.MeV,model/SEPVAL2023_Europe/Zhang/SEPSAT/nonevents/SEPSAT_differential.2014-12-17T030400Z.2023-10-26T110941Z.json,2014-12-17 03:04:00,2014-12-18 03:04:00,False,0.59307,2014-12-17 16:45:00,1 / (cm2 s sr),5.216909066983155,1 / (cm2 s sr)
46,SEPSAT,min.10.0.max.-1.0.units.MeV,False,min.10.0.max.-1.0.units.MeV,model/SEPVAL2023_Europe/Zhang/SEPSAT/nonevents/SEPSAT_differential.2014-12-18T221400Z.2023-10-26T110943Z.json,2014-12-18 22:14:00,2014-12-19 22:14:00,False,0.44127,2014-12-19 01:00:00,1 / (cm2 s sr),18.85211448386544,1 / (cm2 s sr)
47,SEPSAT,min.10.0.max.-1.0.units.MeV,False,min.10.0.max.-1.0.units.MeV,model/SEPVAL2023_Europe/Zhang/SEPSAT/nonevents/SEPSAT_differential.2015-03-09T234400Z.2023-10-26T110945Z.json,2015-03-09 23:44:00,2015-03-10 23:44:00,False,0.3719,2015-03-10 14:00:00,1 / (cm2 s sr),61.695680445857015,1 / (cm2 s sr)
48,SEPSAT,min.10.0.max.-1.0.units.MeV,False,min.10.0.max.-1.0.units.MeV,model/SEPVAL2023_Europe/Zhang/SEPSAT/nonevents/SEPSAT_differential.2016-07-23T050359Z.2023-10-26T110947Z.json,2016-07-23 05:03:59,2016-07-24 05:03:59,False,0.76933,2016-07-23 07:25:00,1 / (cm2 s sr),5.906101801993766,1 / (cm2 s sr)
49,SEPSAT,min.10.0.max.-1.0.units.MeV,False,min.10.0.max.-1.0.units.MeV,model/SEPVAL2023_Europe/Zhang/SEPSAT/nonevents/SEPSAT_differential.2021-11-01T011400Z.2023-10-26T110948Z.json,2021-11-01 01:14:00,2021-11-02 01:14:00,False,5.492021,2021-11-01 09:35:00,1 / (cm2 s sr),0.4273952549486906,1 / (cm2 s sr)
50,SEPSAT,min.10.0.max.-1.0.units.MeV,False,min.10.0.max.-1.0.units.MeV,model/SEPVAL2023_Europe/Zhang/SEPSAT/nonevents/SEPSAT_differential.2021-11-02T031359Z.2023-10-26T110951Z.json,2021-11-02 03:13:59,2021-11-03 03:13:59,False,3.746691,2021-11-03 02:55:00,1 / (cm2 s sr),33.08697293650143,1 / (cm2 s sr)
51,SEPSAT,min.10.0.max.-1.0.units.MeV,False,min.10.0.max.-1.0.units.MeV,model/SEPVAL2023_Europe/Zhang/SEPSAT/nonevents/SEPSAT_differential.2022-01-18T181359Z.2023-10-26T110954Z.json,2022-01-18 18:13:59,2022-01-19 18:13:59,False,0.781371,2022-01-19 08:45:00,1 / (cm2 s sr),47.158144995227254,1 / (cm2 s sr)
52,SEPSAT,min.10.0.max.-1.0.units.MeV,False,min.10.0.max.-1.0.units.MeV,model/SEPVAL2023_Europe/Zhang/SEPSAT/nonevents/SEPSAT_differential.2022-04-17T040359Z.2023-10-26T110956Z.json,2022-04-17 04:03:59,2022-04-18 04:03:59,False,0.648361,2022-04-18 02:45:00,1 / (cm2 s sr),17.14282396635405,1 / (cm2 s sr)
53,SEPSAT,min.10.0.max.-1.0.units.MeV,False,min.10.0.max.-1.0.units.MeV,model/SEPVAL2023_Europe/Zhang/SEPSAT/nonevents/SEPSAT_differential.2022-04-20T040359Z.2023-10-26T110958Z.json,2022-04-20 04:03:59,2022-04-21 04:03:59,False,0.689392,2022-04-20 23:05:00,1 / (cm2 s sr),0.5679906238085553,1 / (cm2 s sr)
54,SEPSAT,min.10.0.max.-1.0.units.MeV,False,min.10.0.max.-1.0.units.MeV,model/SEPVAL2023_Europe/Zhang/SEPSAT/nonevents/SEPSAT_differential.2022-04-29T071400Z.2023-10-26T111000Z.json,2022-04-29 07:14:00,2022-04-30 07:14:00,False,4.21171,2022-04-29 21:45:00,1 / (cm2 s sr),1271.8320226704946,1 / (cm2 s sr)
55,SEPSAT,min.10.0.max.-1.0.units.MeV,False,min.10.0.max.-1.0.units.MeV,model/SEPVAL2023_Europe/Zhang/SEPSAT/nonevents/SEPSAT_differential.2022-05-25T181359Z.2023-10-26T111003Z.json,2022-05-25 18:13:59,2022-05-26 18:13:59,False,0.649695,2022-05-25 19:05:00,1 / (cm2 s sr),3441.0954342319174,1 / (cm2 s sr)
56,SEPSAT,min.10.0.max.-1.0.units.MeV,False,min.10.0.max.-1.0.units.MeV,model/SEPVAL2023_Europe/Zhang/SEPSAT/nonevents/SEPSAT_differential.2022-08-17T133400Z.2023-10-26T111005Z.json,2022-08-17 13:34:00,2022-08-18 13:34:00,False,0.476032,2022-08-17 15:05:00,1 / (cm2 s sr),72.82310335969171,1 / (cm2 s sr)
57,SEPSAT,min.10.0.max.-1.0.units.MeV,False,min.10.0.max.-1.0.units.MeV,model/SEPVAL2023_Europe/Zhang/SEPSAT/nonevents/SEPSAT_differential.2022-08-18T110359Z.2023-10-26T111008Z.json,2022-08-18 11:03:59,2022-08-19 11:03:59,False,0.549348,2022-08-19 01:00:00,1 / (cm2 s sr),182.4491051903313,1 / (cm2 s sr)
58,SEPSAT,min.10.0.max.-1.0.units.MeV,False,min.10.0.max.-1.0.units.MeV,model/SEPVAL2023_Europe/Zhang/SEPSAT/nonevents/SEPSAT_differential.2022-08-19T051359Z.2023-10-26T111010Z.json,2022-08-19 05:13:59,2022-08-20 05:13:59,False,0.566369,2022-08-19 11:30:00,1 / (cm2 s sr),141.78019636731463,1 / (cm2 s sr)
59,SEPSAT,min.10.0.max.-1.0.units.MeV,False,min.10.0.max.-1.0.units.MeV,model/SEPVAL2023_Europe/Zhang/SEPSAT/nonevents/SEPSAT_differential.2022-08-29T171400Z.2023-10-26T111012Z.json,2022-08-29 17:14:00,2022-08-30 17:14:00,False,0.882014,2022-08-30 03:25:00,1 / (cm2 s sr),4.937443287243761,1 / (cm2 s sr)
60,SEPSAT,min.10.0.max.-1.0.units.MeV,False,min.10.0.max.-1.0.units.MeV,model/SEPVAL2023_Europe/Zhang/SEPSAT/nonevents/SEPSAT_differential.2022-08-30T181359Z.2023-10-26T111013Z.json,2022-08-30 18:13:59,2022-08-31 18:13:59,False,0.549013,2022-08-31 00:25:00,1 / (cm2 s sr),6.8236207976550025,1 / (cm2 s sr)
61,SEPSAT,min.10.0.max.-1.0.units.MeV,False,min.10.0.max.-1.0.units.MeV,model/SEPVAL2023_Europe/Zhang/SEPSAT/nonevents/SEPSAT_differential.2022-12-01T080359Z.2023-10-26T111015Z.json,2022-12-01 08:03:59,2022-12-02 08:03:59,False,0.546049,2022-12-02 03:45:00,1 / (cm2 s sr),47.43289458802783,1 / (cm2 s sr)
62,SEPSAT,min.10.0.max.-1.0.units.MeV,False,min.10.0.max.-1.0.units.MeV,model/SEPVAL2023_Europe/Zhang/SEPSAT/nonevents/SEPSAT_differential.2023-03-04T161400Z.2023-10-26T111018Z.json,2023-03-04 16:14:00,2023-03-05 16:14:00,False,0.32713,2023-03-04 16:40:00,1 / (cm2 s sr),44.182726921035275,1 / (cm2 s sr)
63,SEPSAT,min.10.0.max.-1.0.units.MeV,False,min.10.0.max.-1.0.units.MeV,model/SEPVAL2023_Europe/Zhang/SEPSAT/nonevents/SEPSAT_differential.2023-03-06T024400Z.2023-10-26T111021Z.json,2023-03-06 02:44:00,2023-03-07 02:44:00,False,0.33773,2023-03-07 00:00:00,1 / (cm2 s sr),12.381673123178807,1 / (cm2 s sr)
