,Model,Energy Channel Key,Mismatch Allowed,Prediction Energy Channel Key,Forecast Source,Prediction Window Start,Prediction Window End,Observed SEP in Prediction Window,Observed Max Flux in Prediction Window,Observed Max Flux Time,Observed Max Flux Units,Predicted SEP Peak Intensity (Onset Peak),Predicted SEP Peak Intensity (Onset Peak) Units
0,SFS-Update,min.100.0.max.-1.0.units.MeV,False,min.100.0.max.-1.0.units.MeV,model/SEPVAL2023_Europe/PPS/PPSUpdate/Evt/ppsupdate_forecast_110307_2012.json,2011-03-07 20:15:00,2011-03-08 20:12:00,False,0.16211,2011-03-08 01:35:00,1 / (cm2 s sr),2.0,1 / (cm2 s sr)
1,SFS-Update,min.100.0.max.-1.0.units.MeV,False,min.100.0.max.-1.0.units.MeV,model/SEPVAL2023_Europe/PPS/PPSUpdate/Evt/ppsupdate_forecast_110607_0641.json,2011-06-07 06:44:00,2011-06-08 06:41:00,True,4.5281,2011-06-07 10:25:00,1 / (cm2 s sr),1.0,1 / (cm2 s sr)
2,SFS-Update,min.100.0.max.-1.0.units.MeV,False,min.100.0.max.-1.0.units.MeV,model/SEPVAL2023_Europe/PPS/PPSUpdate/Evt/ppsupdate_forecast_110804_0357.json,2011-08-04 04:00:00,2011-08-05 03:57:00,True,1.7984,2011-08-04 07:40:00,1 / (cm2 s sr),2.0,1 / (cm2 s sr)
3,SFS-Update,min.100.0.max.-1.0.units.MeV,False,min.100.0.max.-1.0.units.MeV,model/SEPVAL2023_Europe/PPS/PPSUpdate/Evt/ppsupdate_forecast_110809_0805.json,2011-08-09 08:08:00,2011-08-10 08:05:00,True,2.6732,2011-08-09 08:55:00,1 / (cm2 s sr),8.0,1 / (cm2 s sr)
4,SFS-Update,min.100.0.max.-1.0.units.MeV,False,min.100.0.max.-1.0.units.MeV,model/SEPVAL2023_Europe/PPS/PPSUpdate/Evt/ppsupdate_forecast_120123_0359.json,2012-01-23 04:02:00,2012-01-24 03:59:00,True,2.3859,2012-01-23 07:50:00,1 / (cm2 s sr),2.0,1 / (cm2 s sr)
5,SFS-Update,min.100.0.max.-1.0.units.MeV,False,min.100.0.max.-1.0.units.MeV,model/SEPVAL2023_Europe/PPS/PPSUpdate/Evt/ppsupdate_forecast_120127_1837.json,2012-01-27 18:40:00,2012-01-28 18:37:00,True,11.88,2012-01-27 21:40:00,1 / (cm2 s sr),8.0,1 / (cm2 s sr)
6,SFS-Update,min.100.0.max.-1.0.units.MeV,False,min.100.0.max.-1.0.units.MeV,model/SEPVAL2023_Europe/PPS/PPSUpdate/Evt/ppsupdate_forecast_120307_0024.json,2012-03-07 00:27:00,2012-03-08 00:24:00,True,69.272,2012-03-07 15:25:00,1 / (cm2 s sr),8.0,1 / (cm2 s sr)
7,SFS-Update,min.100.0.max.-1.0.units.MeV,False,min.100.0.max.-1.0.units.MeV,model/SEPVAL2023_Europe/PPS/PPSUpdate/Evt/ppsupdate_forecast_120307_0114.json,2012-03-07 01:17:00,2012-03-08 01:14:00,True,69.272,2012-03-07 15:25:00,1 / (cm2 s sr),2.0,1 / (cm2 s sr)
8,SFS-Update,min.100.0.max.-1.0.units.MeV,False,min.100.0.max.-1.0.units.MeV,model/SEPVAL2023_Europe/PPS/PPSUpdate/Evt/ppsupdate_forecast_120313_1741.json,2012-03-13 17:44:00,2012-03-14 17:41:00,True,1.8856,2012-03-13 19:05:00,1 / (cm2 s sr),5.0,1 / (cm2 s sr)
9,SFS-Update,min.100.0.max.-1.0.units.MeV,False,min.100.0.max.-1.0.units.MeV,model/SEPVAL2023_Europe/PPS/PPSUpdate/Evt/ppsupdate_forecast_120517_0147.json,2012-05-17 01:50:00,2012-05-18 01:47:00,True,20.445,2012-05-17 02:30:00,1 / (cm2 s sr),2.0,1 / (cm2 s sr)
10,SFS-Update,min.100.0.max.-1.0.units.MeV,False,min.100.0.max.-1.0.units.MeV,model/SEPVAL2023_Europe/PPS/PPSUpdate/Evt/ppsupdate_forecast_120706_2308.json,2012-07-06 23:11:00,2012-07-07 23:08:00,False,0.36866,2012-07-07 04:30:00,1 / (cm2 s sr),1.0,1 / (cm2 s sr)
11,SFS-Update,min.100.0.max.-1.0.units.MeV,False,min.100.0.max.-1.0.units.MeV,model/SEPVAL2023_Europe/PPS/PPSUpdate/Evt/ppsupdate_forecast_120712_1649.json,2012-07-12 16:52:00,2012-07-13 16:49:00,False,0.25117,2012-07-12 17:35:00,1 / (cm2 s sr),7.0,1 / (cm2 s sr)
13,SFS-Update,min.100.0.max.-1.0.units.MeV,False,min.100.0.max.-1.0.units.MeV,model/SEPVAL2023_Europe/PPS/PPSUpdate/Evt/ppsupdate_forecast_130411_0716.json,2013-04-11 07:19:00,2013-04-12 07:16:00,True,2.0297,2013-04-11 14:00:00,1 / (cm2 s sr),2.0,1 / (cm2 s sr)
14,SFS-Update,min.100.0.max.-1.0.units.MeV,False,min.100.0.max.-1.0.units.MeV,model/SEPVAL2023_Europe/PPS/PPSUpdate/Evt/ppsupdate_forecast_130522_1338.json,2013-05-22 13:41:00,2013-05-23 13:38:00,True,3.5818,2013-05-22 18:30:00,1 / (cm2 s sr),3.0,1 / (cm2 s sr)
16,SFS-Update,min.100.0.max.-1.0.units.MeV,False,min.100.0.max.-1.0.units.MeV,model/SEPVAL2023_Europe/PPS/PPSUpdate/Evt/ppsupdate_forecast_140107_1832.json,2014-01-07 18:35:00,2014-01-08 18:32:00,True,4.2687,2014-01-07 22:40:00,1 / (cm2 s sr),3.0,1 / (cm2 s sr)
17,SFS-Update,min.100.0.max.-1.0.units.MeV,False,min.100.0.max.-1.0.units.MeV,model/SEPVAL2023_Europe/PPS/PPSUpdate/Evt/ppsupdate_forecast_140225_0049.json,2014-02-25 00:52:00,2014-02-26 00:49:00,False,0.94287,2014-02-25 19:45:00,1 / (cm2 s sr),4.0,1 / (cm2 s sr)
18,SFS-Update,min.100.0.max.-1.0.units.MeV,False,min.100.0.max.-1.0.units.MeV,model/SEPVAL2023_Europe/PPS/PPSUpdate/Evt/ppsupdate_forecast_140418_1303.json,2014-04-18 13:06:00,2014-04-19 13:03:00,False,0.65984,2014-04-18 14:20:00,1 / (cm2 s sr),3.0,1 / (cm2 s sr)
19,SFS-Update,min.100.0.max.-1.0.units.MeV,False,min.100.0.max.-1.0.units.MeV,model/SEPVAL2023_Europe/PPS/PPSUpdate/Evt/ppsupdate_forecast_140910_1745.json,2014-09-10 17:48:00,2014-09-11 17:45:00,False,1.2485,2014-09-11 04:25:00,1 / (cm2 s sr),4.0,1 / (cm2 s sr)
20,SFS-Update,min.100.0.max.-1.0.units.MeV,False,min.100.0.max.-1.0.units.MeV,model/SEPVAL2023_Europe/PPS/PPSUpdate/Evt/ppsupdate_forecast_170714_0209.json,2017-07-14 02:12:00,2017-07-15 02:09:00,False,0.13634,2017-07-14 10:00:00,1 / (cm2 s sr),2.0,1 / (cm2 s sr)
21,SFS-Update,min.100.0.max.-1.0.units.MeV,False,min.100.0.max.-1.0.units.MeV,model/SEPVAL2023_Europe/PPS/PPSUpdate/Evt/ppsupdate_forecast_170904_2033.json,2017-09-04 20:36:00,2017-09-05 20:33:00,False,0.11996,2017-09-05 08:50:00,1 / (cm2 s sr),1.0,1 / (cm2 s sr)
22,SFS-Update,min.100.0.max.-1.0.units.MeV,False,min.100.0.max.-1.0.units.MeV,model/SEPVAL2023_Europe/PPS/PPSUpdate/Evt/ppsupdate_forecast_170906_1202.json,2017-09-06 12:05:00,2017-09-07 12:02:00,False,0.62467,2017-09-06 13:05:00,1 / (cm2 s sr),7.0,1 / (cm2 s sr)
23,SFS-Update,min.100.0.max.-1.0.units.MeV,False,min.100.0.max.-1.0.units.MeV,model/SEPVAL2023_Europe/PPS/PPSUpdate/Evt/ppsupdate_forecast_170910_1606.json,2017-09-10 16:09:00,2017-09-11 16:06:00,True,68.128,2017-09-10 22:15:00,1 / (cm2 s sr),14.0,1 / (cm2 s sr)
24,SFS-Update,min.100.0.max.-1.0.units.MeV,False,min.100.0.max.-1.0.units.MeV,model/SEPVAL2023_Europe/PPS/PPSUpdate/Evt/ppsupdate_forecast_210528_2313.json,2021-05-28 23:16:00,2021-05-29 23:13:00,False,0.53303,2021-05-29 02:15:00,1 / (cm2 s sr),1.0,1 / (cm2 s sr)
25,SFS-Update,min.100.0.max.-1.0.units.MeV,False,min.100.0.max.-1.0.units.MeV,model/SEPVAL2023_Europe/PPS/PPSUpdate/Evt/ppsupdate_forecast_211028_1535.json,2021-10-28 15:38:00,2021-10-29 15:35:00,True,7.327305,2021-10-28 18:15:00,1 / (cm2 s sr),2.0,1 / (cm2 s sr)
26,SFS-Update,min.100.0.max.-1.0.units.MeV,False,min.100.0.max.-1.0.units.MeV,model/SEPVAL2023_Europe/PPS/PPSUpdate/Evt/ppsupdate_forecast_220120_0601.json,2022-01-20 06:04:00,2022-01-21 06:01:00,True,1.126116,2022-01-20 08:50:00,1 / (cm2 s sr),2.0,1 / (cm2 s sr)
27,SFS-Update,min.100.0.max.-1.0.units.MeV,False,min.100.0.max.-1.0.units.MeV,model/SEPVAL2023_Europe/PPS/PPSUpdate/Evt/ppsupdate_forecast_220328_1129.json,2022-03-28 11:32:00,2022-03-29 11:29:00,True,1.269069,2022-03-28 13:25:00,1 / (cm2 s sr),2.0,1 / (cm2 s sr)
28,SFS-Update,min.100.0.max.-1.0.units.MeV,False,min.100.0.max.-1.0.units.MeV,model/SEPVAL2023_Europe/PPS/PPSUpdate/Evt/ppsupdate_forecast_220402_1355.json,2022-04-02 13:58:00,2022-04-03 13:55:00,False,0.846713,2022-04-02 14:05:00,1 / (cm2 s sr),3.0,1 / (cm2 s sr)
29,SFS-Update,min.100.0.max.-1.0.units.MeV,False,min.100.0.max.-1.0.units.MeV,model/SEPVAL2023_Europe/PPS/PPSUpdate/Evt/ppsupdate_forecast_220827_0240.json,2022-08-27 02:43:00,2022-08-28 02:40:00,False,0.392683,2022-08-27 23:05:00,1 / (cm2 s sr),3.0,1 / (cm2 s sr)
30,SFS-Update,min.100.0.max.-1.0.units.MeV,False,min.100.0.max.-1.0.units.MeV,model/SEPVAL2023_Europe/PPS/PPSUpdate/Evt/ppsupdate_forecast_230225_1944.json,2023-02-25 19:47:00,2023-02-26 19:44:00,False,0.362346,2023-02-25 23:25:00,1 / (cm2 s sr),4.0,1 / (cm2 s sr)
32,SFS-Update,min.100.0.max.-1.0.units.MeV,False,min.100.0.max.-1.0.units.MeV,model/SEPVAL2023_Europe/PPS/PPSUpdate/NoEvt/ppsupdate_forecast_120304_1052.json,2012-03-04 10:55:00,2012-03-05 10:52:00,False,0.079851,2012-03-05 07:05:00,1 / (cm2 s sr),1.0,1 / (cm2 s sr)
33,SFS-Update,min.100.0.max.-1.0.units.MeV,False,min.100.0.max.-1.0.units.MeV,model/SEPVAL2023_Europe/PPS/PPSUpdate/NoEvt/ppsupdate_forecast_120305_0405.json,2012-03-05 04:08:00,2012-03-06 04:05:00,False,0.08392,2012-03-05 22:00:00,1 / (cm2 s sr),4.0,1 / (cm2 s sr)
34,SFS-Update,min.100.0.max.-1.0.units.MeV,False,min.100.0.max.-1.0.units.MeV,model/SEPVAL2023_Europe/PPS/PPSUpdate/NoEvt/ppsupdate_forecast_120613_1317.json,2012-06-13 13:20:00,2012-06-14 13:17:00,False,0.090468,2012-06-14 12:10:00,1 / (cm2 s sr),2.0,1 / (cm2 s sr)
36,SFS-Update,min.100.0.max.-1.0.units.MeV,False,min.100.0.max.-1.0.units.MeV,model/SEPVAL2023_Europe/PPS/PPSUpdate/NoEvt/ppsupdate_forecast_130607_2249.json,2013-06-07 22:52:00,2013-06-08 22:49:00,False,0.06775,2013-06-08 17:25:00,1 / (cm2 s sr),1.0,1 / (cm2 s sr)
39,SFS-Update,min.100.0.max.-1.0.units.MeV,False,min.100.0.max.-1.0.units.MeV,model/SEPVAL2023_Europe/PPS/PPSUpdate/NoEvt/ppsupdate_forecast_141024_0748.json,2014-10-24 07:51:00,2014-10-25 07:48:00,False,0.080686,2014-10-24 09:40:00,1 / (cm2 s sr),1.0,1 / (cm2 s sr)
40,SFS-Update,min.100.0.max.-1.0.units.MeV,False,min.100.0.max.-1.0.units.MeV,model/SEPVAL2023_Europe/PPS/PPSUpdate/NoEvt/ppsupdate_forecast_141106_0346.json,2014-11-06 03:49:00,2014-11-07 03:46:00,False,0.074897,2014-11-06 12:15:00,1 / (cm2 s sr),1.0,1 / (cm2 s sr)
41,SFS-Update,min.100.0.max.-1.0.units.MeV,False,min.100.0.max.-1.0.units.MeV,model/SEPVAL2023_Europe/PPS/PPSUpdate/NoEvt/ppsupdate_forecast_141107_1726.json,2014-11-07 17:29:00,2014-11-08 17:26:00,False,0.082857,2014-11-08 12:00:00,1 / (cm2 s sr),5.0,1 / (cm2 s sr)
42,SFS-Update,min.100.0.max.-1.0.units.MeV,False,min.100.0.max.-1.0.units.MeV,model/SEPVAL2023_Europe/PPS/PPSUpdate/NoEvt/ppsupdate_forecast_141217_0451.json,2014-12-17 04:54:00,2014-12-18 04:51:00,False,0.083624,2014-12-17 11:20:00,1 / (cm2 s sr),3.0,1 / (cm2 s sr)
43,SFS-Update,min.100.0.max.-1.0.units.MeV,False,min.100.0.max.-1.0.units.MeV,model/SEPVAL2023_Europe/PPS/PPSUpdate/NoEvt/ppsupdate_forecast_141218_2158.json,2014-12-18 22:01:00,2014-12-19 21:58:00,False,0.072752,2014-12-19 09:05:00,1 / (cm2 s sr),2.0,1 / (cm2 s sr)
44,SFS-Update,min.100.0.max.-1.0.units.MeV,False,min.100.0.max.-1.0.units.MeV,model/SEPVAL2023_Europe/PPS/PPSUpdate/NoEvt/ppsupdate_forecast_150309_2353.json,2015-03-09 23:56:00,2015-03-10 23:53:00,False,0.075506,2015-03-10 02:50:00,1 / (cm2 s sr),2.0,1 / (cm2 s sr)
45,SFS-Update,min.100.0.max.-1.0.units.MeV,False,min.100.0.max.-1.0.units.MeV,model/SEPVAL2023_Europe/PPS/PPSUpdate/NoEvt/ppsupdate_forecast_160723_0516.json,2016-07-23 05:19:00,2016-07-24 05:16:00,False,0.099171,2016-07-23 10:05:00,1 / (cm2 s sr),2.0,1 / (cm2 s sr)
46,SFS-Update,min.100.0.max.-1.0.units.MeV,False,min.100.0.max.-1.0.units.MeV,model/SEPVAL2023_Europe/PPS/PPSUpdate/NoEvt/ppsupdate_forecast_211101_0145.json,2021-11-01 01:48:00,2021-11-02 01:45:00,False,0.530703,2021-11-01 18:50:00,1 / (cm2 s sr),1.0,1 / (cm2 s sr)
47,SFS-Update,min.100.0.max.-1.0.units.MeV,False,min.100.0.max.-1.0.units.MeV,model/SEPVAL2023_Europe/PPS/PPSUpdate/NoEvt/ppsupdate_forecast_211102_0251.json,2021-11-02 02:54:00,2021-11-03 02:51:00,False,0.510356,2021-11-02 03:15:00,1 / (cm2 s sr),1.0,1 / (cm2 s sr)
48,SFS-Update,min.100.0.max.-1.0.units.MeV,False,min.100.0.max.-1.0.units.MeV,model/SEPVAL2023_Europe/PPS/PPSUpdate/NoEvt/ppsupdate_forecast_220118_1744.json,2022-01-18 17:47:00,2022-01-19 17:44:00,False,0.546782,2022-01-19 03:05:00,1 / (cm2 s sr),1.0,1 / (cm2 s sr)
49,SFS-Update,min.100.0.max.-1.0.units.MeV,False,min.100.0.max.-1.0.units.MeV,model/SEPVAL2023_Europe/PPS/PPSUpdate/NoEvt/ppsupdate_forecast_220417_0334.json,2022-04-17 03:37:00,2022-04-18 03:34:00,False,0.486043,2022-04-18 00:10:00,1 / (cm2 s sr),2.0,1 / (cm2 s sr)
50,SFS-Update,min.100.0.max.-1.0.units.MeV,False,min.100.0.max.-1.0.units.MeV,model/SEPVAL2023_Europe/PPS/PPSUpdate/NoEvt/ppsupdate_forecast_220420_0357.json,2022-04-20 04:00:00,2022-04-21 03:57:00,False,0.52639,2022-04-20 23:00:00,1 / (cm2 s sr),4.0,1 / (cm2 s sr)
53,SFS-Update,min.100.0.max.-1.0.units.MeV,False,min.100.0.max.-1.0.units.MeV,model/SEPVAL2023_Europe/PPS/PPSUpdate/NoEvt/ppsupdate_forecast_220817_1345.json,2022-08-17 13:48:00,2022-08-18 13:45:00,False,0.392348,2022-08-18 04:30:00,1 / (cm2 s sr),1.0,1 / (cm2 s sr)
54,SFS-Update,min.100.0.max.-1.0.units.MeV,False,min.100.0.max.-1.0.units.MeV,model/SEPVAL2023_Europe/PPS/PPSUpdate/NoEvt/ppsupdate_forecast_220818_1055.json,2022-08-18 10:58:00,2022-08-19 10:55:00,False,0.367688,2022-08-19 01:45:00,1 / (cm2 s sr),1.0,1 / (cm2 s sr)
55,SFS-Update,min.100.0.max.-1.0.units.MeV,False,min.100.0.max.-1.0.units.MeV,model/SEPVAL2023_Europe/PPS/PPSUpdate/NoEvt/ppsupdate_forecast_220819_0444.json,2022-08-19 04:47:00,2022-08-20 04:44:00,False,0.377065,2022-08-19 17:40:00,1 / (cm2 s sr),1.0,1 / (cm2 s sr)
56,SFS-Update,min.100.0.max.-1.0.units.MeV,False,min.100.0.max.-1.0.units.MeV,model/SEPVAL2023_Europe/PPS/PPSUpdate/NoEvt/ppsupdate_forecast_220829_1639.json,2022-08-29 16:42:00,2022-08-30 16:39:00,False,0.380682,2022-08-29 21:05:00,1 / (cm2 s sr),1.0,1 / (cm2 s sr)
57,SFS-Update,min.100.0.max.-1.0.units.MeV,False,min.100.0.max.-1.0.units.MeV,model/SEPVAL2023_Europe/PPS/PPSUpdate/NoEvt/ppsupdate_forecast_220830_1929.json,2022-08-30 19:32:00,2022-08-31 19:29:00,False,0.393682,2022-08-31 03:40:00,1 / (cm2 s sr),2.0,1 / (cm2 s sr)
59,SFS-Update,min.100.0.max.-1.0.units.MeV,False,min.100.0.max.-1.0.units.MeV,model/SEPVAL2023_Europe/PPS/PPSUpdate/NoEvt/ppsupdate_forecast_230304_1557.json,2023-03-04 16:00:00,2023-03-05 15:57:00,False,0.289844,2023-03-05 08:55:00,1 / (cm2 s sr),2.0,1 / (cm2 s sr)
60,SFS-Update,min.100.0.max.-1.0.units.MeV,False,min.100.0.max.-1.0.units.MeV,model/SEPVAL2023_Europe/PPS/PPSUpdate/NoEvt/ppsupdate_forecast_230306_0228.json,2023-03-06 02:31:00,2023-03-07 02:28:00,False,0.291477,2023-03-06 07:00:00,1 / (cm2 s sr),2.0,1 / (cm2 s sr)
