,Model,Energy Channel Key,Mismatch Allowed,Prediction Energy Channel Key,Forecast Source,Prediction Window Start,Prediction Window End,Observed SEP in Prediction Window,Observed Max Flux in Prediction Window,Observed Max Flux Time,Observed Max Flux Units,Predicted SEP Peak Intensity Max (Max Flux),Predicted SEP Peak Intensity Max (Max Flux) Units
0,SEPMOD,min.10.0.max.-1.0.units.MeV,False,min.10.0.max.-1.0.units.MeV,model/SEPVAL2023_Europe/ENLIL+SEPMOD/jsons/SEPMOD_integral.2011-03-07T003000Z.json,2011-03-07 00:30:00,2011-03-13 23:30:00,True,50.386,2011-03-08 08:00:00,1 / (cm2 s sr),310.1,1 / (cm2 s sr)
1,SEPMOD,min.10.0.max.-1.0.units.MeV,False,min.10.0.max.-1.0.units.MeV,model/SEPVAL2023_Europe/ENLIL+SEPMOD/jsons/SEPMOD_integral.2011-05-09T003000Z.json,2011-05-09 00:30:00,2011-05-15 23:30:00,False,0.72073,2011-05-11 06:50:00,1 / (cm2 s sr),0.003337,1 / (cm2 s sr)
2,SEPMOD,min.10.0.max.-1.0.units.MeV,False,min.10.0.max.-1.0.units.MeV,model/SEPVAL2023_Europe/ENLIL+SEPMOD/jsons/SEPMOD_integral.2011-06-07T003000Z.json,2011-06-07 00:30:00,2011-06-13 23:30:00,True,72.866,2011-06-07 18:20:00,1 / (cm2 s sr),86.95,1 / (cm2 s sr)
3,SEPMOD,min.10.0.max.-1.0.units.MeV,False,min.10.0.max.-1.0.units.MeV,model/SEPVAL2023_Europe/ENLIL+SEPMOD/jsons/SEPMOD_integral.2011-08-04T003000Z.json,2011-08-04 00:30:00,2011-08-10 23:30:00,True,96.379,2011-08-05 21:50:00,1 / (cm2 s sr),823.4,1 / (cm2 s sr)
5,SEPMOD,min.10.0.max.-1.0.units.MeV,False,min.10.0.max.-1.0.units.MeV,model/SEPVAL2023_Europe/ENLIL+SEPMOD/jsons/SEPMOD_integral.2012-01-23T003000Z.json,2012-01-23 00:30:00,2012-01-29 23:30:00,True,6314.1,2012-01-24 15:30:00,1 / (cm2 s sr),115.2,1 / (cm2 s sr)
6,SEPMOD,min.10.0.max.-1.0.units.MeV,False,min.10.0.max.-1.0.units.MeV,model/SEPVAL2023_Europe/ENLIL+SEPMOD/jsons/SEPMOD_integral.2012-01-27T003000Z.json,2012-01-27 00:30:00,2012-02-02 23:30:00,True,795.55,2012-01-28 02:05:00,1 / (cm2 s sr),111.5,1 / (cm2 s sr)
7,SEPMOD,min.10.0.max.-1.0.units.MeV,False,min.10.0.max.-1.0.units.MeV,model/SEPVAL2023_Europe/ENLIL+SEPMOD/jsons/SEPMOD_integral.2012-03-04T003000Z.json,2012-03-04 00:30:00,2012-03-10 23:40:00,False,6529.8,2012-03-08 11:15:00,1 / (cm2 s sr),9.299,1 / (cm2 s sr)
8,SEPMOD,min.10.0.max.-1.0.units.MeV,False,min.10.0.max.-1.0.units.MeV,model/SEPVAL2023_Europe/ENLIL+SEPMOD/jsons/SEPMOD_integral.2012-03-05T003000Z.json,2012-03-05 00:30:00,2012-03-11 23:30:00,False,6529.8,2012-03-08 11:15:00,1 / (cm2 s sr),0.4064,1 / (cm2 s sr)
9,SEPMOD,min.10.0.max.-1.0.units.MeV,False,min.10.0.max.-1.0.units.MeV,model/SEPVAL2023_Europe/ENLIL+SEPMOD/jsons/SEPMOD_integral.2012-03-07T003000Z.json,2012-03-07 00:30:00,2012-03-13 23:30:00,True,6529.8,2012-03-08 11:15:00,1 / (cm2 s sr),19.83,1 / (cm2 s sr)
10,SEPMOD,min.10.0.max.-1.0.units.MeV,False,min.10.0.max.-1.0.units.MeV,model/SEPVAL2023_Europe/ENLIL+SEPMOD/jsons/SEPMOD_integral.2012-03-13T003000Z.json,2012-03-13 00:30:00,2012-03-19 23:30:00,True,468.77,2012-03-13 20:45:00,1 / (cm2 s sr),2297.0,1 / (cm2 s sr)
11,SEPMOD,min.10.0.max.-1.0.units.MeV,False,min.10.0.max.-1.0.units.MeV,model/SEPVAL2023_Europe/ENLIL+SEPMOD/jsons/SEPMOD_integral.2012-05-17T003000Z.json,2012-05-17 00:30:00,2012-05-23 23:30:00,True,255.44,2012-05-17 04:30:00,1 / (cm2 s sr),41.44,1 / (cm2 s sr)
12,SEPMOD,min.10.0.max.-1.0.units.MeV,False,min.10.0.max.-1.0.units.MeV,model/SEPVAL2023_Europe/ENLIL+SEPMOD/jsons/SEPMOD_integral.2012-06-13T003000Z.json,2012-06-13 00:30:00,2012-06-19 23:30:00,False,14.932,2012-06-16 22:30:00,1 / (cm2 s sr),0.7163,1 / (cm2 s sr)
13,SEPMOD,min.10.0.max.-1.0.units.MeV,False,min.10.0.max.-1.0.units.MeV,model/SEPVAL2023_Europe/ENLIL+SEPMOD/jsons/SEPMOD_integral.2012-06-29T003000Z.json,2012-06-29 00:30:00,2012-07-05 23:30:00,False,0.47088,2012-07-05 02:25:00,1 / (cm2 s sr),0.04174,1 / (cm2 s sr)
15,SEPMOD,min.10.0.max.-1.0.units.MeV,False,min.10.0.max.-1.0.units.MeV,model/SEPVAL2023_Europe/ENLIL+SEPMOD/jsons/SEPMOD_integral.2012-07-12T003000Z.json,2012-07-12 00:30:00,2012-07-18 23:30:00,True,96.08,2012-07-12 22:25:00,1 / (cm2 s sr),0.1808,1 / (cm2 s sr)
16,SEPMOD,min.10.0.max.-1.0.units.MeV,False,min.10.0.max.-1.0.units.MeV,model/SEPVAL2023_Europe/ENLIL+SEPMOD/jsons/SEPMOD_integral.2012-09-28T003000Z.json,2012-09-28 00:30:00,2012-10-04 23:30:00,True,28.431,2012-09-28 04:45:00,1 / (cm2 s sr),107.2,1 / (cm2 s sr)
17,SEPMOD,min.10.0.max.-1.0.units.MeV,False,min.10.0.max.-1.0.units.MeV,model/SEPVAL2023_Europe/ENLIL+SEPMOD/jsons/SEPMOD_integral.2013-04-11T003000Z.json,2013-04-11 00:30:00,2013-04-17 23:30:00,True,113.55,2013-04-11 16:45:00,1 / (cm2 s sr),0.01904,1 / (cm2 s sr)
18,SEPMOD,min.10.0.max.-1.0.units.MeV,False,min.10.0.max.-1.0.units.MeV,model/SEPVAL2023_Europe/ENLIL+SEPMOD/jsons/SEPMOD_integral.2013-05-22T003000Z.json,2013-05-22 00:30:00,2013-05-28 23:30:00,True,1655.4,2013-05-23 06:50:00,1 / (cm2 s sr),2497.0,1 / (cm2 s sr)
20,SEPMOD,min.10.0.max.-1.0.units.MeV,False,min.10.0.max.-1.0.units.MeV,model/SEPVAL2023_Europe/ENLIL+SEPMOD/jsons/SEPMOD_integral.2013-06-28T003000Z.json,2013-06-28 00:30:00,2013-07-04 23:30:00,False,0.77015,2013-06-28 12:40:00,1 / (cm2 s sr),1.464,1 / (cm2 s sr)
21,SEPMOD,min.10.0.max.-1.0.units.MeV,False,min.10.0.max.-1.0.units.MeV,model/SEPVAL2023_Europe/ENLIL+SEPMOD/jsons/SEPMOD_integral.2013-09-29T003000Z.json,2013-09-29 00:30:00,2013-10-05 23:30:00,True,181.81,2013-09-30 20:05:00,1 / (cm2 s sr),41.64,1 / (cm2 s sr)
22,SEPMOD,min.10.0.max.-1.0.units.MeV,False,min.10.0.max.-1.0.units.MeV,model/SEPVAL2023_Europe/ENLIL+SEPMOD/jsons/SEPMOD_integral.2014-01-06T003000Z.json,2014-01-06 00:30:00,2014-01-12 23:30:00,True,42.17,2014-01-06 16:00:00,1 / (cm2 s sr),2.225,1 / (cm2 s sr)
23,SEPMOD,min.10.0.max.-1.0.units.MeV,False,min.10.0.max.-1.0.units.MeV,model/SEPVAL2023_Europe/ENLIL+SEPMOD/jsons/SEPMOD_integral.2014-01-07T003000Z.json,2014-01-07 00:30:00,2014-01-13 23:30:00,True,1026.1,2014-01-09 03:40:00,1 / (cm2 s sr),0.328,1 / (cm2 s sr)
24,SEPMOD,min.10.0.max.-1.0.units.MeV,False,min.10.0.max.-1.0.units.MeV,model/SEPVAL2023_Europe/ENLIL+SEPMOD/jsons/SEPMOD_integral.2014-02-25T003000Z.json,2014-02-25 00:30:00,2014-03-03 23:30:00,True,102.64,2014-02-28 08:45:00,1 / (cm2 s sr),0.1948,1 / (cm2 s sr)
25,SEPMOD,min.10.0.max.-1.0.units.MeV,False,min.10.0.max.-1.0.units.MeV,model/SEPVAL2023_Europe/ENLIL+SEPMOD/jsons/SEPMOD_integral.2014-04-18T003000Z.json,2014-04-18 00:30:00,2014-04-24 23:30:00,True,58.47,2014-04-19 01:05:00,1 / (cm2 s sr),27.84,1 / (cm2 s sr)
26,SEPMOD,min.10.0.max.-1.0.units.MeV,False,min.10.0.max.-1.0.units.MeV,model/SEPVAL2023_Europe/ENLIL+SEPMOD/jsons/SEPMOD_integral.2014-08-01T003000Z.json,2014-08-01 00:30:00,2014-08-07 23:30:00,False,0.44897,2014-08-05 07:50:00,1 / (cm2 s sr),0.08399,1 / (cm2 s sr)
27,SEPMOD,min.10.0.max.-1.0.units.MeV,False,min.10.0.max.-1.0.units.MeV,model/SEPVAL2023_Europe/ENLIL+SEPMOD/jsons/SEPMOD_integral.2014-09-10T003000Z.json,2014-09-10 00:30:00,2014-09-16 23:30:00,True,126.09,2014-09-12 15:55:00,1 / (cm2 s sr),75.82,1 / (cm2 s sr)
28,SEPMOD,min.10.0.max.-1.0.units.MeV,False,min.10.0.max.-1.0.units.MeV,model/SEPVAL2023_Europe/ENLIL+SEPMOD/jsons/SEPMOD_integral.2014-10-24T003000Z.json,2014-10-24 00:30:00,2014-10-30 23:30:00,False,0.38794,2014-10-25 00:30:00,1 / (cm2 s sr),0.01768,1 / (cm2 s sr)
29,SEPMOD,min.10.0.max.-1.0.units.MeV,False,min.10.0.max.-1.0.units.MeV,model/SEPVAL2023_Europe/ENLIL+SEPMOD/jsons/SEPMOD_integral.2014-11-06T003000Z.json,2014-11-06 00:30:00,2014-11-12 23:30:00,False,0.38437,2014-11-06 04:10:00,1 / (cm2 s sr),0.1764,1 / (cm2 s sr)
30,SEPMOD,min.10.0.max.-1.0.units.MeV,False,min.10.0.max.-1.0.units.MeV,model/SEPVAL2023_Europe/ENLIL+SEPMOD/jsons/SEPMOD_integral.2014-11-07T003000Z.json,2014-11-07 00:30:00,2014-11-13 23:30:00,False,0.3948,2014-11-13 07:30:00,1 / (cm2 s sr),0.4121,1 / (cm2 s sr)
31,SEPMOD,min.10.0.max.-1.0.units.MeV,False,min.10.0.max.-1.0.units.MeV,model/SEPVAL2023_Europe/ENLIL+SEPMOD/jsons/SEPMOD_integral.2014-12-17T003000Z.json,2014-12-17 00:30:00,2014-12-23 23:30:00,False,12.424,2014-12-23 11:15:00,1 / (cm2 s sr),0.1085,1 / (cm2 s sr)
32,SEPMOD,min.10.0.max.-1.0.units.MeV,False,min.10.0.max.-1.0.units.MeV,model/SEPVAL2023_Europe/ENLIL+SEPMOD/jsons/SEPMOD_integral.2015-03-09T003000Z.json,2015-03-09 00:30:00,2015-03-15 23:30:00,False,4.0524,2015-03-15 09:30:00,1 / (cm2 s sr),0.3065,1 / (cm2 s sr)
34,SEPMOD,min.10.0.max.-1.0.units.MeV,False,min.10.0.max.-1.0.units.MeV,model/SEPVAL2023_Europe/ENLIL+SEPMOD/jsons/SEPMOD_integral.2016-07-23T011500Z.json,2016-07-23 01:15:00,2016-07-29 22:15:00,False,0.76933,2016-07-23 07:25:00,1 / (cm2 s sr),0.6444,1 / (cm2 s sr)
35,SEPMOD,min.10.0.max.-1.0.units.MeV,False,min.10.0.max.-1.0.units.MeV,model/SEPVAL2023_Europe/ENLIL+SEPMOD/jsons/SEPMOD_integral.2017-07-14T003000Z.json,2017-07-14 00:30:00,2017-07-20 23:30:00,True,22.374,2017-07-14 23:20:00,1 / (cm2 s sr),0.02777,1 / (cm2 s sr)
36,SEPMOD,min.10.0.max.-1.0.units.MeV,False,min.10.0.max.-1.0.units.MeV,model/SEPVAL2023_Europe/ENLIL+SEPMOD/jsons/SEPMOD_integral.2017-09-04T003000Z.json,2017-09-04 00:30:00,2017-09-10 23:30:00,True,210.19,2017-09-05 19:30:00,1 / (cm2 s sr),0.08648,1 / (cm2 s sr)
37,SEPMOD,min.10.0.max.-1.0.units.MeV,False,min.10.0.max.-1.0.units.MeV,model/SEPVAL2023_Europe/ENLIL+SEPMOD/jsons/SEPMOD_integral.2017-09-06T003000Z.json,2017-09-06 00:30:00,2017-09-12 23:30:00,False,1493.5,2017-09-11 11:45:00,1 / (cm2 s sr),247.6,1 / (cm2 s sr)
38,SEPMOD,min.10.0.max.-1.0.units.MeV,False,min.10.0.max.-1.0.units.MeV,model/SEPVAL2023_Europe/ENLIL+SEPMOD/jsons/SEPMOD_integral.2021-05-29T003000Z.json,2021-05-29 00:30:00,2021-06-04 23:30:00,True,15.560695,2021-05-29 03:20:00,1 / (cm2 s sr),15.39,1 / (cm2 s sr)
39,SEPMOD,min.10.0.max.-1.0.units.MeV,False,min.10.0.max.-1.0.units.MeV,model/SEPVAL2023_Europe/ENLIL+SEPMOD/jsons/SEPMOD_integral.2021-10-28T003000Z.json,2021-10-28 00:30:00,2021-11-03 23:30:00,True,28.950766,2021-10-29 02:50:00,1 / (cm2 s sr),30.59,1 / (cm2 s sr)
40,SEPMOD,min.10.0.max.-1.0.units.MeV,False,min.10.0.max.-1.0.units.MeV,model/SEPVAL2023_Europe/ENLIL+SEPMOD/jsons/SEPMOD_integral.2021-11-01T011500Z.json,2021-11-01 01:15:00,2021-11-07 22:15:00,False,14.879697,2021-11-03 20:55:00,1 / (cm2 s sr),2.339,1 / (cm2 s sr)
41,SEPMOD,min.10.0.max.-1.0.units.MeV,False,min.10.0.max.-1.0.units.MeV,model/SEPVAL2023_Europe/ENLIL+SEPMOD/jsons/SEPMOD_integral.2021-11-02T011500Z.json,2021-11-02 01:15:00,2021-11-08 22:15:00,False,14.879697,2021-11-03 20:55:00,1 / (cm2 s sr),14.74,1 / (cm2 s sr)
42,SEPMOD,min.10.0.max.-1.0.units.MeV,False,min.10.0.max.-1.0.units.MeV,model/SEPVAL2023_Europe/ENLIL+SEPMOD/jsons/SEPMOD_integral.2022-01-18T011500Z.json,2022-01-18 01:15:00,2022-01-24 22:15:00,False,22.678768,2022-01-20 10:15:00,1 / (cm2 s sr),9.08,1 / (cm2 s sr)
44,SEPMOD,min.10.0.max.-1.0.units.MeV,False,min.10.0.max.-1.0.units.MeV,model/SEPVAL2023_Europe/ENLIL+SEPMOD/jsons/SEPMOD_integral.2022-03-28T003000Z.json,2022-03-28 00:30:00,2022-04-03 23:30:00,True,18.683397,2022-03-28 14:50:00,1 / (cm2 s sr),1.14,1 / (cm2 s sr)
45,SEPMOD,min.10.0.max.-1.0.units.MeV,False,min.10.0.max.-1.0.units.MeV,model/SEPVAL2023_Europe/ENLIL+SEPMOD/jsons/SEPMOD_integral.2022-04-02T003126Z.json,2022-04-02 00:31:26,2022-04-08 23:30:00,True,32.182705,2022-04-02 16:00:00,1 / (cm2 s sr),92.94,1 / (cm2 s sr)
46,SEPMOD,min.10.0.max.-1.0.units.MeV,False,min.10.0.max.-1.0.units.MeV,model/SEPVAL2023_Europe/ENLIL+SEPMOD/jsons/SEPMOD_integral.2022-04-17T003000Z.json,2022-04-17 00:30:00,2022-04-23 23:30:00,False,0.755058,2022-04-20 02:05:00,1 / (cm2 s sr),0.3565,1 / (cm2 s sr)
48,SEPMOD,min.10.0.max.-1.0.units.MeV,False,min.10.0.max.-1.0.units.MeV,model/SEPVAL2023_Europe/ENLIL+SEPMOD/jsons/SEPMOD_integral.2022-04-29T003000Z.json,2022-04-29 00:30:00,2022-05-05 23:30:00,False,4.21171,2022-04-29 21:45:00,1 / (cm2 s sr),371.1,1 / (cm2 s sr)
49,SEPMOD,min.10.0.max.-1.0.units.MeV,False,min.10.0.max.-1.0.units.MeV,model/SEPVAL2023_Europe/ENLIL+SEPMOD/jsons/SEPMOD_integral.2022-05-25T003000Z.json,2022-05-25 00:30:00,2022-05-31 23:30:00,False,1.091302,2022-05-31 17:10:00,1 / (cm2 s sr),0.9436,1 / (cm2 s sr)
50,SEPMOD,min.10.0.max.-1.0.units.MeV,False,min.10.0.max.-1.0.units.MeV,model/SEPVAL2023_Europe/ENLIL+SEPMOD/jsons/SEPMOD_integral.2022-08-17T003000Z.json,2022-08-17 00:30:00,2022-08-23 23:30:00,False,0.727388,2022-08-17 01:25:00,1 / (cm2 s sr),1.835,1 / (cm2 s sr)
51,SEPMOD,min.10.0.max.-1.0.units.MeV,False,min.10.0.max.-1.0.units.MeV,model/SEPVAL2023_Europe/ENLIL+SEPMOD/jsons/SEPMOD_integral.2022-08-18T003000Z.json,2022-08-18 00:30:00,2022-08-24 23:30:00,False,0.566369,2022-08-19 11:30:00,1 / (cm2 s sr),1.094,1 / (cm2 s sr)
52,SEPMOD,min.10.0.max.-1.0.units.MeV,False,min.10.0.max.-1.0.units.MeV,model/SEPVAL2023_Europe/ENLIL+SEPMOD/jsons/SEPMOD_integral.2022-08-19T003000Z.json,2022-08-19 00:30:00,2022-08-25 23:30:00,False,0.566369,2022-08-19 11:30:00,1 / (cm2 s sr),14.28,1 / (cm2 s sr)
53,SEPMOD,min.10.0.max.-1.0.units.MeV,False,min.10.0.max.-1.0.units.MeV,model/SEPVAL2023_Europe/ENLIL+SEPMOD/jsons/SEPMOD_integral.2022-08-27T003000Z.json,2022-08-27 00:30:00,2022-09-02 23:30:00,True,27.487036,2022-08-27 12:20:00,1 / (cm2 s sr),22.43,1 / (cm2 s sr)
56,SEPMOD,min.10.0.max.-1.0.units.MeV,False,min.10.0.max.-1.0.units.MeV,model/SEPVAL2023_Europe/ENLIL+SEPMOD/jsons/SEPMOD_integral.2022-12-01T003000Z.json,2022-12-01 00:30:00,2022-12-07 23:30:00,False,0.642371,2022-12-06 21:15:00,1 / (cm2 s sr),50.36,1 / (cm2 s sr)
57,SEPMOD,min.10.0.max.-1.0.units.MeV,False,min.10.0.max.-1.0.units.MeV,model/SEPVAL2023_Europe/ENLIL+SEPMOD/jsons/SEPMOD_integral.2023-02-25T003000Z.json,2023-02-25 00:30:00,2023-03-03 23:30:00,True,58.818619,2023-02-26 04:40:00,1 / (cm2 s sr),14.72,1 / (cm2 s sr)
59,SEPMOD,min.10.0.max.-1.0.units.MeV,False,min.10.0.max.-1.0.units.MeV,model/SEPVAL2023_Europe/ENLIL+SEPMOD/jsons/SEPMOD_integral.2023-03-06T003000Z.json,2023-03-06 00:30:00,2023-03-12 23:30:00,False,0.382472,2023-03-08 15:50:00,1 / (cm2 s sr),1.081,1 / (cm2 s sr)
