,Model,Energy Channel Key,Mismatch Allowed,Prediction Energy Channel Key,Forecast Source,Prediction Window Start,Prediction Window End,Observed SEP in Prediction Window,Observed Max Flux in Prediction Window,Observed Max Flux Time,Observed Max Flux Units,Predicted SEP Peak Intensity Max (Max Flux),Predicted SEP Peak Intensity Max (Max Flux) Units
0,ZEUS+iPATH_CME,min.100.0.max.-1.0.units.MeV,False,min.100.0.max.-1.0.units.MeV,./model/SEPVAL2023_Europe/iPATH/jsons/ZEUS+iPATH_CME_differential.2011-03-07T214120Z.2023-08-29T091225Z.json,2011-03-07 21:41:20,2011-03-10 20:41:20,False,0.16211,2011-03-08 01:35:00,1 / (cm2 s sr),398.9311435244922,1 / (cm2 s sr)
1,ZEUS+iPATH_CME,min.100.0.max.-1.0.units.MeV,False,min.100.0.max.-1.0.units.MeV,./model/SEPVAL2023_Europe/iPATH/jsons/ZEUS+iPATH_CME_differential.2011-05-09T225440Z.2023-08-29T085943Z.json,2011-05-09 22:54:40,2011-05-12 21:54:40,False,0.10458,2011-05-12 15:10:00,1 / (cm2 s sr),0.030687386675113806,1 / (cm2 s sr)
2,ZEUS+iPATH_CME,min.100.0.max.-1.0.units.MeV,False,min.100.0.max.-1.0.units.MeV,./model/SEPVAL2023_Europe/iPATH/jsons/ZEUS+iPATH_CME_differential.2011-06-07T083400Z.2023-08-29T091228Z.json,2011-06-07 08:34:00,2011-06-10 07:34:00,True,4.5281,2011-06-07 10:25:00,1 / (cm2 s sr),102.74989753665709,1 / (cm2 s sr)
3,ZEUS+iPATH_CME,min.100.0.max.-1.0.units.MeV,False,min.100.0.max.-1.0.units.MeV,./model/SEPVAL2023_Europe/iPATH/jsons/ZEUS+iPATH_CME_differential.2011-08-04T054140Z.2023-08-29T091230Z.json,2011-08-04 05:41:40,2011-08-07 04:41:40,True,1.7984,2011-08-04 07:40:00,1 / (cm2 s sr),487.6294118715932,1 / (cm2 s sr)
4,ZEUS+iPATH_CME,min.100.0.max.-1.0.units.MeV,False,min.100.0.max.-1.0.units.MeV,./model/SEPVAL2023_Europe/iPATH/jsons/ZEUS+iPATH_CME_differential.2011-08-09T102300Z.2023-08-29T091233Z.json,2011-08-09 10:23:00,2011-08-12 09:23:00,False,1.4081,2011-08-09 10:25:00,1 / (cm2 s sr),7.4577571003485845,1 / (cm2 s sr)
5,ZEUS+iPATH_CME,min.100.0.max.-1.0.units.MeV,False,min.100.0.max.-1.0.units.MeV,./model/SEPVAL2023_Europe/iPATH/jsons/ZEUS+iPATH_CME_differential.2012-01-23T052640Z.2023-08-29T091235Z.json,2012-01-23 05:26:40,2012-01-26 04:26:40,True,2.3859,2012-01-23 07:50:00,1 / (cm2 s sr),4774.248391329726,1 / (cm2 s sr)
6,ZEUS+iPATH_CME,min.100.0.max.-1.0.units.MeV,False,min.100.0.max.-1.0.units.MeV,./model/SEPVAL2023_Europe/iPATH/jsons/ZEUS+iPATH_CME_differential.2012-01-27T184600Z.2023-08-29T091238Z.json,2012-01-27 18:46:00,2012-01-30 17:46:00,True,11.88,2012-01-27 21:40:00,1 / (cm2 s sr),105.64494910080802,1 / (cm2 s sr)
7,ZEUS+iPATH_CME,min.100.0.max.-1.0.units.MeV,False,min.100.0.max.-1.0.units.MeV,./model/SEPVAL2023_Europe/iPATH/jsons/ZEUS+iPATH_CME_differential.2012-03-04T130320Z.2023-08-29T085946Z.json,2012-03-04 13:03:20,2012-03-07 12:03:20,False,44.246,2012-03-07 12:00:00,1 / (cm2 s sr),0.7227548855321664,1 / (cm2 s sr)
8,ZEUS+iPATH_CME,min.100.0.max.-1.0.units.MeV,False,min.100.0.max.-1.0.units.MeV,./model/SEPVAL2023_Europe/iPATH/jsons/ZEUS+iPATH_CME_differential.2012-03-05T054740Z.2023-08-29T085949Z.json,2012-03-05 05:47:40,2012-03-08 04:47:40,False,69.272,2012-03-07 15:25:00,1 / (cm2 s sr),0.07624985028204552,1 / (cm2 s sr)
9,ZEUS+iPATH_CME,min.100.0.max.-1.0.units.MeV,False,min.100.0.max.-1.0.units.MeV,./model/SEPVAL2023_Europe/iPATH/jsons/ZEUS+iPATH_CME_differential.2012-03-13T191300Z.2023-08-29T091240Z.json,2012-03-13 19:13:00,2012-03-16 18:13:00,False,1.8828,2012-03-13 19:35:00,1 / (cm2 s sr),575.0829887650067,1 / (cm2 s sr)
11,ZEUS+iPATH_CME,min.100.0.max.-1.0.units.MeV,False,min.100.0.max.-1.0.units.MeV,./model/SEPVAL2023_Europe/iPATH/jsons/ZEUS+iPATH_CME_differential.2012-06-29T112700Z.2023-08-29T085951Z.json,2012-06-29 11:27:00,2012-07-02 10:27:00,False,0.089092,2012-07-02 04:25:00,1 / (cm2 s sr),0.08741679749134999,1 / (cm2 s sr)
12,ZEUS+iPATH_CME,min.100.0.max.-1.0.units.MeV,False,min.100.0.max.-1.0.units.MeV,./model/SEPVAL2023_Europe/iPATH/jsons/ZEUS+iPATH_CME_differential.2012-07-12T184540Z.2023-08-29T090703Z.json,2012-07-12 18:45:40,2012-07-15 17:45:40,False,0.19593,2012-07-12 18:50:00,1 / (cm2 s sr),15.820903527857624,1 / (cm2 s sr)
13,ZEUS+iPATH_CME,min.100.0.max.-1.0.units.MeV,False,min.100.0.max.-1.0.units.MeV,./model/SEPVAL2023_Europe/iPATH/jsons/ZEUS+iPATH_CME_differential.2012-07-23T040720Z.2023-08-29T091245Z.json,2012-07-23 04:07:20,2012-07-26 03:07:20,False,0.76845,2012-07-23 22:25:00,1 / (cm2 s sr),4.62968733434954,1 / (cm2 s sr)
14,ZEUS+iPATH_CME,min.100.0.max.-1.0.units.MeV,False,min.100.0.max.-1.0.units.MeV,./model/SEPVAL2023_Europe/iPATH/jsons/ZEUS+iPATH_CME_differential.2012-09-28T031520Z.2023-08-29T091247Z.json,2012-09-28 03:15:20,2012-10-01 02:15:20,False,0.15892,2012-09-28 09:20:00,1 / (cm2 s sr),29.297793074057566,1 / (cm2 s sr)
15,ZEUS+iPATH_CME,min.100.0.max.-1.0.units.MeV,False,min.100.0.max.-1.0.units.MeV,./model/SEPVAL2023_Europe/iPATH/jsons/ZEUS+iPATH_CME_differential.2013-04-11T100900Z.2023-08-29T091157Z.json,2013-04-11 10:09:00,2013-04-14 09:09:00,True,2.0297,2013-04-11 14:00:00,1 / (cm2 s sr),0.0020878647860411636,1 / (cm2 s sr)
16,ZEUS+iPATH_CME,min.100.0.max.-1.0.units.MeV,False,min.100.0.max.-1.0.units.MeV,./model/SEPVAL2023_Europe/iPATH/jsons/ZEUS+iPATH_CME_differential.2013-05-22T151100Z.2023-08-29T091250Z.json,2013-05-22 15:11:00,2013-05-25 14:11:00,True,3.5818,2013-05-22 18:30:00,1 / (cm2 s sr),109.57933238007267,1 / (cm2 s sr)
17,ZEUS+iPATH_CME,min.100.0.max.-1.0.units.MeV,False,min.100.0.max.-1.0.units.MeV,./model/SEPVAL2023_Europe/iPATH/jsons/ZEUS+iPATH_CME_differential.2013-06-28T035740Z.2023-08-29T085953Z.json,2013-06-28 03:57:40,2013-07-01 02:57:40,False,0.074885,2013-06-29 11:55:00,1 / (cm2 s sr),0.11762864187210757,1 / (cm2 s sr)
18,ZEUS+iPATH_CME,min.100.0.max.-1.0.units.MeV,False,min.100.0.max.-1.0.units.MeV,./model/SEPVAL2023_Europe/iPATH/jsons/ZEUS+iPATH_CME_differential.2013-09-30T002640Z.2023-08-29T091252Z.json,2013-09-30 00:26:40,2013-10-02 23:26:40,False,0.18026,2013-09-30 06:20:00,1 / (cm2 s sr),0.5002850853835371,1 / (cm2 s sr)
19,ZEUS+iPATH_CME,min.100.0.max.-1.0.units.MeV,False,min.100.0.max.-1.0.units.MeV,./model/SEPVAL2023_Europe/iPATH/jsons/ZEUS+iPATH_CME_differential.2014-01-06T100020Z.2023-08-29T091200Z.json,2014-01-06 10:00:20,2014-01-09 09:00:20,True,4.079,2014-01-06 10:05:00,1 / (cm2 s sr),0.16652027906739406,1 / (cm2 s sr)
20,ZEUS+iPATH_CME,min.100.0.max.-1.0.units.MeV,False,min.100.0.max.-1.0.units.MeV,./model/SEPVAL2023_Europe/iPATH/jsons/ZEUS+iPATH_CME_differential.2014-01-07T195200Z.2023-08-29T091202Z.json,2014-01-07 19:52:00,2014-01-10 18:52:00,True,4.2687,2014-01-07 22:40:00,1 / (cm2 s sr),792.1698414358771,1 / (cm2 s sr)
21,ZEUS+iPATH_CME,min.100.0.max.-1.0.units.MeV,False,min.100.0.max.-1.0.units.MeV,./model/SEPVAL2023_Europe/iPATH/jsons/ZEUS+iPATH_CME_differential.2014-02-25T025340Z.2023-08-29T091255Z.json,2014-02-25 02:53:40,2014-02-28 01:53:40,False,0.94287,2014-02-25 19:45:00,1 / (cm2 s sr),0.17020786513863545,1 / (cm2 s sr)
22,ZEUS+iPATH_CME,min.100.0.max.-1.0.units.MeV,False,min.100.0.max.-1.0.units.MeV,./model/SEPVAL2023_Europe/iPATH/jsons/ZEUS+iPATH_CME_differential.2014-04-18T145320Z.2023-08-29T091257Z.json,2014-04-18 14:53:20,2014-04-21 13:53:20,False,0.58758,2014-04-18 15:10:00,1 / (cm2 s sr),13.16014103616343,1 / (cm2 s sr)
23,ZEUS+iPATH_CME,min.100.0.max.-1.0.units.MeV,False,min.100.0.max.-1.0.units.MeV,./model/SEPVAL2023_Europe/iPATH/jsons/ZEUS+iPATH_CME_differential.2014-09-10T195200Z.2023-08-29T091300Z.json,2014-09-10 19:52:00,2014-09-13 18:52:00,False,1.2485,2014-09-11 04:25:00,1 / (cm2 s sr),36.31112016584695,1 / (cm2 s sr)
24,ZEUS+iPATH_CME,min.100.0.max.-1.0.units.MeV,False,min.100.0.max.-1.0.units.MeV,./model/SEPVAL2023_Europe/iPATH/jsons/ZEUS+iPATH_CME_differential.2014-10-24T101020Z.2023-08-29T085847Z.json,2014-10-24 10:10:20,2014-10-27 09:10:20,False,0.087256,2014-10-27 09:00:00,1 / (cm2 s sr),0.014059347651114894,1 / (cm2 s sr)
25,ZEUS+iPATH_CME,min.100.0.max.-1.0.units.MeV,False,min.100.0.max.-1.0.units.MeV,./model/SEPVAL2023_Europe/iPATH/jsons/ZEUS+iPATH_CME_differential.2014-11-07T202600Z.2023-08-29T085852Z.json,2014-11-07 20:26:00,2014-11-10 19:26:00,False,0.082857,2014-11-08 12:00:00,1 / (cm2 s sr),0.06657034137581473,1 / (cm2 s sr)
27,ZEUS+iPATH_CME,min.100.0.max.-1.0.units.MeV,False,min.100.0.max.-1.0.units.MeV,./model/SEPVAL2023_Europe/iPATH/jsons/ZEUS+iPATH_CME_differential.2014-12-19T014200Z.2023-08-29T085857Z.json,2014-12-19 01:42:00,2014-12-22 00:42:00,False,0.077204,2014-12-20 16:25:00,1 / (cm2 s sr),29.336495451444062,1 / (cm2 s sr)
28,ZEUS+iPATH_CME,min.100.0.max.-1.0.units.MeV,False,min.100.0.max.-1.0.units.MeV,./model/SEPVAL2023_Europe/iPATH/jsons/ZEUS+iPATH_CME_differential.2015-03-10T015840Z.2023-08-29T085859Z.json,2015-03-10 01:58:40,2015-03-13 00:58:40,False,0.084903,2015-03-11 21:00:00,1 / (cm2 s sr),0.05579006145034653,1 / (cm2 s sr)
29,ZEUS+iPATH_CME,min.100.0.max.-1.0.units.MeV,False,min.100.0.max.-1.0.units.MeV,./model/SEPVAL2023_Europe/iPATH/jsons/ZEUS+iPATH_CME_differential.2016-07-23T075820Z.2023-08-29T085902Z.json,2016-07-23 07:58:20,2016-07-26 06:58:20,False,0.10215,2016-07-25 16:00:00,1 / (cm2 s sr),1.7623685806395775,1 / (cm2 s sr)
31,ZEUS+iPATH_CME,min.100.0.max.-1.0.units.MeV,False,min.100.0.max.-1.0.units.MeV,./model/SEPVAL2023_Europe/iPATH/jsons/ZEUS+iPATH_CME_differential.2017-09-04T222540Z.2023-08-29T091205Z.json,2017-09-04 22:25:40,2017-09-07 21:25:40,False,0.62467,2017-09-06 13:05:00,1 / (cm2 s sr),8.969805085626502,1 / (cm2 s sr)
32,ZEUS+iPATH_CME,min.100.0.max.-1.0.units.MeV,False,min.100.0.max.-1.0.units.MeV,./model/SEPVAL2023_Europe/iPATH/jsons/ZEUS+iPATH_CME_differential.2017-09-06T151520Z.2023-08-29T091207Z.json,2017-09-06 15:15:20,2017-09-09 14:15:20,False,0.37794,2017-09-06 15:35:00,1 / (cm2 s sr),0.360798892353738,1 / (cm2 s sr)
33,ZEUS+iPATH_CME,min.100.0.max.-1.0.units.MeV,False,min.100.0.max.-1.0.units.MeV,./model/SEPVAL2023_Europe/iPATH/jsons/ZEUS+iPATH_CME_differential.2017-09-10T173200Z.2023-08-29T091210Z.json,2017-09-10 17:32:00,2017-09-13 16:32:00,True,68.128,2017-09-10 22:15:00,1 / (cm2 s sr),952.8758851567474,1 / (cm2 s sr)
34,ZEUS+iPATH_CME,min.100.0.max.-1.0.units.MeV,False,min.100.0.max.-1.0.units.MeV,./model/SEPVAL2023_Europe/iPATH/jsons/ZEUS+iPATH_CME_differential.2021-05-29T013320Z.2023-08-29T091734Z.json,2021-05-29 01:33:20,2021-06-01 00:33:20,False,0.575705,2021-05-30 16:10:00,1 / (cm2 s sr),10.563204731505946,1 / (cm2 s sr)
35,ZEUS+iPATH_CME,min.100.0.max.-1.0.units.MeV,False,min.100.0.max.-1.0.units.MeV,./model/SEPVAL2023_Europe/iPATH/jsons/ZEUS+iPATH_CME_differential.2021-10-28T175240Z.2023-08-29T090706Z.json,2021-10-28 17:52:40,2021-10-31 16:52:40,True,7.327305,2021-10-28 18:15:00,1 / (cm2 s sr),0.008923933235279409,1 / (cm2 s sr)
37,ZEUS+iPATH_CME,min.100.0.max.-1.0.units.MeV,False,min.100.0.max.-1.0.units.MeV,./model/SEPVAL2023_Europe/iPATH/jsons/ZEUS+iPATH_CME_differential.2021-11-02T044920Z.2023-08-29T085907Z.json,2021-11-02 04:49:20,2021-11-05 03:49:20,False,0.533044,2021-11-03 19:20:00,1 / (cm2 s sr),2.239140515235854,1 / (cm2 s sr)
38,ZEUS+iPATH_CME,min.100.0.max.-1.0.units.MeV,False,min.100.0.max.-1.0.units.MeV,./model/SEPVAL2023_Europe/iPATH/jsons/ZEUS+iPATH_CME_differential.2022-01-18T202440Z.2023-08-29T085910Z.json,2022-01-18 20:24:40,2022-01-21 19:24:40,False,1.126116,2022-01-20 08:50:00,1 / (cm2 s sr),11.16594365570695,1 / (cm2 s sr)
39,ZEUS+iPATH_CME,min.100.0.max.-1.0.units.MeV,False,min.100.0.max.-1.0.units.MeV,./model/SEPVAL2023_Europe/iPATH/jsons/ZEUS+iPATH_CME_differential.2022-01-20T075700Z.2023-08-29T090708Z.json,2022-01-20 07:57:00,2022-01-23 06:57:00,True,1.126116,2022-01-20 08:50:00,1 / (cm2 s sr),0.8125561051257162,1 / (cm2 s sr)
41,ZEUS+iPATH_CME,min.100.0.max.-1.0.units.MeV,False,min.100.0.max.-1.0.units.MeV,./model/SEPVAL2023_Europe/iPATH/jsons/ZEUS+iPATH_CME_differential.2022-04-02T152920Z.2023-08-29T090713Z.json,2022-04-02 15:29:20,2022-04-05 14:29:20,False,0.687376,2022-04-02 15:50:00,1 / (cm2 s sr),538.9183784961759,1 / (cm2 s sr)
42,ZEUS+iPATH_CME,min.100.0.max.-1.0.units.MeV,False,min.100.0.max.-1.0.units.MeV,./model/SEPVAL2023_Europe/iPATH/jsons/ZEUS+iPATH_CME_differential.2022-04-17T060140Z.2023-08-29T085912Z.json,2022-04-17 06:01:40,2022-04-20 05:01:40,False,0.503057,2022-04-19 01:25:00,1 / (cm2 s sr),0.00785266196436028,1 / (cm2 s sr)
43,ZEUS+iPATH_CME,min.100.0.max.-1.0.units.MeV,False,min.100.0.max.-1.0.units.MeV,./model/SEPVAL2023_Europe/iPATH/jsons/ZEUS+iPATH_CME_differential.2022-04-20T062420Z.2023-08-29T085915Z.json,2022-04-20 06:24:20,2022-04-23 05:24:20,False,0.52639,2022-04-20 23:00:00,1 / (cm2 s sr),0.0058835743828866945,1 / (cm2 s sr)
44,ZEUS+iPATH_CME,min.100.0.max.-1.0.units.MeV,False,min.100.0.max.-1.0.units.MeV,./model/SEPVAL2023_Europe/iPATH/jsons/ZEUS+iPATH_CME_differential.2022-04-29T092300Z.2023-08-29T085917Z.json,2022-04-29 09:23:00,2022-05-02 08:23:00,False,0.50802,2022-04-30 03:05:00,1 / (cm2 s sr),411.93749900265794,1 / (cm2 s sr)
45,ZEUS+iPATH_CME,min.100.0.max.-1.0.units.MeV,False,min.100.0.max.-1.0.units.MeV,./model/SEPVAL2023_Europe/iPATH/jsons/ZEUS+iPATH_CME_differential.2022-05-25T205020Z.2023-08-29T085920Z.json,2022-05-25 20:50:20,2022-05-28 19:50:20,False,0.484357,2022-05-27 02:05:00,1 / (cm2 s sr),0.048105797762730246,1 / (cm2 s sr)
46,ZEUS+iPATH_CME,min.100.0.max.-1.0.units.MeV,False,min.100.0.max.-1.0.units.MeV,./model/SEPVAL2023_Europe/iPATH/jsons/ZEUS+iPATH_CME_differential.2022-08-17T172400Z.2023-08-29T085922Z.json,2022-08-17 17:24:00,2022-08-20 16:24:00,False,0.392348,2022-08-18 04:30:00,1 / (cm2 s sr),18.80354184964532,1 / (cm2 s sr)
47,ZEUS+iPATH_CME,min.100.0.max.-1.0.units.MeV,False,min.100.0.max.-1.0.units.MeV,./model/SEPVAL2023_Europe/iPATH/jsons/ZEUS+iPATH_CME_differential.2022-08-18T130320Z.2023-08-29T085925Z.json,2022-08-18 13:03:20,2022-08-21 12:03:20,False,0.377065,2022-08-19 17:40:00,1 / (cm2 s sr),19.326948609299695,1 / (cm2 s sr)
48,ZEUS+iPATH_CME,min.100.0.max.-1.0.units.MeV,False,min.100.0.max.-1.0.units.MeV,./model/SEPVAL2023_Europe/iPATH/jsons/ZEUS+iPATH_CME_differential.2022-08-19T085920Z.2023-08-29T085928Z.json,2022-08-19 08:59:20,2022-08-22 07:59:20,False,0.377065,2022-08-19 17:40:00,1 / (cm2 s sr),9.330287657022811,1 / (cm2 s sr)
49,ZEUS+iPATH_CME,min.100.0.max.-1.0.units.MeV,False,min.100.0.max.-1.0.units.MeV,./model/SEPVAL2023_Europe/iPATH/jsons/ZEUS+iPATH_CME_differential.2022-08-27T041420Z.2023-08-29T090716Z.json,2022-08-27 04:14:20,2022-08-30 03:14:20,False,0.392683,2022-08-27 23:05:00,1 / (cm2 s sr),224.95812387699522,1 / (cm2 s sr)
50,ZEUS+iPATH_CME,min.100.0.max.-1.0.units.MeV,False,min.100.0.max.-1.0.units.MeV,./model/SEPVAL2023_Europe/iPATH/jsons/ZEUS+iPATH_CME_differential.2022-08-29T192320Z.2023-08-29T085930Z.json,2022-08-29 19:23:20,2022-09-01 18:23:20,False,0.393682,2022-08-31 03:40:00,1 / (cm2 s sr),0.005711870800304532,1 / (cm2 s sr)
51,ZEUS+iPATH_CME,min.100.0.max.-1.0.units.MeV,False,min.100.0.max.-1.0.units.MeV,./model/SEPVAL2023_Europe/iPATH/jsons/ZEUS+iPATH_CME_differential.2022-08-30T201440Z.2023-08-29T085933Z.json,2022-08-30 20:14:40,2022-09-02 19:14:40,False,0.393682,2022-08-31 03:40:00,1 / (cm2 s sr),0.10381763963341989,1 / (cm2 s sr)
52,ZEUS+iPATH_CME,min.100.0.max.-1.0.units.MeV,False,min.100.0.max.-1.0.units.MeV,./model/SEPVAL2023_Europe/iPATH/jsons/ZEUS+iPATH_CME_differential.2022-12-01T093920Z.2023-08-29T085936Z.json,2022-12-01 09:39:20,2022-12-04 08:39:20,False,0.410175,2022-12-03 17:30:00,1 / (cm2 s sr),147.96131363242307,1 / (cm2 s sr)
53,ZEUS+iPATH_CME,min.100.0.max.-1.0.units.MeV,False,min.100.0.max.-1.0.units.MeV,./model/SEPVAL2023_Europe/iPATH/jsons/ZEUS+iPATH_CME_differential.2023-02-25T215300Z.2023-08-29T090719Z.json,2023-02-25 21:53:00,2023-02-28 20:53:00,False,0.362346,2023-02-25 23:25:00,1 / (cm2 s sr),54.71438503543667,1 / (cm2 s sr)
54,ZEUS+iPATH_CME,min.100.0.max.-1.0.units.MeV,False,min.100.0.max.-1.0.units.MeV,./model/SEPVAL2023_Europe/iPATH/jsons/ZEUS+iPATH_CME_differential.2023-03-04T181100Z.2023-08-29T085938Z.json,2023-03-04 18:11:00,2023-03-07 17:11:00,False,0.315361,2023-03-07 03:40:00,1 / (cm2 s sr),5.34069754018907,1 / (cm2 s sr)
55,ZEUS+iPATH_CME,min.100.0.max.-1.0.units.MeV,False,min.100.0.max.-1.0.units.MeV,./model/SEPVAL2023_Europe/iPATH/jsons/ZEUS+iPATH_CME_differential.2023-03-06T051700Z.2023-08-29T085941Z.json,2023-03-06 05:17:00,2023-03-09 04:17:00,False,0.333472,2023-03-08 15:50:00,1 / (cm2 s sr),10.7500448280514,1 / (cm2 s sr)
