,Model,Energy Channel Key,Mismatch Allowed,Prediction Energy Channel Key,Forecast Source,Prediction Window Start,Prediction Window End,Observed SEP in Prediction Window,Observed Max Flux in Prediction Window,Observed Max Flux Time,Observed Max Flux Units,Predicted SEP Peak Intensity Max (Max Flux),Predicted SEP Peak Intensity Max (Max Flux) Units
0,STAT,min.100.0.max.-1.0.units.MeV,False,min.100.0.max.-1.0.units.MeV,model/SEPVAL2023_Europe/STAT/jsons/STAT_integral.2012-03-07T001000Z.json,2012-03-07 00:10:00,2012-03-07 08:59:55,False,7.9336,2012-03-07 08:50:00,1 / (cm2 s sr),5.492e-06,1 / (cm2 s sr)
1,STAT,min.100.0.max.-1.0.units.MeV,False,min.100.0.max.-1.0.units.MeV,model/SEPVAL2023_Europe/STAT/jsons/STAT_integral.2012-07-12T164900Z.json,2012-07-12 16:49:00,2012-07-13 00:02:16,False,0.25117,2012-07-12 17:35:00,1 / (cm2 s sr),86.16,1 / (cm2 s sr)
2,STAT,min.100.0.max.-1.0.units.MeV,False,min.100.0.max.-1.0.units.MeV,model/SEPVAL2023_Europe/STAT/jsons/STAT_integral.2014-01-07T181000Z.json,2014-01-07 18:10:00,2014-01-08 02:35:48,True,4.2687,2014-01-07 22:40:00,1 / (cm2 s sr),0.09019,1 / (cm2 s sr)
3,STAT,min.100.0.max.-1.0.units.MeV,False,min.100.0.max.-1.0.units.MeV,model/SEPVAL2023_Europe/STAT/jsons/STAT_integral.2017-07-14T030000Z.json,2017-07-14 03:00:00,2017-07-14 11:49:54,False,0.13634,2017-07-14 10:00:00,1 / (cm2 s sr),0.3849,1 / (cm2 s sr)
4,STAT,min.100.0.max.-1.0.units.MeV,False,min.100.0.max.-1.0.units.MeV,model/SEPVAL2023_Europe/STAT/jsons/STAT_integral.2017-09-10T154600Z.json,2017-09-10 15:46:00,2017-09-11 00:35:55,True,68.128,2017-09-10 22:15:00,1 / (cm2 s sr),435.0,1 / (cm2 s sr)
5,STAT,min.100.0.max.-1.0.units.MeV,False,min.100.0.max.-1.0.units.MeV,model/SEPVAL2023_Europe/STAT/jsons/STAT_integral.2021-10-28T153000Z.json,2021-10-28 15:30:00,2021-10-29 07:33:55,True,7.327305,2021-10-28 18:15:00,1 / (cm2 s sr),0.06032,1 / (cm2 s sr)
