,Model,Energy Channel Key,Mismatch Allowed,Prediction Energy Channel Key,Forecast Source,Prediction Window Start,Prediction Window End,Observed SEP in Prediction Window,Observed Max Flux in Prediction Window,Observed Max Flux Time,Observed Max Flux Units,Predicted SEP Peak Intensity Max (Max Flux),Predicted SEP Peak Intensity Max (Max Flux) Units
0,ZEUS+iPATH_CME,min.30.0.max.-1.0.units.MeV,False,min.30.0.max.-1.0.units.MeV,./model/SEPVAL2023_Europe/iPATH/jsons/ZEUS+iPATH_CME_differential.2011-03-07T214120Z.2023-08-29T091225Z.json,2011-03-07 21:41:20,2011-03-10 20:41:20,True,5.1853,2011-03-08 08:20:00,1 / (cm2 s sr),1343.7927406950423,1 / (cm2 s sr)
1,ZEUS+iPATH_CME,min.30.0.max.-1.0.units.MeV,False,min.30.0.max.-1.0.units.MeV,./model/SEPVAL2023_Europe/iPATH/jsons/ZEUS+iPATH_CME_differential.2011-05-09T225440Z.2023-08-29T085943Z.json,2011-05-09 22:54:40,2011-05-12 21:54:40,False,0.30166,2011-05-11 17:45:00,1 / (cm2 s sr),0.19816179764956401,1 / (cm2 s sr)
2,ZEUS+iPATH_CME,min.30.0.max.-1.0.units.MeV,False,min.30.0.max.-1.0.units.MeV,./model/SEPVAL2023_Europe/iPATH/jsons/ZEUS+iPATH_CME_differential.2011-06-07T083400Z.2023-08-29T091228Z.json,2011-06-07 08:34:00,2011-06-10 07:34:00,True,25.841,2011-06-07 10:25:00,1 / (cm2 s sr),687.2265873929118,1 / (cm2 s sr)
3,ZEUS+iPATH_CME,min.30.0.max.-1.0.units.MeV,False,min.30.0.max.-1.0.units.MeV,./model/SEPVAL2023_Europe/iPATH/jsons/ZEUS+iPATH_CME_differential.2011-08-04T054140Z.2023-08-29T091230Z.json,2011-08-04 05:41:40,2011-08-07 04:41:40,True,22.037,2011-08-04 08:55:00,1 / (cm2 s sr),1595.4340535459398,1 / (cm2 s sr)
4,ZEUS+iPATH_CME,min.30.0.max.-1.0.units.MeV,False,min.30.0.max.-1.0.units.MeV,./model/SEPVAL2023_Europe/iPATH/jsons/ZEUS+iPATH_CME_differential.2011-08-09T102300Z.2023-08-29T091233Z.json,2011-08-09 10:23:00,2011-08-12 09:23:00,False,8.8992,2011-08-09 10:30:00,1 / (cm2 s sr),44.37929439443101,1 / (cm2 s sr)
5,ZEUS+iPATH_CME,min.30.0.max.-1.0.units.MeV,False,min.30.0.max.-1.0.units.MeV,./model/SEPVAL2023_Europe/iPATH/jsons/ZEUS+iPATH_CME_differential.2012-01-23T052640Z.2023-08-29T091235Z.json,2012-01-23 05:26:40,2012-01-26 04:26:40,True,447.84,2012-01-23 15:30:00,1 / (cm2 s sr),11833.81413372184,1 / (cm2 s sr)
6,ZEUS+iPATH_CME,min.30.0.max.-1.0.units.MeV,False,min.30.0.max.-1.0.units.MeV,./model/SEPVAL2023_Europe/iPATH/jsons/ZEUS+iPATH_CME_differential.2012-01-27T184600Z.2023-08-29T091238Z.json,2012-01-27 18:46:00,2012-01-30 17:46:00,True,155.55,2012-01-28 03:30:00,1 / (cm2 s sr),502.96696871618406,1 / (cm2 s sr)
7,ZEUS+iPATH_CME,min.30.0.max.-1.0.units.MeV,False,min.30.0.max.-1.0.units.MeV,./model/SEPVAL2023_Europe/iPATH/jsons/ZEUS+iPATH_CME_differential.2012-03-04T130320Z.2023-08-29T085946Z.json,2012-03-04 13:03:20,2012-03-07 12:03:20,False,253.79,2012-03-07 12:00:00,1 / (cm2 s sr),2.7300743430373564,1 / (cm2 s sr)
8,ZEUS+iPATH_CME,min.30.0.max.-1.0.units.MeV,False,min.30.0.max.-1.0.units.MeV,./model/SEPVAL2023_Europe/iPATH/jsons/ZEUS+iPATH_CME_differential.2012-03-05T054740Z.2023-08-29T085949Z.json,2012-03-05 05:47:40,2012-03-08 04:47:40,False,656.55,2012-03-07 15:25:00,1 / (cm2 s sr),0.3499924276222621,1 / (cm2 s sr)
9,ZEUS+iPATH_CME,min.30.0.max.-1.0.units.MeV,False,min.30.0.max.-1.0.units.MeV,./model/SEPVAL2023_Europe/iPATH/jsons/ZEUS+iPATH_CME_differential.2012-03-13T191300Z.2023-08-29T091240Z.json,2012-03-13 19:13:00,2012-03-16 18:13:00,False,62.994,2012-03-13 19:15:00,1 / (cm2 s sr),1524.7483316159708,1 / (cm2 s sr)
10,ZEUS+iPATH_CME,min.30.0.max.-1.0.units.MeV,False,min.30.0.max.-1.0.units.MeV,./model/SEPVAL2023_Europe/iPATH/jsons/ZEUS+iPATH_CME_differential.2012-06-13T165800Z.2023-08-29T085841Z.json,2012-06-13 16:58:00,2012-06-16 15:58:00,False,0.38442,2012-06-16 14:50:00,1 / (cm2 s sr),0.0008835390428202478,1 / (cm2 s sr)
11,ZEUS+iPATH_CME,min.30.0.max.-1.0.units.MeV,False,min.30.0.max.-1.0.units.MeV,./model/SEPVAL2023_Europe/iPATH/jsons/ZEUS+iPATH_CME_differential.2012-06-29T112700Z.2023-08-29T085951Z.json,2012-06-29 11:27:00,2012-07-02 10:27:00,False,0.24024,2012-07-02 00:15:00,1 / (cm2 s sr),0.5059200402703539,1 / (cm2 s sr)
12,ZEUS+iPATH_CME,min.30.0.max.-1.0.units.MeV,False,min.30.0.max.-1.0.units.MeV,./model/SEPVAL2023_Europe/iPATH/jsons/ZEUS+iPATH_CME_differential.2012-07-12T184540Z.2023-08-29T090703Z.json,2012-07-12 18:45:40,2012-07-15 17:45:40,True,3.4489,2012-07-12 19:05:00,1 / (cm2 s sr),93.96131832550594,1 / (cm2 s sr)
13,ZEUS+iPATH_CME,min.30.0.max.-1.0.units.MeV,False,min.30.0.max.-1.0.units.MeV,./model/SEPVAL2023_Europe/iPATH/jsons/ZEUS+iPATH_CME_differential.2012-07-23T040720Z.2023-08-29T091245Z.json,2012-07-23 04:07:20,2012-07-26 03:07:20,True,6.0823,2012-07-23 22:15:00,1 / (cm2 s sr),17.50478571201353,1 / (cm2 s sr)
14,ZEUS+iPATH_CME,min.30.0.max.-1.0.units.MeV,False,min.30.0.max.-1.0.units.MeV,./model/SEPVAL2023_Europe/iPATH/jsons/ZEUS+iPATH_CME_differential.2012-09-28T031520Z.2023-08-29T091247Z.json,2012-09-28 03:15:20,2012-10-01 02:15:20,False,3.2371,2012-09-28 04:45:00,1 / (cm2 s sr),233.1383070990613,1 / (cm2 s sr)
15,ZEUS+iPATH_CME,min.30.0.max.-1.0.units.MeV,False,min.30.0.max.-1.0.units.MeV,./model/SEPVAL2023_Europe/iPATH/jsons/ZEUS+iPATH_CME_differential.2013-04-11T100900Z.2023-08-29T091157Z.json,2013-04-11 10:09:00,2013-04-14 09:09:00,True,23.328,2013-04-11 14:30:00,1 / (cm2 s sr),0.09794409976587047,1 / (cm2 s sr)
16,ZEUS+iPATH_CME,min.30.0.max.-1.0.units.MeV,False,min.30.0.max.-1.0.units.MeV,./model/SEPVAL2023_Europe/iPATH/jsons/ZEUS+iPATH_CME_differential.2013-05-22T151100Z.2023-08-29T091250Z.json,2013-05-22 15:11:00,2013-05-25 14:11:00,True,124.67,2013-05-23 04:15:00,1 / (cm2 s sr),496.7230145452203,1 / (cm2 s sr)
17,ZEUS+iPATH_CME,min.30.0.max.-1.0.units.MeV,False,min.30.0.max.-1.0.units.MeV,./model/SEPVAL2023_Europe/iPATH/jsons/ZEUS+iPATH_CME_differential.2013-06-28T035740Z.2023-08-29T085953Z.json,2013-06-28 03:57:40,2013-07-01 02:57:40,False,0.23289,2013-06-28 12:40:00,1 / (cm2 s sr),0.6015356470249387,1 / (cm2 s sr)
18,ZEUS+iPATH_CME,min.30.0.max.-1.0.units.MeV,False,min.30.0.max.-1.0.units.MeV,./model/SEPVAL2023_Europe/iPATH/jsons/ZEUS+iPATH_CME_differential.2013-09-30T002640Z.2023-08-29T091252Z.json,2013-09-30 00:26:40,2013-10-02 23:26:40,True,8.573,2013-09-30 14:30:00,1 / (cm2 s sr),21.609921946807408,1 / (cm2 s sr)
19,ZEUS+iPATH_CME,min.30.0.max.-1.0.units.MeV,False,min.30.0.max.-1.0.units.MeV,./model/SEPVAL2023_Europe/iPATH/jsons/ZEUS+iPATH_CME_differential.2014-01-06T100020Z.2023-08-29T091200Z.json,2014-01-06 10:00:20,2014-01-09 09:00:20,True,20.069,2014-01-06 10:20:00,1 / (cm2 s sr),8.85004463812647,1 / (cm2 s sr)
20,ZEUS+iPATH_CME,min.30.0.max.-1.0.units.MeV,False,min.30.0.max.-1.0.units.MeV,./model/SEPVAL2023_Europe/iPATH/jsons/ZEUS+iPATH_CME_differential.2014-01-07T195200Z.2023-08-29T091202Z.json,2014-01-07 19:52:00,2014-01-10 18:52:00,True,203.7,2014-01-08 08:10:00,1 / (cm2 s sr),2988.0605012703895,1 / (cm2 s sr)
21,ZEUS+iPATH_CME,min.30.0.max.-1.0.units.MeV,False,min.30.0.max.-1.0.units.MeV,./model/SEPVAL2023_Europe/iPATH/jsons/ZEUS+iPATH_CME_differential.2014-02-25T025340Z.2023-08-29T091255Z.json,2014-02-25 02:53:40,2014-02-28 01:53:40,True,7.4135,2014-02-25 20:20:00,1 / (cm2 s sr),1.2327106819604194,1 / (cm2 s sr)
22,ZEUS+iPATH_CME,min.30.0.max.-1.0.units.MeV,False,min.30.0.max.-1.0.units.MeV,./model/SEPVAL2023_Europe/iPATH/jsons/ZEUS+iPATH_CME_differential.2014-04-18T145320Z.2023-08-29T091257Z.json,2014-04-18 14:53:20,2014-04-21 13:53:20,True,6.8519,2014-04-18 19:55:00,1 / (cm2 s sr),73.35699994044106,1 / (cm2 s sr)
23,ZEUS+iPATH_CME,min.30.0.max.-1.0.units.MeV,False,min.30.0.max.-1.0.units.MeV,./model/SEPVAL2023_Europe/iPATH/jsons/ZEUS+iPATH_CME_differential.2014-09-10T195200Z.2023-08-29T091300Z.json,2014-09-10 19:52:00,2014-09-13 18:52:00,True,9.7944,2014-09-11 05:00:00,1 / (cm2 s sr),180.9177841250942,1 / (cm2 s sr)
24,ZEUS+iPATH_CME,min.30.0.max.-1.0.units.MeV,False,min.30.0.max.-1.0.units.MeV,./model/SEPVAL2023_Europe/iPATH/jsons/ZEUS+iPATH_CME_differential.2014-10-24T101020Z.2023-08-29T085847Z.json,2014-10-24 10:10:20,2014-10-27 09:10:20,False,0.16501,2014-10-26 22:55:00,1 / (cm2 s sr),0.3832363870408234,1 / (cm2 s sr)
25,ZEUS+iPATH_CME,min.30.0.max.-1.0.units.MeV,False,min.30.0.max.-1.0.units.MeV,./model/SEPVAL2023_Europe/iPATH/jsons/ZEUS+iPATH_CME_differential.2014-11-07T202600Z.2023-08-29T085852Z.json,2014-11-07 20:26:00,2014-11-10 19:26:00,False,0.2316,2014-11-08 20:05:00,1 / (cm2 s sr),0.4468684410927365,1 / (cm2 s sr)
26,ZEUS+iPATH_CME,min.30.0.max.-1.0.units.MeV,False,min.30.0.max.-1.0.units.MeV,./model/SEPVAL2023_Europe/iPATH/jsons/ZEUS+iPATH_CME_differential.2014-12-17T071300Z.2023-08-29T085855Z.json,2014-12-17 07:13:00,2014-12-20 06:13:00,False,0.33654,2014-12-18 19:25:00,1 / (cm2 s sr),0.022356266033931732,1 / (cm2 s sr)
27,ZEUS+iPATH_CME,min.30.0.max.-1.0.units.MeV,False,min.30.0.max.-1.0.units.MeV,./model/SEPVAL2023_Europe/iPATH/jsons/ZEUS+iPATH_CME_differential.2014-12-19T014200Z.2023-08-29T085857Z.json,2014-12-19 01:42:00,2014-12-22 00:42:00,False,0.32924,2014-12-21 20:10:00,1 / (cm2 s sr),210.71717212514187,1 / (cm2 s sr)
28,ZEUS+iPATH_CME,min.30.0.max.-1.0.units.MeV,False,min.30.0.max.-1.0.units.MeV,./model/SEPVAL2023_Europe/iPATH/jsons/ZEUS+iPATH_CME_differential.2015-03-10T015840Z.2023-08-29T085859Z.json,2015-03-10 01:58:40,2015-03-13 00:58:40,False,0.23069,2015-03-11 20:00:00,1 / (cm2 s sr),0.08056781626036774,1 / (cm2 s sr)
29,ZEUS+iPATH_CME,min.30.0.max.-1.0.units.MeV,False,min.30.0.max.-1.0.units.MeV,./model/SEPVAL2023_Europe/iPATH/jsons/ZEUS+iPATH_CME_differential.2016-07-23T075820Z.2023-08-29T085902Z.json,2016-07-23 07:58:20,2016-07-26 06:58:20,False,0.28972,2016-07-23 14:55:00,1 / (cm2 s sr),18.553886610813027,1 / (cm2 s sr)
30,ZEUS+iPATH_CME,min.30.0.max.-1.0.units.MeV,False,min.30.0.max.-1.0.units.MeV,./model/SEPVAL2023_Europe/iPATH/jsons/ZEUS+iPATH_CME_differential.2017-07-14T035340Z.2023-08-29T091155Z.json,2017-07-14 03:53:40,2017-07-17 02:53:40,False,1.4441,2017-07-14 21:45:00,1 / (cm2 s sr),7.683384648007983,1 / (cm2 s sr)
31,ZEUS+iPATH_CME,min.30.0.max.-1.0.units.MeV,False,min.30.0.max.-1.0.units.MeV,./model/SEPVAL2023_Europe/iPATH/jsons/ZEUS+iPATH_CME_differential.2017-09-04T222540Z.2023-08-29T091205Z.json,2017-09-04 22:25:40,2017-09-07 21:25:40,True,2.1547,2017-09-05 19:40:00,1 / (cm2 s sr),80.22903893549073,1 / (cm2 s sr)
32,ZEUS+iPATH_CME,min.30.0.max.-1.0.units.MeV,False,min.30.0.max.-1.0.units.MeV,./model/SEPVAL2023_Europe/iPATH/jsons/ZEUS+iPATH_CME_differential.2017-09-06T151520Z.2023-08-29T091207Z.json,2017-09-06 15:15:20,2017-09-09 14:15:20,False,42.064,2017-09-08 00:30:00,1 / (cm2 s sr),0.9518997477285426,1 / (cm2 s sr)
33,ZEUS+iPATH_CME,min.30.0.max.-1.0.units.MeV,False,min.30.0.max.-1.0.units.MeV,./model/SEPVAL2023_Europe/iPATH/jsons/ZEUS+iPATH_CME_differential.2017-09-10T173200Z.2023-08-29T091210Z.json,2017-09-10 17:32:00,2017-09-13 16:32:00,True,444.48,2017-09-11 05:35:00,1 / (cm2 s sr),2012.025297133214,1 / (cm2 s sr)
34,ZEUS+iPATH_CME,min.30.0.max.-1.0.units.MeV,False,min.30.0.max.-1.0.units.MeV,./model/SEPVAL2023_Europe/iPATH/jsons/ZEUS+iPATH_CME_differential.2021-05-29T013320Z.2023-08-29T091734Z.json,2021-05-29 01:33:20,2021-06-01 00:33:20,False,1.141695,2021-05-29 03:20:00,1 / (cm2 s sr),65.80445224340833,1 / (cm2 s sr)
35,ZEUS+iPATH_CME,min.30.0.max.-1.0.units.MeV,False,min.30.0.max.-1.0.units.MeV,./model/SEPVAL2023_Europe/iPATH/jsons/ZEUS+iPATH_CME_differential.2021-10-28T175240Z.2023-08-29T090706Z.json,2021-10-28 17:52:40,2021-10-31 16:52:40,True,16.265814,2021-10-28 23:35:00,1 / (cm2 s sr),2.9613203611725427,1 / (cm2 s sr)
36,ZEUS+iPATH_CME,min.30.0.max.-1.0.units.MeV,False,min.30.0.max.-1.0.units.MeV,./model/SEPVAL2023_Europe/iPATH/jsons/ZEUS+iPATH_CME_differential.2021-11-01T044120Z.2023-08-29T085904Z.json,2021-11-01 04:41:20,2021-11-04 03:41:20,False,1.22369,2021-11-01 05:40:00,1 / (cm2 s sr),70.57635875778357,1 / (cm2 s sr)
37,ZEUS+iPATH_CME,min.30.0.max.-1.0.units.MeV,False,min.30.0.max.-1.0.units.MeV,./model/SEPVAL2023_Europe/iPATH/jsons/ZEUS+iPATH_CME_differential.2021-11-02T044920Z.2023-08-29T085907Z.json,2021-11-02 04:49:20,2021-11-05 03:49:20,False,0.703026,2021-11-02 08:35:00,1 / (cm2 s sr),2.9483076916182416,1 / (cm2 s sr)
38,ZEUS+iPATH_CME,min.30.0.max.-1.0.units.MeV,False,min.30.0.max.-1.0.units.MeV,./model/SEPVAL2023_Europe/iPATH/jsons/ZEUS+iPATH_CME_differential.2022-01-18T202440Z.2023-08-29T085910Z.json,2022-01-18 20:24:40,2022-01-21 19:24:40,False,7.164104,2022-01-20 10:10:00,1 / (cm2 s sr),146.69479800473744,1 / (cm2 s sr)
39,ZEUS+iPATH_CME,min.30.0.max.-1.0.units.MeV,False,min.30.0.max.-1.0.units.MeV,./model/SEPVAL2023_Europe/iPATH/jsons/ZEUS+iPATH_CME_differential.2022-01-20T075700Z.2023-08-29T090708Z.json,2022-01-20 07:57:00,2022-01-23 06:57:00,True,7.164104,2022-01-20 10:10:00,1 / (cm2 s sr),12.757988949500142,1 / (cm2 s sr)
40,ZEUS+iPATH_CME,min.30.0.max.-1.0.units.MeV,False,min.30.0.max.-1.0.units.MeV,./model/SEPVAL2023_Europe/iPATH/jsons/ZEUS+iPATH_CME_differential.2022-03-28T145220Z.2023-08-29T090711Z.json,2022-03-28 14:52:20,2022-03-31 13:52:20,False,6.772398,2022-03-28 14:55:00,1 / (cm2 s sr),0.5799398997132791,1 / (cm2 s sr)
41,ZEUS+iPATH_CME,min.30.0.max.-1.0.units.MeV,False,min.30.0.max.-1.0.units.MeV,./model/SEPVAL2023_Europe/iPATH/jsons/ZEUS+iPATH_CME_differential.2022-04-02T152920Z.2023-08-29T090713Z.json,2022-04-02 15:29:20,2022-04-05 14:29:20,False,8.365042,2022-04-02 15:30:00,1 / (cm2 s sr),2116.8452566236256,1 / (cm2 s sr)
42,ZEUS+iPATH_CME,min.30.0.max.-1.0.units.MeV,False,min.30.0.max.-1.0.units.MeV,./model/SEPVAL2023_Europe/iPATH/jsons/ZEUS+iPATH_CME_differential.2022-04-17T060140Z.2023-08-29T085912Z.json,2022-04-17 06:01:40,2022-04-20 05:01:40,False,0.518043,2022-04-18 00:10:00,1 / (cm2 s sr),0.044718811612840685,1 / (cm2 s sr)
43,ZEUS+iPATH_CME,min.30.0.max.-1.0.units.MeV,False,min.30.0.max.-1.0.units.MeV,./model/SEPVAL2023_Europe/iPATH/jsons/ZEUS+iPATH_CME_differential.2022-04-20T062420Z.2023-08-29T085915Z.json,2022-04-20 06:24:20,2022-04-23 05:24:20,False,0.53539,2022-04-20 23:00:00,1 / (cm2 s sr),0.07748509562363742,1 / (cm2 s sr)
44,ZEUS+iPATH_CME,min.30.0.max.-1.0.units.MeV,False,min.30.0.max.-1.0.units.MeV,./model/SEPVAL2023_Europe/iPATH/jsons/ZEUS+iPATH_CME_differential.2022-04-29T092300Z.2023-08-29T085917Z.json,2022-04-29 09:23:00,2022-05-02 08:23:00,False,0.559359,2022-04-30 23:30:00,1 / (cm2 s sr),1403.0640047224724,1 / (cm2 s sr)
45,ZEUS+iPATH_CME,min.30.0.max.-1.0.units.MeV,False,min.30.0.max.-1.0.units.MeV,./model/SEPVAL2023_Europe/iPATH/jsons/ZEUS+iPATH_CME_differential.2022-05-25T205020Z.2023-08-29T085920Z.json,2022-05-25 20:50:20,2022-05-28 19:50:20,False,0.501357,2022-05-27 02:05:00,1 / (cm2 s sr),0.6140289150846517,1 / (cm2 s sr)
46,ZEUS+iPATH_CME,min.30.0.max.-1.0.units.MeV,False,min.30.0.max.-1.0.units.MeV,./model/SEPVAL2023_Europe/iPATH/jsons/ZEUS+iPATH_CME_differential.2022-08-17T172400Z.2023-08-29T085922Z.json,2022-08-17 17:24:00,2022-08-20 16:24:00,False,0.426689,2022-08-19 22:35:00,1 / (cm2 s sr),119.95236933863548,1 / (cm2 s sr)
47,ZEUS+iPATH_CME,min.30.0.max.-1.0.units.MeV,False,min.30.0.max.-1.0.units.MeV,./model/SEPVAL2023_Europe/iPATH/jsons/ZEUS+iPATH_CME_differential.2022-08-18T130320Z.2023-08-29T085925Z.json,2022-08-18 13:03:20,2022-08-21 12:03:20,False,0.426689,2022-08-19 22:35:00,1 / (cm2 s sr),88.27516229534805,1 / (cm2 s sr)
48,ZEUS+iPATH_CME,min.30.0.max.-1.0.units.MeV,False,min.30.0.max.-1.0.units.MeV,./model/SEPVAL2023_Europe/iPATH/jsons/ZEUS+iPATH_CME_differential.2022-08-19T085920Z.2023-08-29T085928Z.json,2022-08-19 08:59:20,2022-08-22 07:59:20,False,0.426689,2022-08-19 22:35:00,1 / (cm2 s sr),110.70952000566858,1 / (cm2 s sr)
49,ZEUS+iPATH_CME,min.30.0.max.-1.0.units.MeV,False,min.30.0.max.-1.0.units.MeV,./model/SEPVAL2023_Europe/iPATH/jsons/ZEUS+iPATH_CME_differential.2022-08-27T041420Z.2023-08-29T090716Z.json,2022-08-27 04:14:20,2022-08-30 03:14:20,True,1.348694,2022-08-27 13:50:00,1 / (cm2 s sr),939.2400020789692,1 / (cm2 s sr)
50,ZEUS+iPATH_CME,min.30.0.max.-1.0.units.MeV,False,min.30.0.max.-1.0.units.MeV,./model/SEPVAL2023_Europe/iPATH/jsons/ZEUS+iPATH_CME_differential.2022-08-29T192320Z.2023-08-29T085930Z.json,2022-08-29 19:23:20,2022-09-01 18:23:20,False,0.417682,2022-08-31 03:40:00,1 / (cm2 s sr),0.005711870800304532,1 / (cm2 s sr)
51,ZEUS+iPATH_CME,min.30.0.max.-1.0.units.MeV,False,min.30.0.max.-1.0.units.MeV,./model/SEPVAL2023_Europe/iPATH/jsons/ZEUS+iPATH_CME_differential.2022-08-30T201440Z.2023-08-29T085933Z.json,2022-08-30 20:14:40,2022-09-02 19:14:40,False,0.417682,2022-08-31 03:40:00,1 / (cm2 s sr),0.5570987524520598,1 / (cm2 s sr)
52,ZEUS+iPATH_CME,min.30.0.max.-1.0.units.MeV,False,min.30.0.max.-1.0.units.MeV,./model/SEPVAL2023_Europe/iPATH/jsons/ZEUS+iPATH_CME_differential.2022-12-01T093920Z.2023-08-29T085936Z.json,2022-12-01 09:39:20,2022-12-04 08:39:20,False,0.423743,2022-12-03 07:05:00,1 / (cm2 s sr),567.5029697110881,1 / (cm2 s sr)
53,ZEUS+iPATH_CME,min.30.0.max.-1.0.units.MeV,False,min.30.0.max.-1.0.units.MeV,./model/SEPVAL2023_Europe/iPATH/jsons/ZEUS+iPATH_CME_differential.2023-02-25T215300Z.2023-08-29T090719Z.json,2023-02-25 21:53:00,2023-02-28 20:53:00,True,7.749011,2023-02-25 22:10:00,1 / (cm2 s sr),348.6260975357768,1 / (cm2 s sr)
54,ZEUS+iPATH_CME,min.30.0.max.-1.0.units.MeV,False,min.30.0.max.-1.0.units.MeV,./model/SEPVAL2023_Europe/iPATH/jsons/ZEUS+iPATH_CME_differential.2023-03-04T181100Z.2023-08-29T085938Z.json,2023-03-04 18:11:00,2023-03-07 17:11:00,False,0.323361,2023-03-07 03:40:00,1 / (cm2 s sr),40.45929759592201,1 / (cm2 s sr)
55,ZEUS+iPATH_CME,min.30.0.max.-1.0.units.MeV,False,min.30.0.max.-1.0.units.MeV,./model/SEPVAL2023_Europe/iPATH/jsons/ZEUS+iPATH_CME_differential.2023-03-06T051700Z.2023-08-29T085941Z.json,2023-03-06 05:17:00,2023-03-09 04:17:00,False,0.355472,2023-03-08 15:50:00,1 / (cm2 s sr),128.0938374980365,1 / (cm2 s sr)
