,Model,Energy Channel Key,Mismatch Allowed,Prediction Energy Channel Key,Forecast Source,Prediction Window Start,Prediction Window End,Observed SEP in Prediction Window,Observed Max Flux in Prediction Window,Observed Max Flux Time,Observed Max Flux Units,Predicted SEP Peak Intensity Max (Max Flux),Predicted SEP Peak Intensity Max (Max Flux) Units
0,SEPMOD,min.50.0.max.-1.0.units.MeV,False,min.50.0.max.-1.0.units.MeV,model/SEPVAL2023_Europe/ENLIL+SEPMOD/jsons/SEPMOD_integral.2011-03-07T003000Z.json,2011-03-07 00:30:00,2011-03-13 23:30:00,False,1.0498,2011-03-08 08:55:00,1 / (cm2 s sr),10.21,1 / (cm2 s sr)
1,SEPMOD,min.50.0.max.-1.0.units.MeV,False,min.50.0.max.-1.0.units.MeV,model/SEPVAL2023_Europe/ENLIL+SEPMOD/jsons/SEPMOD_integral.2011-05-09T003000Z.json,2011-05-09 00:30:00,2011-05-15 23:30:00,False,0.19597,2011-05-11 17:45:00,1 / (cm2 s sr),5.194e-06,1 / (cm2 s sr)
2,SEPMOD,min.50.0.max.-1.0.units.MeV,False,min.50.0.max.-1.0.units.MeV,model/SEPVAL2023_Europe/ENLIL+SEPMOD/jsons/SEPMOD_integral.2011-06-07T003000Z.json,2011-06-07 00:30:00,2011-06-13 23:30:00,True,14.403,2011-06-07 10:25:00,1 / (cm2 s sr),1.307,1 / (cm2 s sr)
3,SEPMOD,min.50.0.max.-1.0.units.MeV,False,min.50.0.max.-1.0.units.MeV,model/SEPVAL2023_Europe/ENLIL+SEPMOD/jsons/SEPMOD_integral.2011-08-04T003000Z.json,2011-08-04 00:30:00,2011-08-10 23:30:00,True,8.4293,2011-08-04 08:05:00,1 / (cm2 s sr),27.9,1 / (cm2 s sr)
5,SEPMOD,min.50.0.max.-1.0.units.MeV,False,min.50.0.max.-1.0.units.MeV,model/SEPVAL2023_Europe/ENLIL+SEPMOD/jsons/SEPMOD_integral.2012-01-23T003000Z.json,2012-01-23 00:30:00,2012-01-29 23:30:00,True,76.18,2012-01-23 15:30:00,1 / (cm2 s sr),3.463,1 / (cm2 s sr)
6,SEPMOD,min.50.0.max.-1.0.units.MeV,False,min.50.0.max.-1.0.units.MeV,model/SEPVAL2023_Europe/ENLIL+SEPMOD/jsons/SEPMOD_integral.2012-01-27T003000Z.json,2012-01-27 00:30:00,2012-02-02 23:30:00,True,47.197,2012-01-28 01:00:00,1 / (cm2 s sr),2.769,1 / (cm2 s sr)
7,SEPMOD,min.50.0.max.-1.0.units.MeV,False,min.50.0.max.-1.0.units.MeV,model/SEPVAL2023_Europe/ENLIL+SEPMOD/jsons/SEPMOD_integral.2012-03-04T003000Z.json,2012-03-04 00:30:00,2012-03-10 23:40:00,False,299.6,2012-03-07 15:25:00,1 / (cm2 s sr),0.2556,1 / (cm2 s sr)
8,SEPMOD,min.50.0.max.-1.0.units.MeV,False,min.50.0.max.-1.0.units.MeV,model/SEPVAL2023_Europe/ENLIL+SEPMOD/jsons/SEPMOD_integral.2012-03-05T003000Z.json,2012-03-05 00:30:00,2012-03-11 23:30:00,False,299.6,2012-03-07 15:25:00,1 / (cm2 s sr),0.00674,1 / (cm2 s sr)
9,SEPMOD,min.50.0.max.-1.0.units.MeV,False,min.50.0.max.-1.0.units.MeV,model/SEPVAL2023_Europe/ENLIL+SEPMOD/jsons/SEPMOD_integral.2012-03-07T003000Z.json,2012-03-07 00:30:00,2012-03-13 23:30:00,True,299.6,2012-03-07 15:25:00,1 / (cm2 s sr),0.5396,1 / (cm2 s sr)
10,SEPMOD,min.50.0.max.-1.0.units.MeV,False,min.50.0.max.-1.0.units.MeV,model/SEPVAL2023_Europe/ENLIL+SEPMOD/jsons/SEPMOD_integral.2012-03-13T003000Z.json,2012-03-13 00:30:00,2012-03-19 23:30:00,True,17.867,2012-03-13 19:10:00,1 / (cm2 s sr),84.93,1 / (cm2 s sr)
11,SEPMOD,min.50.0.max.-1.0.units.MeV,False,min.50.0.max.-1.0.units.MeV,model/SEPVAL2023_Europe/ENLIL+SEPMOD/jsons/SEPMOD_integral.2012-05-17T003000Z.json,2012-05-17 00:30:00,2012-05-23 23:30:00,True,78.292,2012-05-17 03:00:00,1 / (cm2 s sr),1.339,1 / (cm2 s sr)
12,SEPMOD,min.50.0.max.-1.0.units.MeV,False,min.50.0.max.-1.0.units.MeV,model/SEPVAL2023_Europe/ENLIL+SEPMOD/jsons/SEPMOD_integral.2012-06-13T003000Z.json,2012-06-13 00:30:00,2012-06-19 23:30:00,False,0.22747,2012-06-16 14:50:00,1 / (cm2 s sr),0.01321,1 / (cm2 s sr)
13,SEPMOD,min.50.0.max.-1.0.units.MeV,False,min.50.0.max.-1.0.units.MeV,model/SEPVAL2023_Europe/ENLIL+SEPMOD/jsons/SEPMOD_integral.2012-06-29T003000Z.json,2012-06-29 00:30:00,2012-07-05 23:30:00,False,0.17419,2012-07-05 03:55:00,1 / (cm2 s sr),0.0003787,1 / (cm2 s sr)
15,SEPMOD,min.50.0.max.-1.0.units.MeV,False,min.50.0.max.-1.0.units.MeV,model/SEPVAL2023_Europe/ENLIL+SEPMOD/jsons/SEPMOD_integral.2012-07-12T003000Z.json,2012-07-12 00:30:00,2012-07-18 23:30:00,False,1.127,2012-07-18 04:45:00,1 / (cm2 s sr),0.02547,1 / (cm2 s sr)
16,SEPMOD,min.50.0.max.-1.0.units.MeV,False,min.50.0.max.-1.0.units.MeV,model/SEPVAL2023_Europe/ENLIL+SEPMOD/jsons/SEPMOD_integral.2012-09-28T003000Z.json,2012-09-28 00:30:00,2012-10-04 23:30:00,False,0.79263,2012-09-28 05:25:00,1 / (cm2 s sr),3.147,1 / (cm2 s sr)
17,SEPMOD,min.50.0.max.-1.0.units.MeV,False,min.50.0.max.-1.0.units.MeV,model/SEPVAL2023_Europe/ENLIL+SEPMOD/jsons/SEPMOD_integral.2013-04-11T003000Z.json,2013-04-11 00:30:00,2013-04-17 23:30:00,True,8.419,2013-04-11 14:10:00,1 / (cm2 s sr),0.002581,1 / (cm2 s sr)
18,SEPMOD,min.50.0.max.-1.0.units.MeV,False,min.50.0.max.-1.0.units.MeV,model/SEPVAL2023_Europe/ENLIL+SEPMOD/jsons/SEPMOD_integral.2013-05-22T003000Z.json,2013-05-22 00:30:00,2013-05-28 23:30:00,True,22.896,2013-05-22 23:10:00,1 / (cm2 s sr),74.2,1 / (cm2 s sr)
20,SEPMOD,min.50.0.max.-1.0.units.MeV,False,min.50.0.max.-1.0.units.MeV,model/SEPVAL2023_Europe/ENLIL+SEPMOD/jsons/SEPMOD_integral.2013-06-28T003000Z.json,2013-06-28 00:30:00,2013-07-04 23:30:00,False,0.16496,2013-07-04 01:25:00,1 / (cm2 s sr),0.01588,1 / (cm2 s sr)
21,SEPMOD,min.50.0.max.-1.0.units.MeV,False,min.50.0.max.-1.0.units.MeV,model/SEPVAL2023_Europe/ENLIL+SEPMOD/jsons/SEPMOD_integral.2013-09-29T003000Z.json,2013-09-29 00:30:00,2013-10-05 23:30:00,True,1.8281,2013-09-30 07:15:00,1 / (cm2 s sr),1.088,1 / (cm2 s sr)
22,SEPMOD,min.50.0.max.-1.0.units.MeV,False,min.50.0.max.-1.0.units.MeV,model/SEPVAL2023_Europe/ENLIL+SEPMOD/jsons/SEPMOD_integral.2014-01-06T003000Z.json,2014-01-06 00:30:00,2014-01-12 23:30:00,True,11.902,2014-01-06 10:25:00,1 / (cm2 s sr),0.03512,1 / (cm2 s sr)
23,SEPMOD,min.50.0.max.-1.0.units.MeV,False,min.50.0.max.-1.0.units.MeV,model/SEPVAL2023_Europe/ENLIL+SEPMOD/jsons/SEPMOD_integral.2014-01-07T003000Z.json,2014-01-07 00:30:00,2014-01-13 23:30:00,True,48.093,2014-01-08 06:00:00,1 / (cm2 s sr),0.04983,1 / (cm2 s sr)
24,SEPMOD,min.50.0.max.-1.0.units.MeV,False,min.50.0.max.-1.0.units.MeV,model/SEPVAL2023_Europe/ENLIL+SEPMOD/jsons/SEPMOD_integral.2014-02-25T003000Z.json,2014-02-25 00:30:00,2014-03-03 23:30:00,True,3.2721,2014-02-25 21:05:00,1 / (cm2 s sr),0.007029,1 / (cm2 s sr)
25,SEPMOD,min.50.0.max.-1.0.units.MeV,False,min.50.0.max.-1.0.units.MeV,model/SEPVAL2023_Europe/ENLIL+SEPMOD/jsons/SEPMOD_integral.2014-04-18T003000Z.json,2014-04-18 00:30:00,2014-04-24 23:30:00,True,2.2576,2014-04-18 15:40:00,1 / (cm2 s sr),1.017,1 / (cm2 s sr)
26,SEPMOD,min.50.0.max.-1.0.units.MeV,False,min.50.0.max.-1.0.units.MeV,model/SEPVAL2023_Europe/ENLIL+SEPMOD/jsons/SEPMOD_integral.2014-08-01T003000Z.json,2014-08-01 00:30:00,2014-08-07 23:30:00,False,0.15885,2014-08-05 09:55:00,1 / (cm2 s sr),0.0007259,1 / (cm2 s sr)
27,SEPMOD,min.50.0.max.-1.0.units.MeV,False,min.50.0.max.-1.0.units.MeV,model/SEPVAL2023_Europe/ENLIL+SEPMOD/jsons/SEPMOD_integral.2014-09-10T003000Z.json,2014-09-10 00:30:00,2014-09-16 23:30:00,True,4.4685,2014-09-11 04:25:00,1 / (cm2 s sr),1.626,1 / (cm2 s sr)
28,SEPMOD,min.50.0.max.-1.0.units.MeV,False,min.50.0.max.-1.0.units.MeV,model/SEPVAL2023_Europe/ENLIL+SEPMOD/jsons/SEPMOD_integral.2014-10-24T003000Z.json,2014-10-24 00:30:00,2014-10-30 23:30:00,False,0.14545,2014-10-30 05:55:00,1 / (cm2 s sr),1.147e-05,1 / (cm2 s sr)
29,SEPMOD,min.50.0.max.-1.0.units.MeV,False,min.50.0.max.-1.0.units.MeV,model/SEPVAL2023_Europe/ENLIL+SEPMOD/jsons/SEPMOD_integral.2014-11-06T003000Z.json,2014-11-06 00:30:00,2014-11-12 23:30:00,False,0.15557,2014-11-08 20:05:00,1 / (cm2 s sr),0.003984,1 / (cm2 s sr)
30,SEPMOD,min.50.0.max.-1.0.units.MeV,False,min.50.0.max.-1.0.units.MeV,model/SEPVAL2023_Europe/ENLIL+SEPMOD/jsons/SEPMOD_integral.2014-11-07T003000Z.json,2014-11-07 00:30:00,2014-11-13 23:30:00,False,0.15557,2014-11-08 20:05:00,1 / (cm2 s sr),0.009916,1 / (cm2 s sr)
31,SEPMOD,min.50.0.max.-1.0.units.MeV,False,min.50.0.max.-1.0.units.MeV,model/SEPVAL2023_Europe/ENLIL+SEPMOD/jsons/SEPMOD_integral.2014-12-17T003000Z.json,2014-12-17 00:30:00,2014-12-23 23:30:00,False,0.17779,2014-12-17 11:20:00,1 / (cm2 s sr),0.0005035,1 / (cm2 s sr)
32,SEPMOD,min.50.0.max.-1.0.units.MeV,False,min.50.0.max.-1.0.units.MeV,model/SEPVAL2023_Europe/ENLIL+SEPMOD/jsons/SEPMOD_integral.2015-03-09T003000Z.json,2015-03-09 00:30:00,2015-03-15 23:30:00,False,0.2236,2015-03-15 07:40:00,1 / (cm2 s sr),0.002124,1 / (cm2 s sr)
34,SEPMOD,min.50.0.max.-1.0.units.MeV,False,min.50.0.max.-1.0.units.MeV,model/SEPVAL2023_Europe/ENLIL+SEPMOD/jsons/SEPMOD_integral.2016-07-23T011500Z.json,2016-07-23 01:15:00,2016-07-29 22:15:00,False,0.198,2016-07-25 16:00:00,1 / (cm2 s sr),0.005547,1 / (cm2 s sr)
35,SEPMOD,min.50.0.max.-1.0.units.MeV,False,min.50.0.max.-1.0.units.MeV,model/SEPVAL2023_Europe/ENLIL+SEPMOD/jsons/SEPMOD_integral.2017-07-14T003000Z.json,2017-07-14 00:30:00,2017-07-20 23:30:00,False,0.39686,2017-07-14 21:45:00,1 / (cm2 s sr),0.003645,1 / (cm2 s sr)
36,SEPMOD,min.50.0.max.-1.0.units.MeV,False,min.50.0.max.-1.0.units.MeV,model/SEPVAL2023_Europe/ENLIL+SEPMOD/jsons/SEPMOD_integral.2017-09-04T003000Z.json,2017-09-04 00:30:00,2017-09-10 23:30:00,False,215.99,2017-09-10 22:20:00,1 / (cm2 s sr),0.01236,1 / (cm2 s sr)
37,SEPMOD,min.50.0.max.-1.0.units.MeV,False,min.50.0.max.-1.0.units.MeV,model/SEPVAL2023_Europe/ENLIL+SEPMOD/jsons/SEPMOD_integral.2017-09-06T003000Z.json,2017-09-06 00:30:00,2017-09-12 23:30:00,True,2.0236,2017-09-06 13:30:00,1 / (cm2 s sr),7.052,1 / (cm2 s sr)
38,SEPMOD,min.50.0.max.-1.0.units.MeV,False,min.50.0.max.-1.0.units.MeV,model/SEPVAL2023_Europe/ENLIL+SEPMOD/jsons/SEPMOD_integral.2021-05-29T003000Z.json,2021-05-29 00:30:00,2021-06-04 23:30:00,False,0.63503,2021-05-29 02:15:00,1 / (cm2 s sr),0.4201,1 / (cm2 s sr)
39,SEPMOD,min.50.0.max.-1.0.units.MeV,False,min.50.0.max.-1.0.units.MeV,model/SEPVAL2023_Europe/ENLIL+SEPMOD/jsons/SEPMOD_integral.2021-10-28T003000Z.json,2021-10-28 00:30:00,2021-11-03 23:30:00,True,12.404954,2021-10-28 18:20:00,1 / (cm2 s sr),1.238,1 / (cm2 s sr)
40,SEPMOD,min.50.0.max.-1.0.units.MeV,False,min.50.0.max.-1.0.units.MeV,model/SEPVAL2023_Europe/ENLIL+SEPMOD/jsons/SEPMOD_integral.2021-11-01T011500Z.json,2021-11-01 01:15:00,2021-11-07 22:15:00,False,0.78669,2021-11-01 05:40:00,1 / (cm2 s sr),0.05166,1 / (cm2 s sr)
41,SEPMOD,min.50.0.max.-1.0.units.MeV,False,min.50.0.max.-1.0.units.MeV,model/SEPVAL2023_Europe/ENLIL+SEPMOD/jsons/SEPMOD_integral.2021-11-02T011500Z.json,2021-11-02 01:15:00,2021-11-08 22:15:00,False,0.617359,2021-11-02 01:40:00,1 / (cm2 s sr),0.5639,1 / (cm2 s sr)
42,SEPMOD,min.50.0.max.-1.0.units.MeV,False,min.50.0.max.-1.0.units.MeV,model/SEPVAL2023_Europe/ENLIL+SEPMOD/jsons/SEPMOD_integral.2022-01-18T011500Z.json,2022-01-18 01:15:00,2022-01-24 22:15:00,False,3.890094,2022-01-20 10:40:00,1 / (cm2 s sr),0.1984,1 / (cm2 s sr)
44,SEPMOD,min.50.0.max.-1.0.units.MeV,False,min.50.0.max.-1.0.units.MeV,model/SEPVAL2023_Europe/ENLIL+SEPMOD/jsons/SEPMOD_integral.2022-03-28T003000Z.json,2022-03-28 00:30:00,2022-04-03 23:30:00,True,3.59307,2022-03-28 13:45:00,1 / (cm2 s sr),0.03494,1 / (cm2 s sr)
45,SEPMOD,min.50.0.max.-1.0.units.MeV,False,min.50.0.max.-1.0.units.MeV,model/SEPVAL2023_Europe/ENLIL+SEPMOD/jsons/SEPMOD_integral.2022-04-02T003126Z.json,2022-04-02 00:31:26,2022-04-08 23:30:00,True,3.308041,2022-04-02 15:20:00,1 / (cm2 s sr),2.811,1 / (cm2 s sr)
46,SEPMOD,min.50.0.max.-1.0.units.MeV,False,min.50.0.max.-1.0.units.MeV,model/SEPVAL2023_Europe/ENLIL+SEPMOD/jsons/SEPMOD_integral.2022-04-17T003000Z.json,2022-04-17 00:30:00,2022-04-23 23:30:00,False,0.53139,2022-04-20 23:00:00,1 / (cm2 s sr),0.007223,1 / (cm2 s sr)
48,SEPMOD,min.50.0.max.-1.0.units.MeV,False,min.50.0.max.-1.0.units.MeV,model/SEPVAL2023_Europe/ENLIL+SEPMOD/jsons/SEPMOD_integral.2022-04-29T003000Z.json,2022-04-29 00:30:00,2022-05-05 23:30:00,False,0.54102,2022-04-30 03:05:00,1 / (cm2 s sr),12.41,1 / (cm2 s sr)
49,SEPMOD,min.50.0.max.-1.0.units.MeV,False,min.50.0.max.-1.0.units.MeV,model/SEPVAL2023_Europe/ENLIL+SEPMOD/jsons/SEPMOD_integral.2022-05-25T003000Z.json,2022-05-25 00:30:00,2022-05-31 23:30:00,False,0.499357,2022-05-27 02:05:00,1 / (cm2 s sr),0.006883,1 / (cm2 s sr)
50,SEPMOD,min.50.0.max.-1.0.units.MeV,False,min.50.0.max.-1.0.units.MeV,model/SEPVAL2023_Europe/ENLIL+SEPMOD/jsons/SEPMOD_integral.2022-08-17T003000Z.json,2022-08-17 00:30:00,2022-08-23 23:30:00,False,0.409065,2022-08-19 17:40:00,1 / (cm2 s sr),0.03276,1 / (cm2 s sr)
51,SEPMOD,min.50.0.max.-1.0.units.MeV,False,min.50.0.max.-1.0.units.MeV,model/SEPVAL2023_Europe/ENLIL+SEPMOD/jsons/SEPMOD_integral.2022-08-18T003000Z.json,2022-08-18 00:30:00,2022-08-24 23:30:00,False,0.409065,2022-08-19 17:40:00,1 / (cm2 s sr),0.01214,1 / (cm2 s sr)
52,SEPMOD,min.50.0.max.-1.0.units.MeV,False,min.50.0.max.-1.0.units.MeV,model/SEPVAL2023_Europe/ENLIL+SEPMOD/jsons/SEPMOD_integral.2022-08-19T003000Z.json,2022-08-19 00:30:00,2022-08-25 23:30:00,False,0.409065,2022-08-19 17:40:00,1 / (cm2 s sr),0.4177,1 / (cm2 s sr)
53,SEPMOD,min.50.0.max.-1.0.units.MeV,False,min.50.0.max.-1.0.units.MeV,model/SEPVAL2023_Europe/ENLIL+SEPMOD/jsons/SEPMOD_integral.2022-08-27T003000Z.json,2022-08-27 00:30:00,2022-09-02 23:30:00,False,0.480695,2022-08-27 13:50:00,1 / (cm2 s sr),0.7221,1 / (cm2 s sr)
56,SEPMOD,min.50.0.max.-1.0.units.MeV,False,min.50.0.max.-1.0.units.MeV,model/SEPVAL2023_Europe/ENLIL+SEPMOD/jsons/SEPMOD_integral.2022-12-01T003000Z.json,2022-12-01 00:30:00,2022-12-07 23:30:00,False,0.437371,2022-12-07 13:30:00,1 / (cm2 s sr),2.092,1 / (cm2 s sr)
57,SEPMOD,min.50.0.max.-1.0.units.MeV,False,min.50.0.max.-1.0.units.MeV,model/SEPVAL2023_Europe/ENLIL+SEPMOD/jsons/SEPMOD_integral.2023-02-25T003000Z.json,2023-02-25 00:30:00,2023-03-03 23:30:00,True,1.936013,2023-02-25 22:05:00,1 / (cm2 s sr),0.4385,1 / (cm2 s sr)
59,SEPMOD,min.50.0.max.-1.0.units.MeV,False,min.50.0.max.-1.0.units.MeV,model/SEPVAL2023_Europe/ENLIL+SEPMOD/jsons/SEPMOD_integral.2023-03-06T003000Z.json,2023-03-06 00:30:00,2023-03-12 23:30:00,False,0.342472,2023-03-08 15:50:00,1 / (cm2 s sr),0.01167,1 / (cm2 s sr)
