,Model,Energy Channel Key,Mismatch Allowed,Prediction Energy Channel Key,Forecast Source,Prediction Window Start,Prediction Window End,Observed SEP in Prediction Window,Observed Max Flux in Prediction Window,Observed Max Flux Time,Observed Max Flux Units,Predicted SEP Peak Intensity (Onset Peak),Predicted SEP Peak Intensity (Onset Peak) Units
0,SAWS-ASPECS flare + CME_SOHO 90%,min.10.0.max.-1.0.units.MeV,False,min.10.0.max.-1.0.units.MeV,model/SEPVAL2023_Europe/ASPECS/aspecs_jsons/2023/10/31/flare_cme_soho_electrons/SAWS_ASPECS_flare_CME_SOHO_90.2011-03-07T201500Z.2011-03-07T194300Z.json,2011-03-07 20:15:00,2011-03-10 01:45:00,True,50.386,2011-03-08 08:00:00,1 / (cm2 s sr),0.17359,1 / (cm2 s sr)
1,SAWS-ASPECS flare + CME_SOHO 90%,min.10.0.max.-1.0.units.MeV,False,min.10.0.max.-1.0.units.MeV,model/SEPVAL2023_Europe/ASPECS/aspecs_jsons/2023/10/31/flare_cme_soho_electrons/SAWS_ASPECS_flare_CME_SOHO_90.2011-05-09T211500Z.2011-05-09T204200Z.json,2011-05-09 21:15:00,2011-05-12 02:45:00,False,0.72073,2011-05-11 06:50:00,1 / (cm2 s sr),0.17024,1 / (cm2 s sr)
2,SAWS-ASPECS flare + CME_SOHO 90%,min.10.0.max.-1.0.units.MeV,False,min.10.0.max.-1.0.units.MeV,model/SEPVAL2023_Europe/ASPECS/aspecs_jsons/2023/10/31/flare_cme_soho_electrons/SAWS_ASPECS_flare_CME_SOHO_90.2011-06-07T065000Z.2011-06-07T061600Z.json,2011-06-07 06:50:00,2011-06-09 12:20:00,True,72.866,2011-06-07 18:20:00,1 / (cm2 s sr),2.7109,1 / (cm2 s sr)
3,SAWS-ASPECS flare + CME_SOHO 90%,min.10.0.max.-1.0.units.MeV,False,min.10.0.max.-1.0.units.MeV,model/SEPVAL2023_Europe/ASPECS/aspecs_jsons/2023/10/31/flare_cme_soho_electrons/SAWS_ASPECS_flare_CME_SOHO_90.2011-08-04T041500Z.2011-08-04T034100Z.json,2011-08-04 04:15:00,2011-08-06 09:45:00,True,96.379,2011-08-05 21:50:00,1 / (cm2 s sr),4841.8,1 / (cm2 s sr)
4,SAWS-ASPECS flare + CME_SOHO 90%,min.10.0.max.-1.0.units.MeV,False,min.10.0.max.-1.0.units.MeV,model/SEPVAL2023_Europe/ASPECS/aspecs_jsons/2023/10/31/flare_cme_soho_electrons/SAWS_ASPECS_flare_CME_SOHO_90.2011-08-09T082000Z.2011-08-09T074800Z.json,2011-08-09 08:20:00,2011-08-11 13:50:00,True,26.919,2011-08-09 12:10:00,1 / (cm2 s sr),18862.0,1 / (cm2 s sr)
5,SAWS-ASPECS flare + CME_SOHO 90%,min.10.0.max.-1.0.units.MeV,False,min.10.0.max.-1.0.units.MeV,model/SEPVAL2023_Europe/ASPECS/aspecs_jsons/2023/10/31/flare_cme_soho_electrons/SAWS_ASPECS_flare_CME_SOHO_90.2012-01-23T041000Z.2012-01-23T033800Z.json,2012-01-23 04:10:00,2012-01-25 09:40:00,True,6314.1,2012-01-24 15:30:00,1 / (cm2 s sr),4641.0,1 / (cm2 s sr)
6,SAWS-ASPECS flare + CME_SOHO 90%,min.10.0.max.-1.0.units.MeV,False,min.10.0.max.-1.0.units.MeV,model/SEPVAL2023_Europe/ASPECS/aspecs_jsons/2023/10/31/flare_cme_soho_electrons/SAWS_ASPECS_flare_CME_SOHO_90.2012-01-27T181000Z.2012-01-27T173700Z.json,2012-01-27 18:10:00,2012-01-29 23:40:00,True,795.55,2012-01-28 02:05:00,1 / (cm2 s sr),11833.0,1 / (cm2 s sr)
7,SAWS-ASPECS flare + CME_SOHO 90%,min.10.0.max.-1.0.units.MeV,False,min.10.0.max.-1.0.units.MeV,model/SEPVAL2023_Europe/ASPECS/aspecs_jsons/2023/10/31/flare_cme_soho_electrons/SAWS_ASPECS_flare_CME_SOHO_90.2012-03-04T220000Z.2012-03-04T102900Z.json,2012-03-04 22:00:00,2012-03-07 03:30:00,False,4.1045,2012-03-07 03:25:00,1 / (cm2 s sr),0.31289,1 / (cm2 s sr)
8,SAWS-ASPECS flare + CME_SOHO 90%,min.10.0.max.-1.0.units.MeV,False,min.10.0.max.-1.0.units.MeV,model/SEPVAL2023_Europe/ASPECS/aspecs_jsons/2023/10/31/flare_cme_soho_electrons/SAWS_ASPECS_flare_CME_SOHO_90.2012-03-05T040000Z.2012-03-05T033000Z.json,2012-03-05 04:00:00,2012-03-07 09:30:00,False,75.142,2012-03-07 09:05:00,1 / (cm2 s sr),0.9216,1 / (cm2 s sr)
9,SAWS-ASPECS flare + CME_SOHO 90%,min.10.0.max.-1.0.units.MeV,False,min.10.0.max.-1.0.units.MeV,model/SEPVAL2023_Europe/ASPECS/aspecs_jsons/2023/10/31/flare_cme_soho_electrons/SAWS_ASPECS_flare_CME_SOHO_90.2012-03-07T013500Z.2012-03-07T010500Z.json,2012-03-07 01:35:00,2012-03-09 07:05:00,True,6529.8,2012-03-08 11:15:00,1 / (cm2 s sr),5184.8,1 / (cm2 s sr)
10,SAWS-ASPECS flare + CME_SOHO 90%,min.10.0.max.-1.0.units.MeV,False,min.10.0.max.-1.0.units.MeV,model/SEPVAL2023_Europe/ASPECS/aspecs_jsons/2023/10/31/flare_cme_soho_electrons/SAWS_ASPECS_flare_CME_SOHO_90.2012-03-13T165500Z.2012-03-13T162100Z.json,2012-03-13 16:55:00,2012-03-15 22:25:00,True,468.77,2012-03-13 20:45:00,1 / (cm2 s sr),4322.1,1 / (cm2 s sr)
11,SAWS-ASPECS flare + CME_SOHO 90%,min.10.0.max.-1.0.units.MeV,False,min.10.0.max.-1.0.units.MeV,model/SEPVAL2023_Europe/ASPECS/aspecs_jsons/2023/10/31/flare_cme_soho_electrons/SAWS_ASPECS_flare_CME_SOHO_90.2012-05-17T015500Z.2012-05-17T012500Z.json,2012-05-17 01:55:00,2012-05-19 07:25:00,True,255.44,2012-05-17 04:30:00,1 / (cm2 s sr),395.98,1 / (cm2 s sr)
12,SAWS-ASPECS flare + CME_SOHO 90%,min.10.0.max.-1.0.units.MeV,False,min.10.0.max.-1.0.units.MeV,model/SEPVAL2023_Europe/ASPECS/aspecs_jsons/2023/10/31/flare_cme_soho_electrons/SAWS_ASPECS_flare_CME_SOHO_90.2012-06-13T120000Z.2012-06-13T112900Z.json,2012-06-13 12:00:00,2012-06-15 17:30:00,False,0.95527,2012-06-15 09:55:00,1 / (cm2 s sr),0.17124,1 / (cm2 s sr)
13,SAWS-ASPECS flare + CME_SOHO 90%,min.10.0.max.-1.0.units.MeV,False,min.10.0.max.-1.0.units.MeV,model/SEPVAL2023_Europe/ASPECS/aspecs_jsons/2023/10/31/flare_cme_soho_electrons/SAWS_ASPECS_flare_CME_SOHO_90.2012-06-29T094500Z.2012-06-29T091300Z.json,2012-06-29 09:45:00,2012-07-01 15:15:00,False,0.39366,2012-06-29 23:00:00,1 / (cm2 s sr),0.15255,1 / (cm2 s sr)
14,SAWS-ASPECS flare + CME_SOHO 90%,min.10.0.max.-1.0.units.MeV,False,min.10.0.max.-1.0.units.MeV,model/SEPVAL2023_Europe/ASPECS/aspecs_jsons/2023/10/31/flare_cme_soho_electrons/SAWS_ASPECS_flare_CME_SOHO_90.2012-07-06T233500Z.2012-07-06T230100Z.json,2012-07-06 23:35:00,2012-07-09 05:05:00,True,25.241,2012-07-07 07:45:00,1 / (cm2 s sr),10989.0,1 / (cm2 s sr)
15,SAWS-ASPECS flare + CME_SOHO 90%,min.10.0.max.-1.0.units.MeV,False,min.10.0.max.-1.0.units.MeV,model/SEPVAL2023_Europe/ASPECS/aspecs_jsons/2023/10/31/flare_cme_soho_electrons/SAWS_ASPECS_flare_CME_SOHO_90.2012-07-12T161000Z.2012-07-12T153700Z.json,2012-07-12 16:10:00,2012-07-14 21:40:00,True,96.08,2012-07-12 22:25:00,1 / (cm2 s sr),5179.1,1 / (cm2 s sr)
16,SAWS-ASPECS flare + CME_SOHO 90%,min.10.0.max.-1.0.units.MeV,False,min.10.0.max.-1.0.units.MeV,model/SEPVAL2023_Europe/ASPECS/aspecs_jsons/2023/10/31/flare_cme_soho_electrons/SAWS_ASPECS_flare_CME_SOHO_90.2012-09-28T001000Z.2012-09-27T233600Z.json,2012-09-28 00:10:00,2012-09-30 05:40:00,True,28.431,2012-09-28 04:45:00,1 / (cm2 s sr),0.30759,1 / (cm2 s sr)
17,SAWS-ASPECS flare + CME_SOHO 90%,min.10.0.max.-1.0.units.MeV,False,min.10.0.max.-1.0.units.MeV,model/SEPVAL2023_Europe/ASPECS/aspecs_jsons/2023/10/31/flare_cme_soho_electrons/SAWS_ASPECS_flare_CME_SOHO_90.2013-04-11T072500Z.2013-04-11T065500Z.json,2013-04-11 07:25:00,2013-04-13 12:55:00,True,113.55,2013-04-11 16:45:00,1 / (cm2 s sr),2951.8,1 / (cm2 s sr)
18,SAWS-ASPECS flare + CME_SOHO 90%,min.10.0.max.-1.0.units.MeV,False,min.10.0.max.-1.0.units.MeV,model/SEPVAL2023_Europe/ASPECS/aspecs_jsons/2023/10/31/flare_cme_soho_electrons/SAWS_ASPECS_flare_CME_SOHO_90.2013-05-22T130000Z.2013-05-22T123000Z.json,2013-05-22 13:00:00,2013-05-24 18:30:00,True,1655.4,2013-05-23 06:50:00,1 / (cm2 s sr),381.81,1 / (cm2 s sr)
19,SAWS-ASPECS flare + CME_SOHO 90%,min.10.0.max.-1.0.units.MeV,False,min.10.0.max.-1.0.units.MeV,model/SEPVAL2023_Europe/ASPECS/aspecs_jsons/2023/10/31/flare_cme_soho_electrons/SAWS_ASPECS_flare_CME_SOHO_90.2013-06-07T230500Z.2013-06-07T223200Z.json,2013-06-07 23:05:00,2013-06-10 04:35:00,False,0.36732,2013-06-08 14:10:00,1 / (cm2 s sr),0.14952,1 / (cm2 s sr)
20,SAWS-ASPECS flare + CME_SOHO 90%,min.10.0.max.-1.0.units.MeV,False,min.10.0.max.-1.0.units.MeV,model/SEPVAL2023_Europe/ASPECS/aspecs_jsons/2023/10/31/flare_cme_soho_electrons/SAWS_ASPECS_flare_CME_SOHO_90.2013-06-28T034000Z.2013-06-28T013600Z.json,2013-06-28 03:40:00,2013-06-30 09:10:00,False,0.77015,2013-06-28 12:40:00,1 / (cm2 s sr),0.14407,1 / (cm2 s sr)
21,SAWS-ASPECS flare + CME_SOHO 90%,min.10.0.max.-1.0.units.MeV,False,min.10.0.max.-1.0.units.MeV,model/SEPVAL2023_Europe/ASPECS/aspecs_jsons/2023/10/31/flare_cme_soho_electrons/SAWS_ASPECS_flare_CME_SOHO_90.2013-09-29T221500Z.2013-09-29T214300Z.json,2013-09-29 22:15:00,2013-10-02 03:45:00,True,181.81,2013-09-30 20:05:00,1 / (cm2 s sr),0.14361,1 / (cm2 s sr)
22,SAWS-ASPECS flare + CME_SOHO 90%,min.10.0.max.-1.0.units.MeV,False,min.10.0.max.-1.0.units.MeV,model/SEPVAL2023_Europe/ASPECS/aspecs_jsons/2023/10/31/flare_cme_soho_electrons/SAWS_ASPECS_flare_CME_SOHO_90.2014-01-07T195000Z.2014-01-07T180400Z.json,2014-01-07 19:50:00,2014-01-10 00:49:00,True,1026.1,2014-01-09 03:40:00,1 / (cm2 s sr),4549.6,1 / (cm2 s sr)
23,SAWS-ASPECS flare + CME_SOHO 90%,min.10.0.max.-1.0.units.MeV,False,min.10.0.max.-1.0.units.MeV,model/SEPVAL2023_Europe/ASPECS/aspecs_jsons/2023/10/31/flare_cme_soho_electrons/SAWS_ASPECS_flare_CME_SOHO_90.2014-02-25T011500Z.2014-02-25T004100Z.json,2014-02-25 01:15:00,2014-02-27 06:45:00,False,28.844,2014-02-27 06:00:00,1 / (cm2 s sr),21057.0,1 / (cm2 s sr)
24,SAWS-ASPECS flare + CME_SOHO 90%,min.10.0.max.-1.0.units.MeV,False,min.10.0.max.-1.0.units.MeV,model/SEPVAL2023_Europe/ASPECS/aspecs_jsons/2023/10/31/flare_cme_soho_electrons/SAWS_ASPECS_flare_CME_SOHO_90.2014-04-18T130500Z.2014-04-18T123100Z.json,2014-04-18 13:05:00,2014-04-20 18:35:00,True,58.47,2014-04-19 01:05:00,1 / (cm2 s sr),4013.1,1 / (cm2 s sr)
25,SAWS-ASPECS flare + CME_SOHO 90%,min.10.0.max.-1.0.units.MeV,False,min.10.0.max.-1.0.units.MeV,model/SEPVAL2023_Europe/ASPECS/aspecs_jsons/2023/10/31/flare_cme_soho_electrons/SAWS_ASPECS_flare_CME_SOHO_90.2014-08-01T183000Z.2014-08-01T180000Z.json,2014-08-01 18:30:00,2014-08-04 00:00:00,False,0.32664,2014-08-03 17:00:00,1 / (cm2 s sr),0.16607,1 / (cm2 s sr)
26,SAWS-ASPECS flare + CME_SOHO 90%,min.10.0.max.-1.0.units.MeV,False,min.10.0.max.-1.0.units.MeV,model/SEPVAL2023_Europe/ASPECS/aspecs_jsons/2023/10/31/flare_cme_soho_electrons/SAWS_ASPECS_flare_CME_SOHO_90.2014-09-10T193000Z.2014-09-10T172100Z.json,2014-09-10 19:30:00,2014-09-13 00:00:00,True,126.09,2014-09-12 15:55:00,1 / (cm2 s sr),5574.5,1 / (cm2 s sr)
27,SAWS-ASPECS flare + CME_SOHO 90%,min.10.0.max.-1.0.units.MeV,False,min.10.0.max.-1.0.units.MeV,model/SEPVAL2023_Europe/ASPECS/aspecs_jsons/2023/10/31/flare_cme_soho_electrons/SAWS_ASPECS_flare_CME_SOHO_90.2014-10-24T081000Z.2014-10-24T073700Z.json,2014-10-24 08:10:00,2014-10-26 13:40:00,False,0.38794,2014-10-25 00:30:00,1 / (cm2 s sr),0.16969,1 / (cm2 s sr)
28,SAWS-ASPECS flare + CME_SOHO 90%,min.10.0.max.-1.0.units.MeV,False,min.10.0.max.-1.0.units.MeV,model/SEPVAL2023_Europe/ASPECS/aspecs_jsons/2023/10/31/flare_cme_soho_electrons/SAWS_ASPECS_flare_CME_SOHO_90.2014-11-06T040500Z.2014-11-06T033200Z.json,2014-11-06 04:05:00,2014-11-08 09:35:00,False,0.38437,2014-11-06 04:10:00,1 / (cm2 s sr),0.1614,1 / (cm2 s sr)
29,SAWS-ASPECS flare + CME_SOHO 90%,min.10.0.max.-1.0.units.MeV,False,min.10.0.max.-1.0.units.MeV,model/SEPVAL2023_Europe/ASPECS/aspecs_jsons/2023/10/31/flare_cme_soho_electrons/SAWS_ASPECS_flare_CME_SOHO_90.2014-11-07T172500Z.2014-11-07T165300Z.json,2014-11-07 17:25:00,2014-11-09 22:55:00,False,0.36676,2014-11-09 09:55:00,1 / (cm2 s sr),0.14729,1 / (cm2 s sr)
30,SAWS-ASPECS flare + CME_SOHO 90%,min.10.0.max.-1.0.units.MeV,False,min.10.0.max.-1.0.units.MeV,model/SEPVAL2023_Europe/ASPECS/aspecs_jsons/2023/10/31/flare_cme_soho_electrons/SAWS_ASPECS_flare_CME_SOHO_90.2014-12-17T045500Z.2014-12-17T042500Z.json,2014-12-17 04:55:00,2014-12-19 10:25:00,False,0.65437,2014-12-18 05:35:00,1 / (cm2 s sr),0.19099,1 / (cm2 s sr)
31,SAWS-ASPECS flare + CME_SOHO 90%,min.10.0.max.-1.0.units.MeV,False,min.10.0.max.-1.0.units.MeV,model/SEPVAL2023_Europe/ASPECS/aspecs_jsons/2023/10/31/flare_cme_soho_electrons/SAWS_ASPECS_flare_CME_SOHO_90.2014-12-18T221500Z.2014-12-18T214100Z.json,2014-12-18 22:15:00,2014-12-21 03:45:00,False,0.60442,2014-12-21 03:05:00,1 / (cm2 s sr),0.23678,1 / (cm2 s sr)
32,SAWS-ASPECS flare + CME_SOHO 90%,min.10.0.max.-1.0.units.MeV,False,min.10.0.max.-1.0.units.MeV,model/SEPVAL2023_Europe/ASPECS/aspecs_jsons/2023/10/31/flare_cme_soho_electrons/SAWS_ASPECS_flare_CME_SOHO_90.2015-03-10T000000Z.2015-03-09T232900Z.json,2015-03-10 00:00:00,2015-03-12 05:30:00,False,0.54818,2015-03-12 01:25:00,1 / (cm2 s sr),0.14414,1 / (cm2 s sr)
33,SAWS-ASPECS flare + CME_SOHO 90%,min.10.0.max.-1.0.units.MeV,False,min.10.0.max.-1.0.units.MeV,model/SEPVAL2023_Europe/ASPECS/aspecs_jsons/2023/10/31/flare_cme_soho_electrons/SAWS_ASPECS_flare_CME_SOHO_90.2016-07-23T053000Z.2016-07-23T050000Z.json,2016-07-23 05:30:00,2016-07-25 11:00:00,False,0.76933,2016-07-23 07:25:00,1 / (cm2 s sr),4168.1,1 / (cm2 s sr)
34,SAWS-ASPECS flare + CME_SOHO 90%,min.10.0.max.-1.0.units.MeV,False,min.10.0.max.-1.0.units.MeV,model/SEPVAL2023_Europe/ASPECS/aspecs_jsons/2023/10/31/flare_cme_soho_electrons/SAWS_ASPECS_flare_CME_SOHO_90.2017-07-14T014000Z.2017-07-14T010700Z.json,2017-07-14 01:40:00,2017-07-16 07:10:00,True,22.374,2017-07-14 23:20:00,1 / (cm2 s sr),0.20556,1 / (cm2 s sr)
35,SAWS-ASPECS flare + CME_SOHO 90%,min.10.0.max.-1.0.units.MeV,False,min.10.0.max.-1.0.units.MeV,model/SEPVAL2023_Europe/ASPECS/aspecs_jsons/2023/10/31/flare_cme_soho_electrons/SAWS_ASPECS_flare_CME_SOHO_90.2017-09-04T214000Z.2017-09-04T202800Z.json,2017-09-04 21:40:00,2017-09-07 03:10:00,True,210.19,2017-09-05 19:30:00,1 / (cm2 s sr),695.71,1 / (cm2 s sr)
36,SAWS-ASPECS flare + CME_SOHO 90%,min.10.0.max.-1.0.units.MeV,False,min.10.0.max.-1.0.units.MeV,model/SEPVAL2023_Europe/ASPECS/aspecs_jsons/2023/10/31/flare_cme_soho_electrons/SAWS_ASPECS_flare_CME_SOHO_90.2017-09-06T123000Z.2017-09-06T115300Z.json,2017-09-06 12:30:00,2017-09-08 18:00:00,False,844.38,2017-09-08 00:35:00,1 / (cm2 s sr),21652.0,1 / (cm2 s sr)
37,SAWS-ASPECS flare + CME_SOHO 90%,min.10.0.max.-1.0.units.MeV,False,min.10.0.max.-1.0.units.MeV,model/SEPVAL2023_Europe/ASPECS/aspecs_jsons/2023/10/31/flare_cme_soho_electrons/SAWS_ASPECS_flare_CME_SOHO_90.2017-09-10T160500Z.2017-09-10T153500Z.json,2017-09-10 16:05:00,2017-09-12 21:35:00,True,1493.5,2017-09-11 11:45:00,1 / (cm2 s sr),21619.0,1 / (cm2 s sr)
38,SAWS-ASPECS flare + CME_SOHO 90%,min.10.0.max.-1.0.units.MeV,False,min.10.0.max.-1.0.units.MeV,model/SEPVAL2023_Europe/ASPECS/aspecs_jsons/2023/10/31/flare_cme_soho_electrons/SAWS_ASPECS_flare_CME_SOHO_90.2021-05-28T225000Z.2021-05-28T221900Z.json,2021-05-28 22:50:00,2021-05-31 04:20:00,True,15.560695,2021-05-29 03:20:00,1 / (cm2 s sr),0.58527,1 / (cm2 s sr)
39,SAWS-ASPECS flare + CME_SOHO 90%,min.10.0.max.-1.0.units.MeV,False,min.10.0.max.-1.0.units.MeV,model/SEPVAL2023_Europe/ASPECS/aspecs_jsons/2023/10/31/flare_cme_soho_electrons/SAWS_ASPECS_flare_CME_SOHO_90.2021-10-28T155000Z.2021-10-28T151700Z.json,2021-10-28 15:50:00,2021-10-30 21:20:00,True,28.950766,2021-10-29 02:50:00,1 / (cm2 s sr),4621.8,1 / (cm2 s sr)
40,SAWS-ASPECS flare + CME_SOHO 90%,min.10.0.max.-1.0.units.MeV,False,min.10.0.max.-1.0.units.MeV,model/SEPVAL2023_Europe/ASPECS/aspecs_jsons/2023/10/31/flare_cme_soho_electrons/SAWS_ASPECS_flare_CME_SOHO_90.2021-11-01T013000Z.2021-11-01T005700Z.json,2021-11-01 01:30:00,2021-11-03 07:00:00,False,5.492021,2021-11-01 09:35:00,1 / (cm2 s sr),3.7532,1 / (cm2 s sr)
41,SAWS-ASPECS flare + CME_SOHO 90%,min.10.0.max.-1.0.units.MeV,False,min.10.0.max.-1.0.units.MeV,model/SEPVAL2023_Europe/ASPECS/aspecs_jsons/2023/10/31/flare_cme_soho_electrons/SAWS_ASPECS_flare_CME_SOHO_90.2021-11-02T023500Z.2021-11-02T020300Z.json,2021-11-02 02:35:00,2021-11-04 08:05:00,False,14.879697,2021-11-03 20:55:00,1 / (cm2 s sr),3.4059,1 / (cm2 s sr)
42,SAWS-ASPECS flare + CME_SOHO 90%,min.10.0.max.-1.0.units.MeV,False,min.10.0.max.-1.0.units.MeV,model/SEPVAL2023_Europe/ASPECS/aspecs_jsons/2023/10/31/flare_cme_soho_electrons/SAWS_ASPECS_flare_CME_SOHO_90.2022-01-18T173500Z.2022-01-18T170100Z.json,2022-01-18 17:35:00,2022-01-20 23:05:00,False,22.678768,2022-01-20 10:15:00,1 / (cm2 s sr),0.51048,1 / (cm2 s sr)
43,SAWS-ASPECS flare + CME_SOHO 90%,min.10.0.max.-1.0.units.MeV,False,min.10.0.max.-1.0.units.MeV,model/SEPVAL2023_Europe/ASPECS/aspecs_jsons/2023/10/31/flare_cme_soho_electrons/SAWS_ASPECS_flare_CME_SOHO_90.2022-01-20T061500Z.2022-01-20T054100Z.json,2022-01-20 06:15:00,2022-01-22 11:45:00,True,22.678768,2022-01-20 10:15:00,1 / (cm2 s sr),450.77,1 / (cm2 s sr)
44,SAWS-ASPECS flare + CME_SOHO 90%,min.10.0.max.-1.0.units.MeV,False,min.10.0.max.-1.0.units.MeV,model/SEPVAL2023_Europe/ASPECS/aspecs_jsons/2023/10/31/flare_cme_soho_electrons/SAWS_ASPECS_flare_CME_SOHO_90.2022-03-28T113000Z.2022-03-28T105800Z.json,2022-03-28 11:30:00,2022-03-30 17:00:00,True,18.683397,2022-03-28 14:50:00,1 / (cm2 s sr),0.44792,1 / (cm2 s sr)
45,SAWS-ASPECS flare + CME_SOHO 90%,min.10.0.max.-1.0.units.MeV,False,min.10.0.max.-1.0.units.MeV,model/SEPVAL2023_Europe/ASPECS/aspecs_jsons/2023/10/31/flare_cme_soho_electrons/SAWS_ASPECS_flare_CME_SOHO_90.2022-04-02T133000Z.2022-04-02T125600Z.json,2022-04-02 13:30:00,2022-04-04 19:00:00,True,32.182705,2022-04-02 16:00:00,1 / (cm2 s sr),0.58057,1 / (cm2 s sr)
46,SAWS-ASPECS flare + CME_SOHO 90%,min.10.0.max.-1.0.units.MeV,False,min.10.0.max.-1.0.units.MeV,model/SEPVAL2023_Europe/ASPECS/aspecs_jsons/2023/10/31/flare_cme_soho_electrons/SAWS_ASPECS_flare_CME_SOHO_90.2022-04-17T035000Z.2022-04-17T031700Z.json,2022-04-17 03:50:00,2022-04-19 09:20:00,False,0.648361,2022-04-18 02:45:00,1 / (cm2 s sr),4979.3,1 / (cm2 s sr)
47,SAWS-ASPECS flare + CME_SOHO 90%,min.10.0.max.-1.0.units.MeV,False,min.10.0.max.-1.0.units.MeV,model/SEPVAL2023_Europe/ASPECS/aspecs_jsons/2023/10/31/flare_cme_soho_electrons/SAWS_ASPECS_flare_CME_SOHO_90.2022-04-20T041500Z.2022-04-20T034100Z.json,2022-04-20 04:15:00,2022-04-22 09:45:00,False,0.689392,2022-04-20 23:05:00,1 / (cm2 s sr),11923.0,1 / (cm2 s sr)
48,SAWS-ASPECS flare + CME_SOHO 90%,min.10.0.max.-1.0.units.MeV,False,min.10.0.max.-1.0.units.MeV,model/SEPVAL2023_Europe/ASPECS/aspecs_jsons/2023/10/31/flare_cme_soho_electrons/SAWS_ASPECS_flare_CME_SOHO_90.2022-04-29T074500Z.2022-04-29T071500Z.json,2022-04-29 07:45:00,2022-05-01 13:15:00,False,4.21171,2022-04-29 21:45:00,1 / (cm2 s sr),0.46061,1 / (cm2 s sr)
49,SAWS-ASPECS flare + CME_SOHO 90%,min.10.0.max.-1.0.units.MeV,False,min.10.0.max.-1.0.units.MeV,model/SEPVAL2023_Europe/ASPECS/aspecs_jsons/2023/10/31/flare_cme_soho_electrons/SAWS_ASPECS_flare_CME_SOHO_90.2022-05-25T184500Z.2022-05-25T181200Z.json,2022-05-25 18:45:00,2022-05-28 00:15:00,False,0.649695,2022-05-25 19:05:00,1 / (cm2 s sr),0.45514,1 / (cm2 s sr)
50,SAWS-ASPECS flare + CME_SOHO 90%,min.10.0.max.-1.0.units.MeV,False,min.10.0.max.-1.0.units.MeV,model/SEPVAL2023_Europe/ASPECS/aspecs_jsons/2023/10/31/flare_cme_soho_electrons/SAWS_ASPECS_flare_CME_SOHO_90.2022-08-17T140000Z.2022-08-17T132600Z.json,2022-08-17 14:00:00,2022-08-19 19:30:00,False,0.566369,2022-08-19 11:30:00,1 / (cm2 s sr),0.36665,1 / (cm2 s sr)
51,SAWS-ASPECS flare + CME_SOHO 90%,min.10.0.max.-1.0.units.MeV,False,min.10.0.max.-1.0.units.MeV,model/SEPVAL2023_Europe/ASPECS/aspecs_jsons/2023/10/31/flare_cme_soho_electrons/SAWS_ASPECS_flare_CME_SOHO_90.2022-08-18T111000Z.2022-08-18T103700Z.json,2022-08-18 11:10:00,2022-08-20 16:40:00,False,0.566369,2022-08-19 11:30:00,1 / (cm2 s sr),0.36316,1 / (cm2 s sr)
52,SAWS-ASPECS flare + CME_SOHO 90%,min.10.0.max.-1.0.units.MeV,False,min.10.0.max.-1.0.units.MeV,model/SEPVAL2023_Europe/ASPECS/aspecs_jsons/2023/10/31/flare_cme_soho_electrons/SAWS_ASPECS_flare_CME_SOHO_90.2022-08-19T044500Z.2022-08-19T041400Z.json,2022-08-19 04:45:00,2022-08-21 10:15:00,False,0.566369,2022-08-19 11:30:00,1 / (cm2 s sr),0.40487,1 / (cm2 s sr)
53,SAWS-ASPECS flare + CME_SOHO 90%,min.10.0.max.-1.0.units.MeV,False,min.10.0.max.-1.0.units.MeV,model/SEPVAL2023_Europe/ASPECS/aspecs_jsons/2023/10/31/flare_cme_soho_electrons/SAWS_ASPECS_flare_CME_SOHO_90.2022-08-27T022500Z.2022-08-27T015200Z.json,2022-08-27 02:25:00,2022-08-29 07:55:00,True,27.487036,2022-08-27 12:20:00,1 / (cm2 s sr),308.3,1 / (cm2 s sr)
54,SAWS-ASPECS flare + CME_SOHO 90%,min.10.0.max.-1.0.units.MeV,False,min.10.0.max.-1.0.units.MeV,model/SEPVAL2023_Europe/ASPECS/aspecs_jsons/2023/10/31/flare_cme_soho_electrons/SAWS_ASPECS_flare_CME_SOHO_90.2022-08-29T164500Z.2022-08-29T161500Z.json,2022-08-29 16:45:00,2022-08-31 22:15:00,False,0.882014,2022-08-30 03:25:00,1 / (cm2 s sr),0.68404,1 / (cm2 s sr)
55,SAWS-ASPECS flare + CME_SOHO 90%,min.10.0.max.-1.0.units.MeV,False,min.10.0.max.-1.0.units.MeV,model/SEPVAL2023_Europe/ASPECS/aspecs_jsons/2023/10/31/flare_cme_soho_electrons/SAWS_ASPECS_flare_CME_SOHO_90.2022-08-30T183500Z.2022-08-30T180500Z.json,2022-08-30 18:35:00,2022-09-02 00:05:00,False,0.549013,2022-08-31 00:25:00,1 / (cm2 s sr),0.39721,1 / (cm2 s sr)
56,SAWS-ASPECS flare + CME_SOHO 90%,min.10.0.max.-1.0.units.MeV,False,min.10.0.max.-1.0.units.MeV,model/SEPVAL2023_Europe/ASPECS/aspecs_jsons/2023/10/31/flare_cme_soho_electrons/SAWS_ASPECS_flare_CME_SOHO_90.2022-12-01T073500Z.2022-12-01T070400Z.json,2022-12-01 07:35:00,2022-12-03 13:05:00,False,0.546049,2022-12-02 03:45:00,1 / (cm2 s sr),0.35788,1 / (cm2 s sr)
57,SAWS-ASPECS flare + CME_SOHO 90%,min.10.0.max.-1.0.units.MeV,False,min.10.0.max.-1.0.units.MeV,model/SEPVAL2023_Europe/ASPECS/aspecs_jsons/2023/10/31/flare_cme_soho_electrons/SAWS_ASPECS_flare_CME_SOHO_90.2023-02-25T191000Z.2023-02-25T184000Z.json,2023-02-25 19:10:00,2023-02-28 00:40:00,True,58.818619,2023-02-26 04:40:00,1 / (cm2 s sr),3360.9,1 / (cm2 s sr)
58,SAWS-ASPECS flare + CME_SOHO 90%,min.10.0.max.-1.0.units.MeV,False,min.10.0.max.-1.0.units.MeV,model/SEPVAL2023_Europe/ASPECS/aspecs_jsons/2023/10/31/flare_cme_soho_electrons/SAWS_ASPECS_flare_CME_SOHO_90.2023-03-04T155000Z.2023-03-04T151900Z.json,2023-03-04 15:50:00,2023-03-06 21:20:00,False,0.32713,2023-03-04 16:40:00,1 / (cm2 s sr),410.09,1 / (cm2 s sr)
59,SAWS-ASPECS flare + CME_SOHO 90%,min.10.0.max.-1.0.units.MeV,False,min.10.0.max.-1.0.units.MeV,model/SEPVAL2023_Europe/ASPECS/aspecs_jsons/2023/10/31/flare_cme_soho_electrons/SAWS_ASPECS_flare_CME_SOHO_90.2023-03-06T024000Z.2023-03-06T020800Z.json,2023-03-06 02:40:00,2023-03-08 08:10:00,False,0.342361,2023-03-07 03:40:00,1 / (cm2 s sr),429.41,1 / (cm2 s sr)
