,Model,Energy Channel Key,Mismatch Allowed,Prediction Energy Channel Key,Forecast Source,Prediction Window Start,Prediction Window End,Observed SEP in Prediction Window,Observed Max Flux in Prediction Window,Observed Max Flux Time,Observed Max Flux Units,Predicted SEP Peak Intensity (Onset Peak),Predicted SEP Peak Intensity (Onset Peak) Units
0,SEPSTER2D CME,min.100.0.max.-1.0.units.MeV,False,min.100.0.max.-1.0.units.MeV,model/SEPVAL2023_Europe/SEPSTER2D/jsons/sepster2D_20110307_2000_Parker_Spiral_2.5Rs_sep.json,2011-03-07 20:00:00,2011-03-07 23:23:00,False,0.10502,2011-03-07 23:00:00,1 / (cm2 s sr),7.199,1 / (cm2 s sr)
1,SEPSTER2D CME,min.100.0.max.-1.0.units.MeV,False,min.100.0.max.-1.0.units.MeV,model/SEPVAL2023_Europe/SEPSTER2D/jsons/sepster2D_20110509_2057_Parker_Spiral_2.5Rs_nosep.json,2011-05-09 20:57:00,2011-05-11 14:41:00,False,0.092982,2011-05-11 02:55:00,1 / (cm2 s sr),3.154e-06,1 / (cm2 s sr)
2,SEPSTER2D CME,min.100.0.max.-1.0.units.MeV,False,min.100.0.max.-1.0.units.MeV,model/SEPVAL2023_Europe/SEPSTER2D/jsons/sepster2D_20110804_0412_Parker_Spiral_2.5Rs_sep.json,2011-08-04 04:12:00,2011-08-04 07:54:00,True,1.7984,2011-08-04 07:40:00,1 / (cm2 s sr),8.577,1 / (cm2 s sr)
3,SEPSTER2D CME,min.100.0.max.-1.0.units.MeV,False,min.100.0.max.-1.0.units.MeV,model/SEPVAL2023_Europe/SEPSTER2D/jsons/sepster2D_20110809_0812_Parker_Spiral_2.5Rs_sep.json,2011-08-09 08:12:00,2011-08-09 11:26:00,True,2.6732,2011-08-09 08:55:00,1 / (cm2 s sr),0.2237,1 / (cm2 s sr)
4,SEPSTER2D CME,min.100.0.max.-1.0.units.MeV,False,min.100.0.max.-1.0.units.MeV,model/SEPVAL2023_Europe/SEPSTER2D/jsons/sepster2D_20120123_0400_Parker_Spiral_2.5Rs_sep.json,2012-01-23 04:00:00,2012-01-23 09:23:00,True,2.3859,2012-01-23 07:50:00,1 / (cm2 s sr),13.73,1 / (cm2 s sr)
5,SEPSTER2D CME,min.100.0.max.-1.0.units.MeV,False,min.100.0.max.-1.0.units.MeV,model/SEPVAL2023_Europe/SEPSTER2D/jsons/sepster2D_20120127_1827_Parker_Spiral_2.5Rs_sep.json,2012-01-27 18:27:00,2012-01-27 23:18:00,True,11.88,2012-01-27 21:40:00,1 / (cm2 s sr),4.488,1 / (cm2 s sr)
6,SEPSTER2D CME,min.100.0.max.-1.0.units.MeV,False,min.100.0.max.-1.0.units.MeV,model/SEPVAL2023_Europe/SEPSTER2D/jsons/sepster2D_20120304_1100_Parker_Spiral_2.5Rs_nosep.json,2012-03-04 11:00:00,2012-03-05 04:43:00,False,0.07737,2012-03-04 13:50:00,1 / (cm2 s sr),0.07382,1 / (cm2 s sr)
7,SEPSTER2D CME,min.100.0.max.-1.0.units.MeV,False,min.100.0.max.-1.0.units.MeV,model/SEPVAL2023_Europe/SEPSTER2D/jsons/sepster2D_20120305_0400_Parker_Spiral_2.5Rs_nosep.json,2012-03-05 04:00:00,2012-03-05 15:01:00,False,0.079851,2012-03-05 07:05:00,1 / (cm2 s sr),0.1048,1 / (cm2 s sr)
8,SEPSTER2D CME,min.100.0.max.-1.0.units.MeV,False,min.100.0.max.-1.0.units.MeV,model/SEPVAL2023_Europe/SEPSTER2D/jsons/sepster2D_20120307_0130_Parker_Spiral_2.5Rs_sep.json,2012-03-07 01:30:00,2012-03-07 14:06:00,False,54.459,2012-03-07 12:45:00,1 / (cm2 s sr),3.168,1 / (cm2 s sr)
9,SEPSTER2D CME,min.100.0.max.-1.0.units.MeV,False,min.100.0.max.-1.0.units.MeV,model/SEPVAL2023_Europe/SEPSTER2D/jsons/sepster2D_20120313_1736_Parker_Spiral_2.5Rs_sep.json,2012-03-13 17:36:00,2012-03-13 21:04:00,True,1.8856,2012-03-13 19:05:00,1 / (cm2 s sr),13.71,1 / (cm2 s sr)
10,SEPSTER2D CME,min.100.0.max.-1.0.units.MeV,False,min.100.0.max.-1.0.units.MeV,model/SEPVAL2023_Europe/SEPSTER2D/jsons/sepster2D_20120517_0148_Parker_Spiral_2.5Rs_sep.json,2012-05-17 01:48:00,2012-05-17 04:20:00,True,20.445,2012-05-17 02:30:00,1 / (cm2 s sr),0.4457,1 / (cm2 s sr)
11,SEPSTER2D CME,min.100.0.max.-1.0.units.MeV,False,min.100.0.max.-1.0.units.MeV,model/SEPVAL2023_Europe/SEPSTER2D/jsons/sepster2D_20120613_1400_Parker_Spiral_2.5Rs_nosep.json,2012-06-13 14:00:00,2012-06-13 22:27:00,False,0.075969,2012-06-13 22:00:00,1 / (cm2 s sr),0.001038,1 / (cm2 s sr)
12,SEPSTER2D CME,min.100.0.max.-1.0.units.MeV,False,min.100.0.max.-1.0.units.MeV,model/SEPVAL2023_Europe/SEPSTER2D/jsons/sepster2D_20120629_0936_Parker_Spiral_2.5Rs_nosep.json,2012-06-29 09:36:00,2012-06-29 20:45:00,False,0.084307,2012-06-29 13:20:00,1 / (cm2 s sr),0.08809,1 / (cm2 s sr)
13,SEPSTER2D CME,min.100.0.max.-1.0.units.MeV,False,min.100.0.max.-1.0.units.MeV,model/SEPVAL2023_Europe/SEPSTER2D/jsons/sepster2D_20120706_2324_Parker_Spiral_2.5Rs_sep.json,2012-07-06 23:24:00,2012-07-07 03:22:00,False,0.26186,2012-07-07 03:05:00,1 / (cm2 s sr),0.1905,1 / (cm2 s sr)
14,SEPSTER2D CME,min.100.0.max.-1.0.units.MeV,False,min.100.0.max.-1.0.units.MeV,model/SEPVAL2023_Europe/SEPSTER2D/jsons/sepster2D_20120712_1648_Parker_Spiral_2.5Rs_sep.json,2012-07-12 16:48:00,2012-07-13 00:10:00,False,0.25117,2012-07-12 17:35:00,1 / (cm2 s sr),0.3303,1 / (cm2 s sr)
15,SEPSTER2D CME,min.100.0.max.-1.0.units.MeV,False,min.100.0.max.-1.0.units.MeV,model/SEPVAL2023_Europe/SEPSTER2D/jsons/sepster2D_20120723_0236_Parker_Spiral_2.5Rs_sep.json,2012-07-23 02:36:00,2012-07-23 09:56:00,False,0.17556,2012-07-23 09:45:00,1 / (cm2 s sr),1.198,1 / (cm2 s sr)
16,SEPSTER2D CME,min.100.0.max.-1.0.units.MeV,False,min.100.0.max.-1.0.units.MeV,model/SEPVAL2023_Europe/SEPSTER2D/jsons/sepster2D_20120928_0012_Parker_Spiral_2.5Rs_sep.json,2012-09-28 00:12:00,2012-09-28 04:29:00,False,0.15119,2012-09-28 04:05:00,1 / (cm2 s sr),0.775,1 / (cm2 s sr)
17,SEPSTER2D CME,min.100.0.max.-1.0.units.MeV,False,min.100.0.max.-1.0.units.MeV,model/SEPVAL2023_Europe/SEPSTER2D/jsons/sepster2D_20130411_0724_Parker_Spiral_2.5Rs_sep.json,2013-04-11 07:24:00,2013-04-11 16:23:00,True,2.0297,2013-04-11 14:00:00,1 / (cm2 s sr),0.002335,1 / (cm2 s sr)
18,SEPSTER2D CME,min.100.0.max.-1.0.units.MeV,False,min.100.0.max.-1.0.units.MeV,model/SEPVAL2023_Europe/SEPSTER2D/jsons/sepster2D_20130522_1325_Parker_Spiral_2.5Rs_sep.json,2013-05-22 13:25:00,2013-05-22 16:01:00,False,3.25,2013-05-22 16:00:00,1 / (cm2 s sr),2.606,1 / (cm2 s sr)
19,SEPSTER2D CME,min.100.0.max.-1.0.units.MeV,False,min.100.0.max.-1.0.units.MeV,model/SEPVAL2023_Europe/SEPSTER2D/jsons/sepster2D_20130607_2312_Parker_Spiral_2.5Rs_nosep.json,2013-06-07 23:12:00,2013-06-08 04:30:00,False,0.052474,2013-06-08 03:40:00,1 / (cm2 s sr),0.005948,1 / (cm2 s sr)
20,SEPSTER2D CME,min.100.0.max.-1.0.units.MeV,False,min.100.0.max.-1.0.units.MeV,model/SEPVAL2023_Europe/SEPSTER2D/jsons/sepster2D_20130628_0200_Parker_Spiral_2.5Rs_nosep.json,2013-06-28 02:00:00,2013-06-28 06:19:00,False,0.065708,2013-06-28 03:10:00,1 / (cm2 s sr),0.2457,1 / (cm2 s sr)
21,SEPSTER2D CME,min.100.0.max.-1.0.units.MeV,False,min.100.0.max.-1.0.units.MeV,model/SEPVAL2023_Europe/SEPSTER2D/jsons/sepster2D_20130929_2212_Parker_Spiral_2.5Rs_sep.json,2013-09-29 22:12:00,2013-09-30 03:35:00,False,0.11696,2013-09-30 03:20:00,1 / (cm2 s sr),0.1272,1 / (cm2 s sr)
22,SEPSTER2D CME,min.100.0.max.-1.0.units.MeV,False,min.100.0.max.-1.0.units.MeV,model/SEPVAL2023_Europe/SEPSTER2D/jsons/sepster2D_20140106_0800_Parker_Spiral_2.5Rs_sep.json,2014-01-06 08:00:00,2014-01-06 12:47:00,True,4.079,2014-01-06 10:05:00,1 / (cm2 s sr),0.08592,1 / (cm2 s sr)
23,SEPSTER2D CME,min.100.0.max.-1.0.units.MeV,False,min.100.0.max.-1.0.units.MeV,model/SEPVAL2023_Europe/SEPSTER2D/jsons/sepster2D_20140107_1824_Parker_Spiral_2.5Rs_sep.json,2014-01-07 18:24:00,2014-01-07 23:01:00,True,4.2687,2014-01-07 22:40:00,1 / (cm2 s sr),11.55,1 / (cm2 s sr)
24,SEPSTER2D CME,min.100.0.max.-1.0.units.MeV,False,min.100.0.max.-1.0.units.MeV,model/SEPVAL2023_Europe/SEPSTER2D/jsons/sepster2D_20140225_0125_Parker_Spiral_2.5Rs_sep.json,2014-02-25 01:25:00,2014-02-26 01:39:00,False,0.94287,2014-02-25 19:45:00,1 / (cm2 s sr),0.07945,1 / (cm2 s sr)
25,SEPSTER2D CME,min.100.0.max.-1.0.units.MeV,False,min.100.0.max.-1.0.units.MeV,model/SEPVAL2023_Europe/SEPSTER2D/jsons/sepster2D_20140418_1325_Parker_Spiral_2.5Rs_sep.json,2014-04-18 13:25:00,2014-04-18 18:05:00,False,0.65984,2014-04-18 14:20:00,1 / (cm2 s sr),0.3064,1 / (cm2 s sr)
26,SEPSTER2D CME,min.100.0.max.-1.0.units.MeV,False,min.100.0.max.-1.0.units.MeV,model/SEPVAL2023_Europe/SEPSTER2D/jsons/sepster2D_20140801_1836_Parker_Spiral_2.5Rs_nosep.json,2014-08-01 18:36:00,2014-08-02 09:09:00,False,0.072007,2014-08-02 03:20:00,1 / (cm2 s sr),0.0002918,1 / (cm2 s sr)
27,SEPSTER2D CME,min.100.0.max.-1.0.units.MeV,False,min.100.0.max.-1.0.units.MeV,model/SEPVAL2023_Europe/SEPSTER2D/jsons/sepster2D_20140910_1800_Parker_Spiral_2.5Rs_sep.json,2014-09-10 18:00:00,2014-09-11 00:11:00,False,0.42786,2014-09-10 23:10:00,1 / (cm2 s sr),0.6088,1 / (cm2 s sr)
28,SEPSTER2D CME,min.100.0.max.-1.0.units.MeV,False,min.100.0.max.-1.0.units.MeV,model/SEPVAL2023_Europe/SEPSTER2D/jsons/sepster2D_20141024_0800_Parker_Spiral_2.5Rs_nosep.json,2014-10-24 08:00:00,2014-10-24 12:48:00,False,0.080686,2014-10-24 09:40:00,1 / (cm2 s sr),0.0107,1 / (cm2 s sr)
29,SEPSTER2D CME,min.100.0.max.-1.0.units.MeV,False,min.100.0.max.-1.0.units.MeV,model/SEPVAL2023_Europe/SEPSTER2D/jsons/sepster2D_20141106_0400_Parker_Spiral_2.5Rs_nosep.json,2014-11-06 04:00:00,2014-11-06 19:20:00,False,0.074897,2014-11-06 12:15:00,1 / (cm2 s sr),0.0001333,1 / (cm2 s sr)
30,SEPSTER2D CME,min.100.0.max.-1.0.units.MeV,False,min.100.0.max.-1.0.units.MeV,model/SEPVAL2023_Europe/SEPSTER2D/jsons/sepster2D_20141107_1808_Parker_Spiral_2.5Rs_nosep.json,2014-11-07 18:08:00,2014-11-08 05:03:00,False,0.075528,2014-11-08 02:00:00,1 / (cm2 s sr),0.002079,1 / (cm2 s sr)
31,SEPSTER2D CME,min.100.0.max.-1.0.units.MeV,False,min.100.0.max.-1.0.units.MeV,model/SEPVAL2023_Europe/SEPSTER2D/jsons/sepster2D_20141217_0500_Parker_Spiral_2.5Rs_nosep.json,2014-12-17 05:00:00,2014-12-17 11:53:00,False,0.083624,2014-12-17 11:20:00,1 / (cm2 s sr),0.002864,1 / (cm2 s sr)
32,SEPSTER2D CME,min.100.0.max.-1.0.units.MeV,False,min.100.0.max.-1.0.units.MeV,model/SEPVAL2023_Europe/SEPSTER2D/jsons/sepster2D_20141219_0104_Parker_Spiral_2.5Rs_nosep.json,2014-12-19 01:04:00,2014-12-19 11:46:00,False,0.072752,2014-12-19 09:05:00,1 / (cm2 s sr),0.1519,1 / (cm2 s sr)
33,SEPSTER2D CME,min.100.0.max.-1.0.units.MeV,False,min.100.0.max.-1.0.units.MeV,model/SEPVAL2023_Europe/SEPSTER2D/jsons/sepster2D_20150310_0000_Parker_Spiral_2.5Rs_nosep.json,2015-03-10 00:00:00,2015-03-10 04:25:00,False,0.075506,2015-03-10 02:50:00,1 / (cm2 s sr),3.084,1 / (cm2 s sr)
34,SEPSTER2D CME,min.100.0.max.-1.0.units.MeV,False,min.100.0.max.-1.0.units.MeV,model/SEPVAL2023_Europe/SEPSTER2D/jsons/sepster2D_20151029_0236_Parker_Spiral_2.5Rs_sep.json,2015-10-29 02:36:00,2015-10-29 09:59:00,True,2.0277,2015-10-29 06:10:00,1 / (cm2 s sr),0.0004653,1 / (cm2 s sr)
35,SEPSTER2D CME,min.100.0.max.-1.0.units.MeV,False,min.100.0.max.-1.0.units.MeV,model/SEPVAL2023_Europe/SEPSTER2D/jsons/sepster2D_20160723_0524_Parker_Spiral_2.5Rs_nosep.json,2016-07-23 05:24:00,2016-07-23 08:40:00,False,0.084789,2016-07-23 05:30:00,1 / (cm2 s sr),0.02237,1 / (cm2 s sr)
36,SEPSTER2D CME,min.100.0.max.-1.0.units.MeV,False,min.100.0.max.-1.0.units.MeV,model/SEPVAL2023_Europe/SEPSTER2D/jsons/sepster2D_20170904_2036_Parker_Spiral_2.5Rs_sep.json,2017-09-04 20:36:00,2017-09-05 02:26:00,False,0.11053,2017-09-04 23:20:00,1 / (cm2 s sr),0.2745,1 / (cm2 s sr)
37,SEPSTER2D CME,min.100.0.max.-1.0.units.MeV,False,min.100.0.max.-1.0.units.MeV,model/SEPVAL2023_Europe/SEPSTER2D/jsons/sepster2D_20170906_1224_Parker_Spiral_2.5Rs_sep.json,2017-09-06 12:24:00,2017-09-06 17:01:00,False,0.62467,2017-09-06 13:05:00,1 / (cm2 s sr),1.912,1 / (cm2 s sr)
38,SEPSTER2D CME,min.100.0.max.-1.0.units.MeV,False,min.100.0.max.-1.0.units.MeV,model/SEPVAL2023_Europe/SEPSTER2D/jsons/sepster2D_20170910_1600_Parker_Spiral_2.5Rs_sep.json,2017-09-10 16:00:00,2017-09-10 19:05:00,False,40.87,2017-09-10 19:00:00,1 / (cm2 s sr),12.58,1 / (cm2 s sr)
39,SEPSTER2D CME,min.100.0.max.-1.0.units.MeV,False,min.100.0.max.-1.0.units.MeV,model/SEPVAL2023_Europe/SEPSTER2D/jsons/sepster2D_20210528_2312_Parker_Spiral_2.5Rs_sep.json,2021-05-28 23:12:00,2021-05-29 01:15:00,False,0.516367,2021-05-29 00:20:00,1 / (cm2 s sr),0.1292,1 / (cm2 s sr)
40,SEPSTER2D CME,min.100.0.max.-1.0.units.MeV,False,min.100.0.max.-1.0.units.MeV,model/SEPVAL2023_Europe/SEPSTER2D/jsons/sepster2D_20211028_1548_Parker_Spiral_2.5Rs_sep.json,2021-10-28 15:48:00,2021-10-29 01:34:00,True,7.327305,2021-10-28 18:15:00,1 / (cm2 s sr),0.03373,1 / (cm2 s sr)
41,SEPSTER2D CME,min.100.0.max.-1.0.units.MeV,False,min.100.0.max.-1.0.units.MeV,model/SEPVAL2023_Europe/SEPSTER2D/jsons/sepster2D_20211101_0200_Parker_Spiral_2.5Rs_nosep.json,2021-11-01 02:00:00,2021-11-01 05:40:00,False,0.508687,2021-11-01 02:10:00,1 / (cm2 s sr),0.005802,1 / (cm2 s sr)
42,SEPSTER2D CME,min.100.0.max.-1.0.units.MeV,False,min.100.0.max.-1.0.units.MeV,model/SEPVAL2023_Europe/SEPSTER2D/jsons/sepster2D_20211102_0248_Parker_Spiral_2.5Rs_nosep.json,2021-11-02 02:48:00,2021-11-02 08:47:00,False,0.510356,2021-11-02 03:15:00,1 / (cm2 s sr),0.1341,1 / (cm2 s sr)
43,SEPSTER2D CME,min.100.0.max.-1.0.units.MeV,False,min.100.0.max.-1.0.units.MeV,model/SEPVAL2023_Europe/SEPSTER2D/jsons/sepster2D_20220118_1748_Parker_Spiral_2.5Rs_nosep.json,2022-01-18 17:48:00,2022-01-18 20:22:00,False,0.473779,2022-01-18 20:00:00,1 / (cm2 s sr),0.1235,1 / (cm2 s sr)
44,SEPSTER2D CME,min.100.0.max.-1.0.units.MeV,False,min.100.0.max.-1.0.units.MeV,model/SEPVAL2023_Europe/SEPSTER2D/jsons/sepster2D_20220120_0612_Parker_Spiral_2.5Rs_sep.json,2022-01-20 06:12:00,2022-01-20 10:49:00,True,1.126116,2022-01-20 08:50:00,1 / (cm2 s sr),0.2359,1 / (cm2 s sr)
45,SEPSTER2D CME,min.100.0.max.-1.0.units.MeV,False,min.100.0.max.-1.0.units.MeV,model/SEPVAL2023_Europe/SEPSTER2D/jsons/sepster2D_20220328_1200_Parker_Spiral_2.5Rs_sep.json,2022-03-28 12:00:00,2022-03-28 15:58:00,True,1.269069,2022-03-28 13:25:00,1 / (cm2 s sr),0.007941,1 / (cm2 s sr)
46,SEPSTER2D CME,min.100.0.max.-1.0.units.MeV,False,min.100.0.max.-1.0.units.MeV,model/SEPVAL2023_Europe/SEPSTER2D/jsons/sepster2D_20220402_1336_Parker_Spiral_2.5Rs_sep.json,2022-04-02 13:36:00,2022-04-02 16:11:00,False,0.846713,2022-04-02 14:05:00,1 / (cm2 s sr),1.189,1 / (cm2 s sr)
47,SEPSTER2D CME,min.100.0.max.-1.0.units.MeV,False,min.100.0.max.-1.0.units.MeV,model/SEPVAL2023_Europe/SEPSTER2D/jsons/sepster2D_20220417_0348_Parker_Spiral_2.5Rs_nosep.json,2022-04-17 03:48:00,2022-04-18 12:17:00,False,0.486043,2022-04-18 00:10:00,1 / (cm2 s sr),1.98e-05,1 / (cm2 s sr)
48,SEPSTER2D CME,min.100.0.max.-1.0.units.MeV,False,min.100.0.max.-1.0.units.MeV,model/SEPVAL2023_Europe/SEPSTER2D/jsons/sepster2D_20220429_0736_Parker_Spiral_2.5Rs_nosep.json,2022-04-29 07:36:00,2022-04-29 11:12:00,False,0.399033,2022-04-29 10:50:00,1 / (cm2 s sr),0.6523,1 / (cm2 s sr)
49,SEPSTER2D CME,min.100.0.max.-1.0.units.MeV,False,min.100.0.max.-1.0.units.MeV,model/SEPVAL2023_Europe/SEPSTER2D/jsons/sepster2D_20220525_1836_Parker_Spiral_2.5Rs_nosep.json,2022-05-25 18:36:00,2022-05-25 22:31:00,False,0.440363,2022-05-25 19:40:00,1 / (cm2 s sr),0.08349,1 / (cm2 s sr)
50,SEPSTER2D CME,min.100.0.max.-1.0.units.MeV,False,min.100.0.max.-1.0.units.MeV,model/SEPVAL2023_Europe/SEPSTER2D/jsons/sepster2D_20220817_1436_Parker_Spiral_2.5Rs_nosep.json,2022-08-17 14:36:00,2022-08-17 19:36:00,False,0.38337,2022-08-17 15:45:00,1 / (cm2 s sr),0.01326,1 / (cm2 s sr)
51,SEPSTER2D CME,min.100.0.max.-1.0.units.MeV,False,min.100.0.max.-1.0.units.MeV,model/SEPVAL2023_Europe/SEPSTER2D/jsons/sepster2D_20220818_1100_Parker_Spiral_2.5Rs_nosep.json,2022-08-18 11:00:00,2022-08-18 15:41:00,False,0.359016,2022-08-18 11:00:00,1 / (cm2 s sr),0.09587,1 / (cm2 s sr)
52,SEPSTER2D CME,min.100.0.max.-1.0.units.MeV,False,min.100.0.max.-1.0.units.MeV,model/SEPVAL2023_Europe/SEPSTER2D/jsons/sepster2D_20220819_0449_Parker_Spiral_2.5Rs_nosep.json,2022-08-19 04:49:00,2022-08-19 08:45:00,False,0.364362,2022-08-19 07:45:00,1 / (cm2 s sr),0.03774,1 / (cm2 s sr)
53,SEPSTER2D CME,min.100.0.max.-1.0.units.MeV,False,min.100.0.max.-1.0.units.MeV,model/SEPVAL2023_Europe/SEPSTER2D/jsons/sepster2D_20220827_0224_Parker_Spiral_2.5Rs_sep.json,2022-08-27 02:24:00,2022-08-27 05:35:00,False,0.340689,2022-08-27 03:00:00,1 / (cm2 s sr),0.6887,1 / (cm2 s sr)
54,SEPSTER2D CME,min.100.0.max.-1.0.units.MeV,False,min.100.0.max.-1.0.units.MeV,model/SEPVAL2023_Europe/SEPSTER2D/jsons/sepster2D_20220829_1700_Parker_Spiral_2.5Rs_nosep.json,2022-08-29 17:00:00,2022-08-29 21:57:00,False,0.380682,2022-08-29 21:05:00,1 / (cm2 s sr),0.03619,1 / (cm2 s sr)
55,SEPSTER2D CME,min.100.0.max.-1.0.units.MeV,False,min.100.0.max.-1.0.units.MeV,model/SEPVAL2023_Europe/SEPSTER2D/jsons/sepster2D_20220830_1812_Parker_Spiral_2.5Rs_nosep.json,2022-08-30 18:12:00,2022-08-31 01:40:00,False,0.35468,2022-08-30 23:40:00,1 / (cm2 s sr),0.04115,1 / (cm2 s sr)
56,SEPSTER2D CME,min.100.0.max.-1.0.units.MeV,False,min.100.0.max.-1.0.units.MeV,model/SEPVAL2023_Europe/SEPSTER2D/jsons/sepster2D_20221201_0748_Parker_Spiral_2.5Rs_nosep.json,2022-12-01 07:48:00,2022-12-01 11:40:00,False,0.341693,2022-12-01 11:00:00,1 / (cm2 s sr),0.4866,1 / (cm2 s sr)
57,SEPSTER2D CME,min.100.0.max.-1.0.units.MeV,False,min.100.0.max.-1.0.units.MeV,model/SEPVAL2023_Europe/SEPSTER2D/jsons/sepster2D_20230225_1924_Parker_Spiral_2.5Rs_sep.json,2023-02-25 19:24:00,2023-02-25 22:15:00,False,0.345012,2023-02-25 20:20:00,1 / (cm2 s sr),0.05362,1 / (cm2 s sr)
58,SEPSTER2D CME,min.100.0.max.-1.0.units.MeV,False,min.100.0.max.-1.0.units.MeV,model/SEPVAL2023_Europe/SEPSTER2D/jsons/sepster2D_20230304_1536_Parker_Spiral_2.5Rs_nosep.json,2023-03-04 15:36:00,2023-03-04 20:28:00,False,0.285129,2023-03-04 16:40:00,1 / (cm2 s sr),0.03585,1 / (cm2 s sr)
59,SEPSTER2D CME,min.100.0.max.-1.0.units.MeV,False,min.100.0.max.-1.0.units.MeV,model/SEPVAL2023_Europe/SEPSTER2D/jsons/sepster2D_20230306_0312_Parker_Spiral_2.5Rs_nosep.json,2023-03-06 03:12:00,2023-03-06 06:18:00,False,0.286702,2023-03-06 03:45:00,1 / (cm2 s sr),0.1094,1 / (cm2 s sr)
