,Model,Energy Channel Key,Mismatch Allowed,Prediction Energy Channel Key,Forecast Source,Prediction Window Start,Prediction Window End,Observed SEP in Prediction Window,Observed Max Flux in Prediction Window,Observed Max Flux Time,Observed Max Flux Units,Predicted SEP Peak Intensity (Onset Peak),Predicted SEP Peak Intensity (Onset Peak) Units
0,ADEPT-AFRL,min.10.0.max.-1.0.units.MeV,False,min.10.0.max.-1.0.units.MeV,model/SEPVAL2023_Europe/ADEPT/1hr/adept_forecast_1hr_110308_0800.json,2011-03-07 23:50:00,2011-03-09 14:40:00,True,50.386,2011-03-08 08:00:00,1 / (cm2 s sr),36.0,1 / (cm2 s sr)
1,ADEPT-AFRL,min.10.0.max.-1.0.units.MeV,False,min.10.0.max.-1.0.units.MeV,model/SEPVAL2023_Europe/ADEPT/1hr/adept_forecast_1hr_110607_1820.json,2011-06-07 08:30:00,2011-06-09 01:10:00,True,72.866,2011-06-07 18:20:00,1 / (cm2 s sr),137.0,1 / (cm2 s sr)
2,ADEPT-AFRL,min.10.0.max.-1.0.units.MeV,False,min.10.0.max.-1.0.units.MeV,model/SEPVAL2023_Europe/ADEPT/1hr/adept_forecast_1hr_110805_2150.json,2011-08-04 05:35:00,2011-08-05 22:25:00,True,96.379,2011-08-05 21:50:00,1 / (cm2 s sr),85.0,1 / (cm2 s sr)
3,ADEPT-AFRL,min.10.0.max.-1.0.units.MeV,False,min.10.0.max.-1.0.units.MeV,model/SEPVAL2023_Europe/ADEPT/1hr/adept_forecast_1hr_110809_1210.json,2011-08-09 09:20:00,2011-08-11 02:45:00,True,26.919,2011-08-09 12:10:00,1 / (cm2 s sr),203.0,1 / (cm2 s sr)
4,ADEPT-AFRL,min.10.0.max.-1.0.units.MeV,False,min.10.0.max.-1.0.units.MeV,model/SEPVAL2023_Europe/ADEPT/1hr/adept_forecast_1hr_120124_1530.json,2012-01-23 04:25:00,2012-01-24 22:40:00,True,6314.1,2012-01-24 15:30:00,1 / (cm2 s sr),9.0,1 / (cm2 s sr)
5,ADEPT-AFRL,min.10.0.max.-1.0.units.MeV,False,min.10.0.max.-1.0.units.MeV,model/SEPVAL2023_Europe/ADEPT/1hr/adept_forecast_1hr_120128_0205.json,2012-01-27 20:00:00,2012-01-29 13:15:00,True,795.55,2012-01-28 02:05:00,1 / (cm2 s sr),187.0,1 / (cm2 s sr)
6,ADEPT-AFRL,min.10.0.max.-1.0.units.MeV,False,min.10.0.max.-1.0.units.MeV,model/SEPVAL2023_Europe/ADEPT/1hr/adept_forecast_1hr_120308_1115.json,2012-03-07 05:05:00,2012-03-08 19:05:00,True,6529.8,2012-03-08 11:15:00,1 / (cm2 s sr),227.0,1 / (cm2 s sr)
7,ADEPT-AFRL,min.10.0.max.-1.0.units.MeV,False,min.10.0.max.-1.0.units.MeV,model/SEPVAL2023_Europe/ADEPT/1hr/adept_forecast_1hr_120313_2045.json,2012-03-13 19:00:00,2012-03-15 12:10:00,True,468.77,2012-03-13 20:45:00,1 / (cm2 s sr),667.0,1 / (cm2 s sr)
8,ADEPT-AFRL,min.10.0.max.-1.0.units.MeV,False,min.10.0.max.-1.0.units.MeV,model/SEPVAL2023_Europe/ADEPT/1hr/adept_forecast_1hr_120517_0430.json,2012-05-17 02:55:00,2012-05-18 20:25:00,True,255.44,2012-05-17 04:30:00,1 / (cm2 s sr),867.0,1 / (cm2 s sr)
9,ADEPT-AFRL,min.10.0.max.-1.0.units.MeV,False,min.10.0.max.-1.0.units.MeV,model/SEPVAL2023_Europe/ADEPT/1hr/adept_forecast_1hr_120707_0745.json,2012-07-07 01:40:00,2012-07-08 17:45:00,True,25.241,2012-07-07 07:45:00,1 / (cm2 s sr),22.0,1 / (cm2 s sr)
10,ADEPT-AFRL,min.10.0.max.-1.0.units.MeV,False,min.10.0.max.-1.0.units.MeV,model/SEPVAL2023_Europe/ADEPT/1hr/adept_forecast_1hr_120712_2225.json,2012-07-12 18:45:00,2012-07-14 11:25:00,True,96.08,2012-07-12 22:25:00,1 / (cm2 s sr),161.0,1 / (cm2 s sr)
11,ADEPT-AFRL,min.10.0.max.-1.0.units.MeV,False,min.10.0.max.-1.0.units.MeV,model/SEPVAL2023_Europe/ADEPT/1hr/adept_forecast_1hr_120723_2145.json,2012-07-23 09:55:00,2012-07-25 00:10:00,True,12.768,2012-07-23 21:45:00,1 / (cm2 s sr),22.0,1 / (cm2 s sr)
12,ADEPT-AFRL,min.10.0.max.-1.0.units.MeV,False,min.10.0.max.-1.0.units.MeV,model/SEPVAL2023_Europe/ADEPT/1hr/adept_forecast_1hr_120928_0445.json,2012-09-28 02:15:00,2012-09-29 18:35:00,True,28.431,2012-09-28 04:45:00,1 / (cm2 s sr),59.0,1 / (cm2 s sr)
13,ADEPT-AFRL,min.10.0.max.-1.0.units.MeV,False,min.10.0.max.-1.0.units.MeV,model/SEPVAL2023_Europe/ADEPT/1hr/adept_forecast_1hr_130411_1645.json,2013-04-11 09:50:00,2013-04-13 01:55:00,True,113.55,2013-04-11 16:45:00,1 / (cm2 s sr),75.0,1 / (cm2 s sr)
14,ADEPT-AFRL,min.10.0.max.-1.0.units.MeV,False,min.10.0.max.-1.0.units.MeV,model/SEPVAL2023_Europe/ADEPT/1hr/adept_forecast_1hr_130930_2005.json,2013-09-30 01:50:00,2013-10-01 18:20:00,True,181.81,2013-09-30 20:05:00,1 / (cm2 s sr),23.0,1 / (cm2 s sr)
15,ADEPT-AFRL,min.10.0.max.-1.0.units.MeV,False,min.10.0.max.-1.0.units.MeV,model/SEPVAL2023_Europe/ADEPT/1hr/adept_forecast_1hr_140106_1600.json,2014-01-06 09:15:00,2014-01-07 23:00:00,True,42.17,2014-01-06 16:00:00,1 / (cm2 s sr),59.0,1 / (cm2 s sr)
16,ADEPT-AFRL,min.10.0.max.-1.0.units.MeV,False,min.10.0.max.-1.0.units.MeV,model/SEPVAL2023_Europe/ADEPT/1hr/adept_forecast_1hr_140109_0340.json,2014-01-07 16:40:00,2014-01-09 13:10:00,True,1026.1,2014-01-09 03:40:00,1 / (cm2 s sr),5.0,1 / (cm2 s sr)
17,ADEPT-AFRL,min.10.0.max.-1.0.units.MeV,False,min.10.0.max.-1.0.units.MeV,model/SEPVAL2023_Europe/ADEPT/1hr/adept_forecast_1hr_140228_0845.json,2014-02-25 06:20:00,2014-02-26 20:05:00,False,23.941,2014-02-26 00:10:00,1 / (cm2 s sr),36.0,1 / (cm2 s sr)
18,ADEPT-AFRL,min.10.0.max.-1.0.units.MeV,False,min.10.0.max.-1.0.units.MeV,model/SEPVAL2023_Europe/ADEPT/1hr/adept_forecast_1hr_140419_0105.json,2014-04-18 14:55:00,2014-04-20 07:40:00,True,58.47,2014-04-19 01:05:00,1 / (cm2 s sr),59.0,1 / (cm2 s sr)
19,ADEPT-AFRL,min.10.0.max.-1.0.units.MeV,False,min.10.0.max.-1.0.units.MeV,model/SEPVAL2023_Europe/ADEPT/1hr/adept_forecast_1hr_140912_1555.json,2014-09-10 22:55:00,2014-09-12 12:10:00,False,41.523,2014-09-12 10:15:00,1 / (cm2 s sr),29.0,1 / (cm2 s sr)
20,ADEPT-AFRL,min.10.0.max.-1.0.units.MeV,False,min.10.0.max.-1.0.units.MeV,model/SEPVAL2023_Europe/ADEPT/1hr/adept_forecast_1hr_151029_1000.json,2015-10-29 04:30:00,2015-10-30 20:00:00,True,23.508,2015-10-29 10:00:00,1 / (cm2 s sr),21.0,1 / (cm2 s sr)
21,ADEPT-AFRL,min.10.0.max.-1.0.units.MeV,False,min.10.0.max.-1.0.units.MeV,model/SEPVAL2023_Europe/ADEPT/1hr/adept_forecast_1hr_170714_2320.json,2017-07-14 04:50:00,2017-07-15 12:00:00,True,22.374,2017-07-14 23:20:00,1 / (cm2 s sr),20.0,1 / (cm2 s sr)
22,ADEPT-AFRL,min.10.0.max.-1.0.units.MeV,False,min.10.0.max.-1.0.units.MeV,model/SEPVAL2023_Europe/ADEPT/1hr/adept_forecast_1hr_170905_1930.json,2017-09-04 23:45:00,2017-09-06 12:00:00,True,210.19,2017-09-05 19:30:00,1 / (cm2 s sr),55.0,1 / (cm2 s sr)
23,ADEPT-AFRL,min.10.0.max.-1.0.units.MeV,False,min.10.0.max.-1.0.units.MeV,model/SEPVAL2023_Europe/ADEPT/1hr/adept_forecast_1hr_170908_0035.json,2017-09-07 21:10:00,2017-09-09 16:00:00,True,844.38,2017-09-08 00:35:00,1 / (cm2 s sr),2226.0,1 / (cm2 s sr)
24,ADEPT-AFRL,min.10.0.max.-1.0.units.MeV,False,min.10.0.max.-1.0.units.MeV,model/SEPVAL2023_Europe/ADEPT/1hr/adept_forecast_1hr_170911_1145.json,2017-09-10 17:20:00,2017-09-12 10:45:00,True,1493.5,2017-09-11 11:45:00,1 / (cm2 s sr),570.0,1 / (cm2 s sr)
25,ADEPT-AFRL,min.10.0.max.-1.0.units.MeV,False,min.10.0.max.-1.0.units.MeV,model/SEPVAL2023_Europe/ADEPT/6hr/adept_forecast_6hr_110308_0800.json,2011-03-08 04:50:00,2011-03-09 14:40:00,True,50.386,2011-03-08 08:00:00,1 / (cm2 s sr),93.0,1 / (cm2 s sr)
26,ADEPT-AFRL,min.10.0.max.-1.0.units.MeV,False,min.10.0.max.-1.0.units.MeV,model/SEPVAL2023_Europe/ADEPT/6hr/adept_forecast_6hr_110607_1820.json,2011-06-07 13:30:00,2011-06-09 01:10:00,True,72.866,2011-06-07 18:20:00,1 / (cm2 s sr),81.0,1 / (cm2 s sr)
27,ADEPT-AFRL,min.10.0.max.-1.0.units.MeV,False,min.10.0.max.-1.0.units.MeV,model/SEPVAL2023_Europe/ADEPT/6hr/adept_forecast_6hr_110805_2150.json,2011-08-04 10:35:00,2011-08-05 22:25:00,True,96.379,2011-08-05 21:50:00,1 / (cm2 s sr),180.0,1 / (cm2 s sr)
28,ADEPT-AFRL,min.10.0.max.-1.0.units.MeV,False,min.10.0.max.-1.0.units.MeV,model/SEPVAL2023_Europe/ADEPT/6hr/adept_forecast_6hr_110809_1210.json,2011-08-09 14:20:00,2011-08-11 02:45:00,False,16.525,2011-08-09 14:40:00,1 / (cm2 s sr),39.0,1 / (cm2 s sr)
29,ADEPT-AFRL,min.10.0.max.-1.0.units.MeV,False,min.10.0.max.-1.0.units.MeV,model/SEPVAL2023_Europe/ADEPT/6hr/adept_forecast_6hr_120124_1530.json,2012-01-23 09:25:00,2012-01-24 22:40:00,True,6314.1,2012-01-24 15:30:00,1 / (cm2 s sr),4089.0,1 / (cm2 s sr)
30,ADEPT-AFRL,min.10.0.max.-1.0.units.MeV,False,min.10.0.max.-1.0.units.MeV,model/SEPVAL2023_Europe/ADEPT/6hr/adept_forecast_6hr_120128_0205.json,2012-01-28 01:00:00,2012-01-29 13:15:00,True,795.55,2012-01-28 02:05:00,1 / (cm2 s sr),1180.0,1 / (cm2 s sr)
31,ADEPT-AFRL,min.10.0.max.-1.0.units.MeV,False,min.10.0.max.-1.0.units.MeV,model/SEPVAL2023_Europe/ADEPT/6hr/adept_forecast_6hr_120308_1115.json,2012-03-07 10:05:00,2012-03-08 19:05:00,True,6529.8,2012-03-08 11:15:00,1 / (cm2 s sr),223.0,1 / (cm2 s sr)
32,ADEPT-AFRL,min.10.0.max.-1.0.units.MeV,False,min.10.0.max.-1.0.units.MeV,model/SEPVAL2023_Europe/ADEPT/6hr/adept_forecast_6hr_120313_2045.json,2012-03-14 00:00:00,2012-03-15 12:10:00,False,277.16,2012-03-14 00:20:00,1 / (cm2 s sr),538.0,1 / (cm2 s sr)
33,ADEPT-AFRL,min.10.0.max.-1.0.units.MeV,False,min.10.0.max.-1.0.units.MeV,model/SEPVAL2023_Europe/ADEPT/6hr/adept_forecast_6hr_120517_0430.json,2012-05-17 07:55:00,2012-05-18 20:25:00,False,150.94,2012-05-17 08:10:00,1 / (cm2 s sr),344.0,1 / (cm2 s sr)
34,ADEPT-AFRL,min.10.0.max.-1.0.units.MeV,False,min.10.0.max.-1.0.units.MeV,model/SEPVAL2023_Europe/ADEPT/6hr/adept_forecast_6hr_120707_0745.json,2012-07-07 06:40:00,2012-07-08 17:45:00,True,25.241,2012-07-07 07:45:00,1 / (cm2 s sr),42.0,1 / (cm2 s sr)
35,ADEPT-AFRL,min.10.0.max.-1.0.units.MeV,False,min.10.0.max.-1.0.units.MeV,model/SEPVAL2023_Europe/ADEPT/6hr/adept_forecast_6hr_120712_2225.json,2012-07-12 23:45:00,2012-07-14 11:25:00,False,46.223,2012-07-13 00:05:00,1 / (cm2 s sr),167.0,1 / (cm2 s sr)
36,ADEPT-AFRL,min.10.0.max.-1.0.units.MeV,False,min.10.0.max.-1.0.units.MeV,model/SEPVAL2023_Europe/ADEPT/6hr/adept_forecast_6hr_120723_2145.json,2012-07-23 14:55:00,2012-07-25 00:10:00,True,12.768,2012-07-23 21:45:00,1 / (cm2 s sr),11.0,1 / (cm2 s sr)
37,ADEPT-AFRL,min.10.0.max.-1.0.units.MeV,False,min.10.0.max.-1.0.units.MeV,model/SEPVAL2023_Europe/ADEPT/6hr/adept_forecast_6hr_120928_0445.json,2012-09-28 07:15:00,2012-09-29 18:35:00,False,14.664,2012-09-28 08:45:00,1 / (cm2 s sr),37.0,1 / (cm2 s sr)
38,ADEPT-AFRL,min.10.0.max.-1.0.units.MeV,False,min.10.0.max.-1.0.units.MeV,model/SEPVAL2023_Europe/ADEPT/6hr/adept_forecast_6hr_130411_1645.json,2013-04-11 14:50:00,2013-04-13 01:55:00,True,113.55,2013-04-11 16:45:00,1 / (cm2 s sr),229.0,1 / (cm2 s sr)
39,ADEPT-AFRL,min.10.0.max.-1.0.units.MeV,False,min.10.0.max.-1.0.units.MeV,model/SEPVAL2023_Europe/ADEPT/6hr/adept_forecast_6hr_130930_2005.json,2013-09-30 06:50:00,2013-10-01 18:20:00,True,181.81,2013-09-30 20:05:00,1 / (cm2 s sr),40.0,1 / (cm2 s sr)
40,ADEPT-AFRL,min.10.0.max.-1.0.units.MeV,False,min.10.0.max.-1.0.units.MeV,model/SEPVAL2023_Europe/ADEPT/6hr/adept_forecast_6hr_140106_1600.json,2014-01-06 14:15:00,2014-01-07 23:00:00,True,42.17,2014-01-06 16:00:00,1 / (cm2 s sr),56.0,1 / (cm2 s sr)
41,ADEPT-AFRL,min.10.0.max.-1.0.units.MeV,False,min.10.0.max.-1.0.units.MeV,model/SEPVAL2023_Europe/ADEPT/6hr/adept_forecast_6hr_140109_0340.json,2014-01-07 21:40:00,2014-01-09 13:10:00,True,1026.1,2014-01-09 03:40:00,1 / (cm2 s sr),185.0,1 / (cm2 s sr)
42,ADEPT-AFRL,min.10.0.max.-1.0.units.MeV,False,min.10.0.max.-1.0.units.MeV,model/SEPVAL2023_Europe/ADEPT/6hr/adept_forecast_6hr_140228_0845.json,2014-02-25 11:20:00,2014-02-26 20:05:00,False,23.941,2014-02-26 00:10:00,1 / (cm2 s sr),12.0,1 / (cm2 s sr)
43,ADEPT-AFRL,min.10.0.max.-1.0.units.MeV,False,min.10.0.max.-1.0.units.MeV,model/SEPVAL2023_Europe/ADEPT/6hr/adept_forecast_6hr_140419_0105.json,2014-04-18 19:55:00,2014-04-20 07:40:00,True,58.47,2014-04-19 01:05:00,1 / (cm2 s sr),48.0,1 / (cm2 s sr)
44,ADEPT-AFRL,min.10.0.max.-1.0.units.MeV,False,min.10.0.max.-1.0.units.MeV,model/SEPVAL2023_Europe/ADEPT/6hr/adept_forecast_6hr_140912_1555.json,2014-09-11 03:55:00,2014-09-12 12:10:00,False,41.523,2014-09-12 10:15:00,1 / (cm2 s sr),35.0,1 / (cm2 s sr)
45,ADEPT-AFRL,min.10.0.max.-1.0.units.MeV,False,min.10.0.max.-1.0.units.MeV,model/SEPVAL2023_Europe/ADEPT/6hr/adept_forecast_6hr_151029_1000.json,2015-10-29 09:30:00,2015-10-30 20:00:00,True,23.508,2015-10-29 10:00:00,1 / (cm2 s sr),30.0,1 / (cm2 s sr)
46,ADEPT-AFRL,min.10.0.max.-1.0.units.MeV,False,min.10.0.max.-1.0.units.MeV,model/SEPVAL2023_Europe/ADEPT/6hr/adept_forecast_6hr_170714_2320.json,2017-07-14 09:50:00,2017-07-15 12:00:00,True,22.374,2017-07-14 23:20:00,1 / (cm2 s sr),25.0,1 / (cm2 s sr)
47,ADEPT-AFRL,min.10.0.max.-1.0.units.MeV,False,min.10.0.max.-1.0.units.MeV,model/SEPVAL2023_Europe/ADEPT/6hr/adept_forecast_6hr_170905_1930.json,2017-09-05 04:45:00,2017-09-06 12:00:00,True,210.19,2017-09-05 19:30:00,1 / (cm2 s sr),185.0,1 / (cm2 s sr)
49,ADEPT-AFRL,min.10.0.max.-1.0.units.MeV,False,min.10.0.max.-1.0.units.MeV,model/SEPVAL2023_Europe/ADEPT/6hr/adept_forecast_6hr_170911_1145.json,2017-09-10 22:20:00,2017-09-12 10:45:00,True,1493.5,2017-09-11 11:45:00,1 / (cm2 s sr),1223.0,1 / (cm2 s sr)
