,Model,Energy Channel Key,Mismatch Allowed,Prediction Energy Channel Key,Forecast Source,Prediction Window Start,Prediction Window End,Observed SEP in Prediction Window,Observed Max Flux in Prediction Window,Observed Max Flux Time,Observed Max Flux Units,Predicted SEP Peak Intensity (Onset Peak),Predicted SEP Peak Intensity (Onset Peak) Units
0,SEPSTER (Parker Spiral),min.30.0.max.-1.0.units.MeV,False,min.30.0.max.-1.0.units.MeV,model/SEPVAL2023_Europe/SEPSTER/sepster_20110307_2012_1980_Parker_Spiral_iss_20110307_2140.json,2011-03-07 20:12:00,2011-03-08 03:34:00,False,2.9421,2011-03-08 03:25:00,1 / (cm2 s sr),32.4,1 / (cm2 s sr)
1,SEPSTER (Parker Spiral),min.30.0.max.-1.0.units.MeV,False,min.30.0.max.-1.0.units.MeV,model/SEPVAL2023_Europe/SEPSTER/sepster_20110509_2100_0776_Parker_Spiral_iss_20110510_0059.json,2011-05-09 21:00:00,2011-05-11 03:31:00,False,0.25359,2011-05-10 04:55:00,1 / (cm2 s sr),0.000337,1 / (cm2 s sr)
2,SEPSTER (Parker Spiral),min.30.0.max.-1.0.units.MeV,False,min.30.0.max.-1.0.units.MeV,model/SEPVAL2023_Europe/SEPSTER/sepster_20110607_0650_1400_Parker_Spiral_iss_20110607_0902.json,2011-06-07 06:50:00,2011-06-07 14:33:00,True,25.841,2011-06-07 10:25:00,1 / (cm2 s sr),3.97,1 / (cm2 s sr)
3,SEPSTER (Parker Spiral),min.30.0.max.-1.0.units.MeV,False,min.30.0.max.-1.0.units.MeV,model/SEPVAL2023_Europe/SEPSTER/sepster_20110804_0410_1950_Parker_Spiral_iss_20110804_0545.json,2011-08-04 04:10:00,2011-08-04 13:11:00,True,22.037,2011-08-04 08:55:00,1 / (cm2 s sr),24.9,1 / (cm2 s sr)
4,SEPSTER (Parker Spiral),min.30.0.max.-1.0.units.MeV,False,min.30.0.max.-1.0.units.MeV,model/SEPVAL2023_Europe/SEPSTER/sepster_20110809_0830_1175_Parker_Spiral_iss_20110809_1109.json,2011-08-09 08:30:00,2011-08-09 17:36:00,False,15.833,2011-08-09 09:00:00,1 / (cm2 s sr),1.51,1 / (cm2 s sr)
5,SEPSTER (Parker Spiral),min.30.0.max.-1.0.units.MeV,False,min.30.0.max.-1.0.units.MeV,model/SEPVAL2023_Europe/SEPSTER/sepster_20120123_0400_2211_Parker_Spiral_iss_20120123_0520.json,2012-01-23 04:00:00,2012-01-23 13:04:00,False,361.63,2012-01-23 12:55:00,1 / (cm2 s sr),63.3,1 / (cm2 s sr)
6,SEPSTER (Parker Spiral),min.30.0.max.-1.0.units.MeV,False,min.30.0.max.-1.0.units.MeV,model/SEPVAL2023_Europe/SEPSTER/sepster_20120127_1639_2200_Parker_Spiral_iss_20120127_2000.json,2012-01-27 16:39:00,2012-01-28 02:20:00,False,143.03,2012-01-28 01:50:00,1 / (cm2 s sr),54.2,1 / (cm2 s sr)
7,SEPSTER (Parker Spiral),min.30.0.max.-1.0.units.MeV,False,min.30.0.max.-1.0.units.MeV,model/SEPVAL2023_Europe/SEPSTER/sepster_20120304_1124_1540_Parker_Spiral_iss_20120304_1322.json,2012-03-04 11:24:00,2012-03-05 06:36:00,False,0.3158,2012-03-05 06:25:00,1 / (cm2 s sr),0.255,1 / (cm2 s sr)
8,SEPSTER (Parker Spiral),min.30.0.max.-1.0.units.MeV,False,min.30.0.max.-1.0.units.MeV,model/SEPVAL2023_Europe/SEPSTER/sepster_20120305_0400_1363_Parker_Spiral_iss_20120305_0623.json,2012-03-05 04:00:00,2012-03-06 03:38:00,False,0.55137,2012-03-05 22:00:00,1 / (cm2 s sr),0.0285,1 / (cm2 s sr)
9,SEPSTER (Parker Spiral),min.30.0.max.-1.0.units.MeV,False,min.30.0.max.-1.0.units.MeV,model/SEPVAL2023_Europe/SEPSTER/sepster_20120307_0036_2809_Parker_Spiral_iss_20120307_0138.json,2012-03-07 00:36:00,2012-03-07 16:31:00,False,656.55,2012-03-07 15:25:00,1 / (cm2 s sr),77.1,1 / (cm2 s sr)
10,SEPSTER (Parker Spiral),min.30.0.max.-1.0.units.MeV,False,min.30.0.max.-1.0.units.MeV,model/SEPVAL2023_Europe/SEPSTER/sepster_20120307_0125_2040_Parker_Spiral_iss_20120307_0220.json,2012-03-07 01:25:00,2012-03-07 16:44:00,False,656.55,2012-03-07 15:25:00,1 / (cm2 s sr),4.47,1 / (cm2 s sr)
11,SEPSTER (Parker Spiral),min.30.0.max.-1.0.units.MeV,False,min.30.0.max.-1.0.units.MeV,model/SEPVAL2023_Europe/SEPSTER/sepster_20120313_1752_2250_Parker_Spiral_iss_20120313_1855.json,2012-03-13 17:52:00,2012-03-14 01:27:00,True,64.491,2012-03-13 19:10:00,1 / (cm2 s sr),85.2,1 / (cm2 s sr)
12,SEPSTER (Parker Spiral),min.30.0.max.-1.0.units.MeV,False,min.30.0.max.-1.0.units.MeV,model/SEPVAL2023_Europe/SEPSTER/sepster_20120517_0148_1263_Parker_Spiral_iss_20120517_0330.json,2012-05-17 01:48:00,2012-05-17 09:58:00,True,123.66,2012-05-17 02:50:00,1 / (cm2 s sr),2.4,1 / (cm2 s sr)
13,SEPSTER (Parker Spiral),min.30.0.max.-1.0.units.MeV,False,min.30.0.max.-1.0.units.MeV,model/SEPVAL2023_Europe/SEPSTER/sepster_20120613_1400_0643_Parker_Spiral_iss_20120613_1954.json,2012-06-13 14:00:00,2012-06-14 04:51:00,False,0.24719,2012-06-14 02:55:00,1 / (cm2 s sr),0.0763,1 / (cm2 s sr)
14,SEPSTER (Parker Spiral),min.30.0.max.-1.0.units.MeV,False,min.30.0.max.-1.0.units.MeV,model/SEPVAL2023_Europe/SEPSTER/sepster_20120629_0939_1344_Parker_Spiral_iss_20120629_1203.json,2012-06-29 09:39:00,2012-06-30 00:46:00,False,0.19204,2012-06-29 13:20:00,1 / (cm2 s sr),0.519,1 / (cm2 s sr)
15,SEPSTER (Parker Spiral),min.30.0.max.-1.0.units.MeV,False,min.30.0.max.-1.0.units.MeV,model/SEPVAL2023_Europe/SEPSTER/sepster_20120706_2312_1200_Parker_Spiral_iss_20120707_0235.json,2012-07-06 23:12:00,2012-07-07 07:45:00,True,5.4918,2012-07-07 07:25:00,1 / (cm2 s sr),1.79,1 / (cm2 s sr)
16,SEPSTER (Parker Spiral),min.30.0.max.-1.0.units.MeV,False,min.30.0.max.-1.0.units.MeV,model/SEPVAL2023_Europe/SEPSTER/sepster_20120712_1654_1400_Parker_Spiral_iss_20120712_1935.json,2012-07-12 16:54:00,2012-07-13 05:35:00,True,3.4489,2012-07-12 19:05:00,1 / (cm2 s sr),1.39,1 / (cm2 s sr)
17,SEPSTER (Parker Spiral),min.30.0.max.-1.0.units.MeV,False,min.30.0.max.-1.0.units.MeV,model/SEPVAL2023_Europe/SEPSTER/sepster_20120723_0236_2395_Parker_Spiral_iss_20120723_0400.json,2012-07-23 02:36:00,2012-07-23 17:08:00,False,4.7369,2012-07-23 17:00:00,1 / (cm2 s sr),27.6,1 / (cm2 s sr)
18,SEPSTER (Parker Spiral),min.30.0.max.-1.0.units.MeV,False,min.30.0.max.-1.0.units.MeV,model/SEPVAL2023_Europe/SEPSTER/sepster_20120928_0225_1252_Parker_Spiral_iss_20120928_0235.json,2012-09-28 02:25:00,2012-09-28 12:13:00,False,3.2371,2012-09-28 04:45:00,1 / (cm2 s sr),1.75,1 / (cm2 s sr)
19,SEPSTER (Parker Spiral),min.30.0.max.-1.0.units.MeV,False,min.30.0.max.-1.0.units.MeV,model/SEPVAL2023_Europe/SEPSTER/sepster_20130411_0736_0743_Parker_Spiral_iss_20130411_1215.json,2013-04-11 07:36:00,2013-04-11 23:08:00,True,23.328,2013-04-11 14:30:00,1 / (cm2 s sr),0.0738,1 / (cm2 s sr)
20,SEPSTER (Parker Spiral),min.30.0.max.-1.0.units.MeV,False,min.30.0.max.-1.0.units.MeV,model/SEPVAL2023_Europe/SEPSTER/sepster_20130522_1324_1756_Parker_Spiral_iss_20130522_1516.json,2013-05-22 13:24:00,2013-05-22 21:27:00,False,59.188,2013-05-22 21:25:00,1 / (cm2 s sr),14.0,1 / (cm2 s sr)
21,SEPSTER (Parker Spiral),min.30.0.max.-1.0.units.MeV,False,min.30.0.max.-1.0.units.MeV,model/SEPVAL2023_Europe/SEPSTER/sepster_20130607_2354_0704_Parker_Spiral_iss_20130608_0555.json,2013-06-07 23:54:00,2013-06-08 08:58:00,False,0.15686,2013-06-08 02:45:00,1 / (cm2 s sr),0.301,1 / (cm2 s sr)
22,SEPSTER (Parker Spiral),min.30.0.max.-1.0.units.MeV,False,min.30.0.max.-1.0.units.MeV,model/SEPVAL2023_Europe/SEPSTER/sepster_20130628_0154_1200_Parker_Spiral_iss_20130628_0505.json,2013-06-28 01:54:00,2013-06-28 10:33:00,False,0.11254,2013-06-28 10:15:00,1 / (cm2 s sr),1.77,1 / (cm2 s sr)
23,SEPSTER (Parker Spiral),min.30.0.max.-1.0.units.MeV,False,min.30.0.max.-1.0.units.MeV,model/SEPVAL2023_Europe/SEPSTER/sepster_20130929_2240_1100_Parker_Spiral_iss_20130930_0100.json,2013-09-29 22:40:00,2013-09-30 09:38:00,False,6.1577,2013-09-30 08:00:00,1 / (cm2 s sr),0.766,1 / (cm2 s sr)
24,SEPSTER (Parker Spiral),min.30.0.max.-1.0.units.MeV,False,min.30.0.max.-1.0.units.MeV,model/SEPVAL2023_Europe/SEPSTER/sepster_20140106_0809_1138_Parker_Spiral_iss_20140106_1059.json,2014-01-06 08:09:00,2014-01-06 19:24:00,True,20.069,2014-01-06 10:20:00,1 / (cm2 s sr),0.816,1 / (cm2 s sr)
25,SEPSTER (Parker Spiral),min.30.0.max.-1.0.units.MeV,False,min.30.0.max.-1.0.units.MeV,model/SEPVAL2023_Europe/SEPSTER/sepster_20140107_1824_2048_Parker_Spiral_iss_20140107_1948.json,2014-01-07 18:24:00,2014-01-08 03:52:00,False,160.52,2014-01-08 03:35:00,1 / (cm2 s sr),27.7,1 / (cm2 s sr)
26,SEPSTER (Parker Spiral),min.30.0.max.-1.0.units.MeV,False,min.30.0.max.-1.0.units.MeV,model/SEPVAL2023_Europe/SEPSTER/sepster_20140225_0125_1670_Parker_Spiral_iss_20140225_0251.json,2014-02-25 01:25:00,2014-02-25 23:45:00,True,7.4135,2014-02-25 20:20:00,1 / (cm2 s sr),0.135,1 / (cm2 s sr)
27,SEPSTER (Parker Spiral),min.30.0.max.-1.0.units.MeV,False,min.30.0.max.-1.0.units.MeV,model/SEPVAL2023_Europe/SEPSTER/sepster_20140418_1309_1244_Parker_Spiral_iss_20140418_1555.json,2014-04-18 13:09:00,2014-04-18 23:29:00,True,6.8519,2014-04-18 19:55:00,1 / (cm2 s sr),1.51,1 / (cm2 s sr)
28,SEPSTER (Parker Spiral),min.30.0.max.-1.0.units.MeV,False,min.30.0.max.-1.0.units.MeV,model/SEPVAL2023_Europe/SEPSTER/sepster_20140801_1854_0709_Parker_Spiral_iss_20140801_2330.json,2014-08-01 18:54:00,2014-08-02 10:05:00,False,0.18841,2014-08-02 09:25:00,1 / (cm2 s sr),0.0287,1 / (cm2 s sr)
29,SEPSTER (Parker Spiral),min.30.0.max.-1.0.units.MeV,False,min.30.0.max.-1.0.units.MeV,model/SEPVAL2023_Europe/SEPSTER/sepster_20140910_1818_1400_Parker_Spiral_iss_20140910_2000.json,2014-09-10 18:18:00,2014-09-11 05:59:00,True,9.7944,2014-09-11 05:00:00,1 / (cm2 s sr),1.86,1 / (cm2 s sr)
30,SEPSTER (Parker Spiral),min.30.0.max.-1.0.units.MeV,False,min.30.0.max.-1.0.units.MeV,model/SEPVAL2023_Europe/SEPSTER/sepster_20141024_0812_0728_Parker_Spiral_iss_20141024_1107.json,2014-10-24 08:12:00,2014-10-24 18:10:00,False,0.14164,2014-10-24 08:20:00,1 / (cm2 s sr),0.235,1 / (cm2 s sr)
31,SEPSTER (Parker Spiral),min.30.0.max.-1.0.units.MeV,False,min.30.0.max.-1.0.units.MeV,model/SEPVAL2023_Europe/SEPSTER/sepster_20141106_0400_0662_Parker_Spiral_iss_20141106_1107.json,2014-11-06 04:00:00,2014-11-06 21:58:00,False,0.1982,2014-11-06 19:15:00,1 / (cm2 s sr),0.0166,1 / (cm2 s sr)
32,SEPSTER (Parker Spiral),min.30.0.max.-1.0.units.MeV,False,min.30.0.max.-1.0.units.MeV,model/SEPVAL2023_Europe/SEPSTER/sepster_20141107_1808_0802_Parker_Spiral_iss_20141107_2202.json,2014-11-07 18:08:00,2014-11-08 08:14:00,False,0.2209,2014-11-08 07:20:00,1 / (cm2 s sr),0.0637,1 / (cm2 s sr)
33,SEPSTER (Parker Spiral),min.30.0.max.-1.0.units.MeV,False,min.30.0.max.-1.0.units.MeV,model/SEPVAL2023_Europe/SEPSTER/sepster_20141217_0500_0680_Parker_Spiral_iss_20141217_0839.json,2014-12-17 05:00:00,2014-12-17 16:07:00,False,0.28486,2014-12-17 09:30:00,1 / (cm2 s sr),0.146,1 / (cm2 s sr)
34,SEPSTER (Parker Spiral),min.30.0.max.-1.0.units.MeV,False,min.30.0.max.-1.0.units.MeV,model/SEPVAL2023_Europe/SEPSTER/sepster_20141219_0027_1405_Parker_Spiral_iss_20141219_0112.json,2014-12-19 00:27:00,2014-12-19 15:58:00,False,0.22921,2014-12-19 12:40:00,1 / (cm2 s sr),0.56,1 / (cm2 s sr)
35,SEPSTER (Parker Spiral),min.30.0.max.-1.0.units.MeV,False,min.30.0.max.-1.0.units.MeV,model/SEPVAL2023_Europe/SEPSTER/sepster_20150310_0000_1711_Parker_Spiral_iss_20150310_0256.json,2015-03-10 00:00:00,2015-03-10 18:12:00,False,0.20331,2015-03-10 11:50:00,1 / (cm2 s sr),2.5,1 / (cm2 s sr)
36,SEPSTER (Parker Spiral),min.30.0.max.-1.0.units.MeV,False,min.30.0.max.-1.0.units.MeV,model/SEPVAL2023_Europe/SEPSTER/sepster_20151029_0248_0535_Parker_Spiral_iss_20151029_0814.json,2015-10-29 02:48:00,2015-10-29 17:02:00,True,9.7599,2015-10-29 06:15:00,1 / (cm2 s sr),0.0377,1 / (cm2 s sr)
37,SEPSTER (Parker Spiral),min.30.0.max.-1.0.units.MeV,False,min.30.0.max.-1.0.units.MeV,model/SEPVAL2023_Europe/SEPSTER/sepster_20160723_0524_0740_Parker_Spiral_iss_20160723_1007.json,2016-07-23 05:24:00,2016-07-23 13:32:00,False,0.29868,2016-07-23 07:15:00,1 / (cm2 s sr),0.359,1 / (cm2 s sr)
38,SEPSTER (Parker Spiral),min.30.0.max.-1.0.units.MeV,False,min.30.0.max.-1.0.units.MeV,model/SEPVAL2023_Europe/SEPSTER/sepster_20170714_0136_0750_Parker_Spiral_iss_20170714_0529.json,2017-07-14 01:36:00,2017-07-14 10:21:00,False,1.2191,2017-07-14 07:15:00,1 / (cm2 s sr),0.345,1 / (cm2 s sr)
39,SEPSTER (Parker Spiral),min.30.0.max.-1.0.units.MeV,False,min.30.0.max.-1.0.units.MeV,model/SEPVAL2023_Europe/SEPSTER/sepster_20170904_2036_1323_Parker_Spiral_iss_20170904_2305.json,2017-09-04 20:36:00,2017-09-05 06:28:00,False,1.1861,2017-09-05 02:40:00,1 / (cm2 s sr),1.92,1 / (cm2 s sr)
40,SEPSTER (Parker Spiral),min.30.0.max.-1.0.units.MeV,False,min.30.0.max.-1.0.units.MeV,model/SEPVAL2023_Europe/SEPSTER/sepster_20170906_1224_1636_Parker_Spiral_iss_20170906_1421.json,2017-09-06 12:24:00,2017-09-06 22:23:00,False,4.9492,2017-09-06 16:30:00,1 / (cm2 s sr),6.68,1 / (cm2 s sr)
41,SEPSTER (Parker Spiral),min.30.0.max.-1.0.units.MeV,False,min.30.0.max.-1.0.units.MeV,model/SEPVAL2023_Europe/SEPSTER/sepster_20170910_1609_2314_Parker_Spiral_iss_20170910_1726.json,2017-09-10 16:09:00,2017-09-11 01:07:00,False,425.31,2017-09-11 01:05:00,1 / (cm2 s sr),93.2,1 / (cm2 s sr)
42,SEPSTER (Parker Spiral),min.30.0.max.-1.0.units.MeV,False,min.30.0.max.-1.0.units.MeV,model/SEPVAL2023_Europe/SEPSTER/sepster_20210528_2312_0949_Parker_Spiral_iss_20210529_0254.json,2021-05-28 23:12:00,2021-05-29 06:32:00,True,1.158363,2021-05-29 01:20:00,1 / (cm2 s sr),0.792,1 / (cm2 s sr)
43,SEPSTER (Parker Spiral),min.30.0.max.-1.0.units.MeV,False,min.30.0.max.-1.0.units.MeV,model/SEPVAL2023_Europe/SEPSTER/sepster_20211028_1553_1109_Parker_Spiral_iss_20211028_1852.json,2021-10-28 15:53:00,2021-10-29 06:07:00,True,16.265814,2021-10-28 23:35:00,1 / (cm2 s sr),0.299,1 / (cm2 s sr)
44,SEPSTER (Parker Spiral),min.30.0.max.-1.0.units.MeV,False,min.30.0.max.-1.0.units.MeV,model/SEPVAL2023_Europe/SEPSTER/sepster_20211101_0200_0657_Parker_Spiral_iss_20211101_0704.json,2021-11-01 02:00:00,2021-11-01 09:45:00,False,1.22369,2021-11-01 05:40:00,1 / (cm2 s sr),0.273,1 / (cm2 s sr)
45,SEPSTER (Parker Spiral),min.30.0.max.-1.0.units.MeV,False,min.30.0.max.-1.0.units.MeV,model/SEPVAL2023_Europe/SEPSTER/sepster_20211102_0248_1151_Parker_Spiral_iss_20211102_0552.json,2021-11-02 02:48:00,2021-11-02 14:02:00,False,0.740354,2021-11-02 03:55:00,1 / (cm2 s sr),0.86,1 / (cm2 s sr)
46,SEPSTER (Parker Spiral),min.30.0.max.-1.0.units.MeV,False,min.30.0.max.-1.0.units.MeV,model/SEPVAL2023_Europe/SEPSTER/sepster_20220118_1823_0962_Parker_Spiral_iss_20220118_2128.json,2022-01-18 18:23:00,2022-01-19 02:41:00,False,0.556481,2022-01-18 21:05:00,1 / (cm2 s sr),0.784,1 / (cm2 s sr)
47,SEPSTER (Parker Spiral),min.30.0.max.-1.0.units.MeV,False,min.30.0.max.-1.0.units.MeV,model/SEPVAL2023_Europe/SEPSTER/sepster_20220120_0612_1426_Parker_Spiral_iss_20220120_0827.json,2022-01-20 06:12:00,2022-01-20 17:36:00,True,7.164104,2022-01-20 10:10:00,1 / (cm2 s sr),2.21,1 / (cm2 s sr)
48,SEPSTER (Parker Spiral),min.30.0.max.-1.0.units.MeV,False,min.30.0.max.-1.0.units.MeV,model/SEPVAL2023_Europe/SEPSTER/sepster_20220328_1209_0662_Parker_Spiral_iss_20220328_1719.json,2022-03-28 12:09:00,2022-03-28 21:51:00,True,7.075072,2022-03-28 13:35:00,1 / (cm2 s sr),0.213,1 / (cm2 s sr)
49,SEPSTER (Parker Spiral),min.30.0.max.-1.0.units.MeV,False,min.30.0.max.-1.0.units.MeV,model/SEPVAL2023_Europe/SEPSTER/sepster_20220402_1338_1370_Parker_Spiral_iss_20220402_1612.json,2022-04-02 13:38:00,2022-04-02 21:43:00,True,8.96671,2022-04-02 15:15:00,1 / (cm2 s sr),3.48,1 / (cm2 s sr)
50,SEPSTER (Parker Spiral),min.30.0.max.-1.0.units.MeV,False,min.30.0.max.-1.0.units.MeV,model/SEPVAL2023_Europe/SEPSTER/sepster_20220417_0348_0841_Parker_Spiral_iss_20220417_0729.json,2022-04-17 03:48:00,2022-04-18 00:11:00,False,0.518043,2022-04-18 00:10:00,1 / (cm2 s sr),0.00188,1 / (cm2 s sr)
51,SEPSTER (Parker Spiral),min.30.0.max.-1.0.units.MeV,False,min.30.0.max.-1.0.units.MeV,model/SEPVAL2023_Europe/SEPSTER/sepster_20220420_0412_0868_Parker_Spiral_iss_20220420_0412.json,2022-04-20 04:12:00,2022-04-20 15:13:00,False,0.50304,2022-04-20 06:30:00,1 / (cm2 s sr),0.329,1 / (cm2 s sr)
52,SEPSTER (Parker Spiral),min.30.0.max.-1.0.units.MeV,False,min.30.0.max.-1.0.units.MeV,model/SEPVAL2023_Europe/SEPSTER/sepster_20220429_0738_1397_Parker_Spiral_iss_20220429_0953.json,2022-04-29 07:38:00,2022-04-29 15:18:00,False,0.463056,2022-04-29 13:50:00,1 / (cm2 s sr),3.94,1 / (cm2 s sr)
53,SEPSTER (Parker Spiral),min.30.0.max.-1.0.units.MeV,False,min.30.0.max.-1.0.units.MeV,model/SEPVAL2023_Europe/SEPSTER/sepster_20220525_1838_0929_Parker_Spiral_iss_20220525_2215.json,2022-05-25 18:38:00,2022-05-26 03:05:00,False,0.496357,2022-05-25 23:25:00,1 / (cm2 s sr),0.684,1 / (cm2 s sr)
54,SEPSTER (Parker Spiral),min.30.0.max.-1.0.units.MeV,False,min.30.0.max.-1.0.units.MeV,model/SEPVAL2023_Europe/SEPSTER/sepster_20220817_1453_0767_Parker_Spiral_iss_20220817_1926.json,2022-08-17 14:53:00,2022-08-18 00:29:00,False,0.39137,2022-08-17 15:45:00,1 / (cm2 s sr),0.317,1 / (cm2 s sr)
55,SEPSTER (Parker Spiral),min.30.0.max.-1.0.units.MeV,False,min.30.0.max.-1.0.units.MeV,model/SEPVAL2023_Europe/SEPSTER/sepster_20220818_1100_1076_Parker_Spiral_iss_20220818_1337.json,2022-08-18 11:00:00,2022-08-18 20:50:00,False,0.381016,2022-08-18 11:00:00,1 / (cm2 s sr),1.07,1 / (cm2 s sr)
56,SEPSTER (Parker Spiral),min.30.0.max.-1.0.units.MeV,False,min.30.0.max.-1.0.units.MeV,model/SEPVAL2023_Europe/SEPSTER/sepster_20220819_0730_0878_Parker_Spiral_iss_20220819_0858.json,2022-08-19 07:30:00,2022-08-19 15:21:00,False,0.389029,2022-08-19 08:25:00,1 / (cm2 s sr),0.602,1 / (cm2 s sr)
57,SEPSTER (Parker Spiral),min.30.0.max.-1.0.units.MeV,False,min.30.0.max.-1.0.units.MeV,model/SEPVAL2023_Europe/SEPSTER/sepster_20220827_0223_1372_Parker_Spiral_iss_20220827_0457.json,2022-08-27 02:23:00,2022-08-27 11:09:00,False,0.689021,2022-08-27 10:05:00,1 / (cm2 s sr),3.24,1 / (cm2 s sr)
58,SEPSTER (Parker Spiral),min.30.0.max.-1.0.units.MeV,False,min.30.0.max.-1.0.units.MeV,model/SEPVAL2023_Europe/SEPSTER/sepster_20220829_1712_0949_Parker_Spiral_iss_20220829_2046.json,2022-08-29 17:12:00,2022-08-30 04:39:00,False,0.405683,2022-08-30 03:20:00,1 / (cm2 s sr),0.392,1 / (cm2 s sr)
59,SEPSTER (Parker Spiral),min.30.0.max.-1.0.units.MeV,False,min.30.0.max.-1.0.units.MeV,model/SEPVAL2023_Europe/SEPSTER/sepster_20220830_1824_1378_Parker_Spiral_iss_20220830_2045.json,2022-08-30 18:24:00,2022-08-31 09:00:00,False,0.417682,2022-08-31 03:40:00,1 / (cm2 s sr),0.696,1 / (cm2 s sr)
60,SEPSTER (Parker Spiral),min.30.0.max.-1.0.units.MeV,False,min.30.0.max.-1.0.units.MeV,model/SEPVAL2023_Europe/SEPSTER/sepster_20221201_0748_1306_Parker_Spiral_iss_20221201_1022.json,2022-12-01 07:48:00,2022-12-01 16:33:00,False,0.360357,2022-12-01 10:20:00,1 / (cm2 s sr),2.56,1 / (cm2 s sr)
61,SEPSTER (Parker Spiral),min.30.0.max.-1.0.units.MeV,False,min.30.0.max.-1.0.units.MeV,model/SEPVAL2023_Europe/SEPSTER/sepster_20230225_1938_0920_Parker_Spiral_iss_20230225_2323.json,2023-02-25 19:38:00,2023-02-26 03:19:00,True,7.749011,2023-02-25 22:10:00,1 / (cm2 s sr),0.707,1 / (cm2 s sr)
62,SEPSTER (Parker Spiral),min.30.0.max.-1.0.units.MeV,False,min.30.0.max.-1.0.units.MeV,model/SEPVAL2023_Europe/SEPSTER/sepster_20230304_1548_0894_Parker_Spiral_iss_20230304_1957.json,2023-03-04 15:48:00,2023-03-05 02:16:00,False,0.319129,2023-03-04 16:40:00,1 / (cm2 s sr),0.414,1 / (cm2 s sr)
63,SEPSTER (Parker Spiral),min.30.0.max.-1.0.units.MeV,False,min.30.0.max.-1.0.units.MeV,model/SEPVAL2023_Europe/SEPSTER/sepster_20230306_0312_0970_Parker_Spiral_iss_20230306_0627.json,2023-03-06 03:12:00,2023-03-06 12:28:00,False,0.308477,2023-03-06 07:00:00,1 / (cm2 s sr),0.701,1 / (cm2 s sr)
