,Model,Energy Channel Key,Mismatch Allowed,Prediction Energy Channel Key,Forecast Source,Prediction Window Start,Prediction Window End,Observed SEP in Prediction Window,Observed Max Flux in Prediction Window,Observed Max Flux Time,Observed Max Flux Units,Predicted SEP Peak Intensity (Onset Peak),Predicted SEP Peak Intensity (Onset Peak) Units
0,SFS-Update,min.10.0.max.-1.0.units.MeV,False,min.10.0.max.-1.0.units.MeV,model/SEPVAL2023_Europe/PPS/PPSUpdate/Evt/ppsupdate_forecast_110307_2012.json,2011-03-07 20:15:00,2011-03-08 20:12:00,True,50.386,2011-03-08 08:00:00,1 / (cm2 s sr),21.0,1 / (cm2 s sr)
1,SFS-Update,min.10.0.max.-1.0.units.MeV,False,min.10.0.max.-1.0.units.MeV,model/SEPVAL2023_Europe/PPS/PPSUpdate/Evt/ppsupdate_forecast_110607_0641.json,2011-06-07 06:44:00,2011-06-08 06:41:00,True,72.866,2011-06-07 18:20:00,1 / (cm2 s sr),14.0,1 / (cm2 s sr)
2,SFS-Update,min.10.0.max.-1.0.units.MeV,False,min.10.0.max.-1.0.units.MeV,model/SEPVAL2023_Europe/PPS/PPSUpdate/Evt/ppsupdate_forecast_110804_0357.json,2011-08-04 04:00:00,2011-08-05 03:57:00,False,80.054,2011-08-04 10:30:00,1 / (cm2 s sr),26.0,1 / (cm2 s sr)
3,SFS-Update,min.10.0.max.-1.0.units.MeV,False,min.10.0.max.-1.0.units.MeV,model/SEPVAL2023_Europe/PPS/PPSUpdate/Evt/ppsupdate_forecast_110809_0805.json,2011-08-09 08:08:00,2011-08-10 08:05:00,True,26.919,2011-08-09 12:10:00,1 / (cm2 s sr),128.0,1 / (cm2 s sr)
4,SFS-Update,min.10.0.max.-1.0.units.MeV,False,min.10.0.max.-1.0.units.MeV,model/SEPVAL2023_Europe/PPS/PPSUpdate/Evt/ppsupdate_forecast_120123_0359.json,2012-01-23 04:02:00,2012-01-24 03:59:00,False,3768.7,2012-01-24 03:55:00,1 / (cm2 s sr),31.0,1 / (cm2 s sr)
5,SFS-Update,min.10.0.max.-1.0.units.MeV,False,min.10.0.max.-1.0.units.MeV,model/SEPVAL2023_Europe/PPS/PPSUpdate/Evt/ppsupdate_forecast_120127_1837.json,2012-01-27 18:40:00,2012-01-28 18:37:00,True,795.55,2012-01-28 02:05:00,1 / (cm2 s sr),120.0,1 / (cm2 s sr)
6,SFS-Update,min.10.0.max.-1.0.units.MeV,False,min.10.0.max.-1.0.units.MeV,model/SEPVAL2023_Europe/PPS/PPSUpdate/Evt/ppsupdate_forecast_120307_0024.json,2012-03-07 00:27:00,2012-03-08 00:24:00,False,1735.5,2012-03-07 23:05:00,1 / (cm2 s sr),129.0,1 / (cm2 s sr)
7,SFS-Update,min.10.0.max.-1.0.units.MeV,False,min.10.0.max.-1.0.units.MeV,model/SEPVAL2023_Europe/PPS/PPSUpdate/Evt/ppsupdate_forecast_120307_0114.json,2012-03-07 01:17:00,2012-03-08 01:14:00,False,1735.5,2012-03-07 23:05:00,1 / (cm2 s sr),22.0,1 / (cm2 s sr)
8,SFS-Update,min.10.0.max.-1.0.units.MeV,False,min.10.0.max.-1.0.units.MeV,model/SEPVAL2023_Europe/PPS/PPSUpdate/Evt/ppsupdate_forecast_120313_1741.json,2012-03-13 17:44:00,2012-03-14 17:41:00,True,468.77,2012-03-13 20:45:00,1 / (cm2 s sr),80.0,1 / (cm2 s sr)
9,SFS-Update,min.10.0.max.-1.0.units.MeV,False,min.10.0.max.-1.0.units.MeV,model/SEPVAL2023_Europe/PPS/PPSUpdate/Evt/ppsupdate_forecast_120517_0147.json,2012-05-17 01:50:00,2012-05-18 01:47:00,True,255.44,2012-05-17 04:30:00,1 / (cm2 s sr),21.0,1 / (cm2 s sr)
10,SFS-Update,min.10.0.max.-1.0.units.MeV,False,min.10.0.max.-1.0.units.MeV,model/SEPVAL2023_Europe/PPS/PPSUpdate/Evt/ppsupdate_forecast_120706_2308.json,2012-07-06 23:11:00,2012-07-07 23:08:00,True,25.241,2012-07-07 07:45:00,1 / (cm2 s sr),16.0,1 / (cm2 s sr)
11,SFS-Update,min.10.0.max.-1.0.units.MeV,False,min.10.0.max.-1.0.units.MeV,model/SEPVAL2023_Europe/PPS/PPSUpdate/Evt/ppsupdate_forecast_120712_1649.json,2012-07-12 16:52:00,2012-07-13 16:49:00,True,96.08,2012-07-12 22:25:00,1 / (cm2 s sr),114.0,1 / (cm2 s sr)
12,SFS-Update,min.10.0.max.-1.0.units.MeV,False,min.10.0.max.-1.0.units.MeV,model/SEPVAL2023_Europe/PPS/PPSUpdate/Evt/ppsupdate_forecast_120927_2357.json,2012-09-28 00:00:00,2012-09-28 23:57:00,True,28.431,2012-09-28 04:45:00,1 / (cm2 s sr),3.0,1 / (cm2 s sr)
13,SFS-Update,min.10.0.max.-1.0.units.MeV,False,min.10.0.max.-1.0.units.MeV,model/SEPVAL2023_Europe/PPS/PPSUpdate/Evt/ppsupdate_forecast_130411_0716.json,2013-04-11 07:19:00,2013-04-12 07:16:00,True,113.55,2013-04-11 16:45:00,1 / (cm2 s sr),25.0,1 / (cm2 s sr)
14,SFS-Update,min.10.0.max.-1.0.units.MeV,False,min.10.0.max.-1.0.units.MeV,model/SEPVAL2023_Europe/PPS/PPSUpdate/Evt/ppsupdate_forecast_130522_1338.json,2013-05-22 13:41:00,2013-05-23 13:38:00,True,1655.4,2013-05-23 06:50:00,1 / (cm2 s sr),50.0,1 / (cm2 s sr)
15,SFS-Update,min.10.0.max.-1.0.units.MeV,False,min.10.0.max.-1.0.units.MeV,model/SEPVAL2023_Europe/PPS/PPSUpdate/Evt/ppsupdate_forecast_130929_2339.json,2013-09-29 23:42:00,2013-09-30 23:39:00,True,181.81,2013-09-30 20:05:00,1 / (cm2 s sr),4.0,1 / (cm2 s sr)
16,SFS-Update,min.10.0.max.-1.0.units.MeV,False,min.10.0.max.-1.0.units.MeV,model/SEPVAL2023_Europe/PPS/PPSUpdate/Evt/ppsupdate_forecast_140107_1832.json,2014-01-07 18:35:00,2014-01-08 18:32:00,False,971.1,2014-01-08 12:30:00,1 / (cm2 s sr),49.0,1 / (cm2 s sr)
17,SFS-Update,min.10.0.max.-1.0.units.MeV,False,min.10.0.max.-1.0.units.MeV,model/SEPVAL2023_Europe/PPS/PPSUpdate/Evt/ppsupdate_forecast_140225_0049.json,2014-02-25 00:52:00,2014-02-26 00:49:00,False,23.941,2014-02-26 00:10:00,1 / (cm2 s sr),55.0,1 / (cm2 s sr)
18,SFS-Update,min.10.0.max.-1.0.units.MeV,False,min.10.0.max.-1.0.units.MeV,model/SEPVAL2023_Europe/PPS/PPSUpdate/Evt/ppsupdate_forecast_140418_1303.json,2014-04-18 13:06:00,2014-04-19 13:03:00,True,58.47,2014-04-19 01:05:00,1 / (cm2 s sr),37.0,1 / (cm2 s sr)
19,SFS-Update,min.10.0.max.-1.0.units.MeV,False,min.10.0.max.-1.0.units.MeV,model/SEPVAL2023_Europe/PPS/PPSUpdate/Evt/ppsupdate_forecast_140910_1745.json,2014-09-10 17:48:00,2014-09-11 17:45:00,False,28.711,2014-09-11 05:15:00,1 / (cm2 s sr),54.0,1 / (cm2 s sr)
20,SFS-Update,min.10.0.max.-1.0.units.MeV,False,min.10.0.max.-1.0.units.MeV,model/SEPVAL2023_Europe/PPS/PPSUpdate/Evt/ppsupdate_forecast_170714_0209.json,2017-07-14 02:12:00,2017-07-15 02:09:00,True,22.374,2017-07-14 23:20:00,1 / (cm2 s sr),26.0,1 / (cm2 s sr)
21,SFS-Update,min.10.0.max.-1.0.units.MeV,False,min.10.0.max.-1.0.units.MeV,model/SEPVAL2023_Europe/PPS/PPSUpdate/Evt/ppsupdate_forecast_170904_2033.json,2017-09-04 20:36:00,2017-09-05 20:33:00,True,210.19,2017-09-05 19:30:00,1 / (cm2 s sr),7.0,1 / (cm2 s sr)
22,SFS-Update,min.10.0.max.-1.0.units.MeV,False,min.10.0.max.-1.0.units.MeV,model/SEPVAL2023_Europe/PPS/PPSUpdate/Evt/ppsupdate_forecast_170906_1202.json,2017-09-06 12:05:00,2017-09-07 12:02:00,False,352.24,2017-09-07 04:10:00,1 / (cm2 s sr),99.0,1 / (cm2 s sr)
23,SFS-Update,min.10.0.max.-1.0.units.MeV,False,min.10.0.max.-1.0.units.MeV,model/SEPVAL2023_Europe/PPS/PPSUpdate/Evt/ppsupdate_forecast_170910_1606.json,2017-09-10 16:09:00,2017-09-11 16:06:00,True,1493.5,2017-09-11 11:45:00,1 / (cm2 s sr),231.0,1 / (cm2 s sr)
24,SFS-Update,min.10.0.max.-1.0.units.MeV,False,min.10.0.max.-1.0.units.MeV,model/SEPVAL2023_Europe/PPS/PPSUpdate/Evt/ppsupdate_forecast_210528_2313.json,2021-05-28 23:16:00,2021-05-29 23:13:00,True,15.560695,2021-05-29 03:20:00,1 / (cm2 s sr),12.0,1 / (cm2 s sr)
25,SFS-Update,min.10.0.max.-1.0.units.MeV,False,min.10.0.max.-1.0.units.MeV,model/SEPVAL2023_Europe/PPS/PPSUpdate/Evt/ppsupdate_forecast_211028_1535.json,2021-10-28 15:38:00,2021-10-29 15:35:00,True,28.950766,2021-10-29 02:50:00,1 / (cm2 s sr),30.0,1 / (cm2 s sr)
26,SFS-Update,min.10.0.max.-1.0.units.MeV,False,min.10.0.max.-1.0.units.MeV,model/SEPVAL2023_Europe/PPS/PPSUpdate/Evt/ppsupdate_forecast_220120_0601.json,2022-01-20 06:04:00,2022-01-21 06:01:00,True,22.678768,2022-01-20 10:15:00,1 / (cm2 s sr),21.0,1 / (cm2 s sr)
27,SFS-Update,min.10.0.max.-1.0.units.MeV,False,min.10.0.max.-1.0.units.MeV,model/SEPVAL2023_Europe/PPS/PPSUpdate/Evt/ppsupdate_forecast_220328_1129.json,2022-03-28 11:32:00,2022-03-29 11:29:00,True,18.683397,2022-03-28 14:50:00,1 / (cm2 s sr),23.0,1 / (cm2 s sr)
28,SFS-Update,min.10.0.max.-1.0.units.MeV,False,min.10.0.max.-1.0.units.MeV,model/SEPVAL2023_Europe/PPS/PPSUpdate/Evt/ppsupdate_forecast_220402_1355.json,2022-04-02 13:58:00,2022-04-03 13:55:00,True,32.182705,2022-04-02 16:00:00,1 / (cm2 s sr),37.0,1 / (cm2 s sr)
29,SFS-Update,min.10.0.max.-1.0.units.MeV,False,min.10.0.max.-1.0.units.MeV,model/SEPVAL2023_Europe/PPS/PPSUpdate/Evt/ppsupdate_forecast_220827_0240.json,2022-08-27 02:43:00,2022-08-28 02:40:00,True,27.487036,2022-08-27 12:20:00,1 / (cm2 s sr),37.0,1 / (cm2 s sr)
30,SFS-Update,min.10.0.max.-1.0.units.MeV,False,min.10.0.max.-1.0.units.MeV,model/SEPVAL2023_Europe/PPS/PPSUpdate/Evt/ppsupdate_forecast_230225_1944.json,2023-02-25 19:47:00,2023-02-26 19:44:00,True,58.818619,2023-02-26 04:40:00,1 / (cm2 s sr),57.0,1 / (cm2 s sr)
31,SFS-Update,min.10.0.max.-1.0.units.MeV,False,min.10.0.max.-1.0.units.MeV,model/SEPVAL2023_Europe/PPS/PPSUpdate/NoEvt/ppsupdate_forecast_110509_2050.json,2011-05-09 20:53:00,2011-05-10 20:50:00,False,0.47854,2011-05-10 04:55:00,1 / (cm2 s sr),2.0,1 / (cm2 s sr)
32,SFS-Update,min.10.0.max.-1.0.units.MeV,False,min.10.0.max.-1.0.units.MeV,model/SEPVAL2023_Europe/PPS/PPSUpdate/NoEvt/ppsupdate_forecast_120304_1052.json,2012-03-04 10:55:00,2012-03-05 10:52:00,False,2.7014,2012-03-05 09:00:00,1 / (cm2 s sr),11.0,1 / (cm2 s sr)
33,SFS-Update,min.10.0.max.-1.0.units.MeV,False,min.10.0.max.-1.0.units.MeV,model/SEPVAL2023_Europe/PPS/PPSUpdate/NoEvt/ppsupdate_forecast_120305_0405.json,2012-03-05 04:08:00,2012-03-06 04:05:00,False,3.934,2012-03-05 16:30:00,1 / (cm2 s sr),55.0,1 / (cm2 s sr)
34,SFS-Update,min.10.0.max.-1.0.units.MeV,False,min.10.0.max.-1.0.units.MeV,model/SEPVAL2023_Europe/PPS/PPSUpdate/NoEvt/ppsupdate_forecast_120613_1317.json,2012-06-13 13:20:00,2012-06-14 13:17:00,False,0.28711,2012-06-13 19:20:00,1 / (cm2 s sr),24.0,1 / (cm2 s sr)
35,SFS-Update,min.10.0.max.-1.0.units.MeV,False,min.10.0.max.-1.0.units.MeV,model/SEPVAL2023_Europe/PPS/PPSUpdate/NoEvt/ppsupdate_forecast_120629_0920.json,2012-06-29 09:23:00,2012-06-30 09:20:00,False,0.39366,2012-06-29 23:00:00,1 / (cm2 s sr),5.0,1 / (cm2 s sr)
36,SFS-Update,min.10.0.max.-1.0.units.MeV,False,min.10.0.max.-1.0.units.MeV,model/SEPVAL2023_Europe/PPS/PPSUpdate/NoEvt/ppsupdate_forecast_130607_2249.json,2013-06-07 22:52:00,2013-06-08 22:49:00,False,0.36732,2013-06-08 14:10:00,1 / (cm2 s sr),19.0,1 / (cm2 s sr)
37,SFS-Update,min.10.0.max.-1.0.units.MeV,False,min.10.0.max.-1.0.units.MeV,model/SEPVAL2023_Europe/PPS/PPSUpdate/NoEvt/ppsupdate_forecast_130628_0159.json,2013-06-28 02:02:00,2013-06-29 01:59:00,False,0.77015,2013-06-28 12:40:00,1 / (cm2 s sr),3.0,1 / (cm2 s sr)
38,SFS-Update,min.10.0.max.-1.0.units.MeV,False,min.10.0.max.-1.0.units.MeV,model/SEPVAL2023_Europe/PPS/PPSUpdate/NoEvt/ppsupdate_forecast_140801_1812.json,2014-08-01 18:15:00,2014-08-02 18:12:00,False,0.29744,2014-08-01 21:55:00,1 / (cm2 s sr),5.0,1 / (cm2 s sr)
39,SFS-Update,min.10.0.max.-1.0.units.MeV,False,min.10.0.max.-1.0.units.MeV,model/SEPVAL2023_Europe/PPS/PPSUpdate/NoEvt/ppsupdate_forecast_141024_0748.json,2014-10-24 07:51:00,2014-10-25 07:48:00,False,0.38794,2014-10-25 00:30:00,1 / (cm2 s sr),10.0,1 / (cm2 s sr)
40,SFS-Update,min.10.0.max.-1.0.units.MeV,False,min.10.0.max.-1.0.units.MeV,model/SEPVAL2023_Europe/PPS/PPSUpdate/NoEvt/ppsupdate_forecast_141106_0346.json,2014-11-06 03:49:00,2014-11-07 03:46:00,False,0.38437,2014-11-06 04:10:00,1 / (cm2 s sr),16.0,1 / (cm2 s sr)
41,SFS-Update,min.10.0.max.-1.0.units.MeV,False,min.10.0.max.-1.0.units.MeV,model/SEPVAL2023_Europe/PPS/PPSUpdate/NoEvt/ppsupdate_forecast_141107_1726.json,2014-11-07 17:29:00,2014-11-08 17:26:00,False,0.35563,2014-11-08 01:55:00,1 / (cm2 s sr),69.0,1 / (cm2 s sr)
42,SFS-Update,min.10.0.max.-1.0.units.MeV,False,min.10.0.max.-1.0.units.MeV,model/SEPVAL2023_Europe/PPS/PPSUpdate/NoEvt/ppsupdate_forecast_141217_0451.json,2014-12-17 04:54:00,2014-12-18 04:51:00,False,0.59307,2014-12-17 16:45:00,1 / (cm2 s sr),36.0,1 / (cm2 s sr)
43,SFS-Update,min.10.0.max.-1.0.units.MeV,False,min.10.0.max.-1.0.units.MeV,model/SEPVAL2023_Europe/PPS/PPSUpdate/NoEvt/ppsupdate_forecast_141218_2158.json,2014-12-18 22:01:00,2014-12-19 21:58:00,False,0.44127,2014-12-19 01:00:00,1 / (cm2 s sr),22.0,1 / (cm2 s sr)
44,SFS-Update,min.10.0.max.-1.0.units.MeV,False,min.10.0.max.-1.0.units.MeV,model/SEPVAL2023_Europe/PPS/PPSUpdate/NoEvt/ppsupdate_forecast_150309_2353.json,2015-03-09 23:56:00,2015-03-10 23:53:00,False,0.3719,2015-03-10 14:00:00,1 / (cm2 s sr),25.0,1 / (cm2 s sr)
45,SFS-Update,min.10.0.max.-1.0.units.MeV,False,min.10.0.max.-1.0.units.MeV,model/SEPVAL2023_Europe/PPS/PPSUpdate/NoEvt/ppsupdate_forecast_160723_0516.json,2016-07-23 05:19:00,2016-07-24 05:16:00,False,0.76933,2016-07-23 07:25:00,1 / (cm2 s sr),23.0,1 / (cm2 s sr)
46,SFS-Update,min.10.0.max.-1.0.units.MeV,False,min.10.0.max.-1.0.units.MeV,model/SEPVAL2023_Europe/PPS/PPSUpdate/NoEvt/ppsupdate_forecast_211101_0145.json,2021-11-01 01:48:00,2021-11-02 01:45:00,False,5.492021,2021-11-01 09:35:00,1 / (cm2 s sr),15.0,1 / (cm2 s sr)
47,SFS-Update,min.10.0.max.-1.0.units.MeV,False,min.10.0.max.-1.0.units.MeV,model/SEPVAL2023_Europe/PPS/PPSUpdate/NoEvt/ppsupdate_forecast_211102_0251.json,2021-11-02 02:54:00,2021-11-03 02:51:00,False,3.370688,2021-11-02 03:10:00,1 / (cm2 s sr),16.0,1 / (cm2 s sr)
48,SFS-Update,min.10.0.max.-1.0.units.MeV,False,min.10.0.max.-1.0.units.MeV,model/SEPVAL2023_Europe/PPS/PPSUpdate/NoEvt/ppsupdate_forecast_220118_1744.json,2022-01-18 17:47:00,2022-01-19 17:44:00,False,0.781371,2022-01-19 08:45:00,1 / (cm2 s sr),14.0,1 / (cm2 s sr)
49,SFS-Update,min.10.0.max.-1.0.units.MeV,False,min.10.0.max.-1.0.units.MeV,model/SEPVAL2023_Europe/PPS/PPSUpdate/NoEvt/ppsupdate_forecast_220417_0334.json,2022-04-17 03:37:00,2022-04-18 03:34:00,False,0.648361,2022-04-18 02:45:00,1 / (cm2 s sr),31.0,1 / (cm2 s sr)
50,SFS-Update,min.10.0.max.-1.0.units.MeV,False,min.10.0.max.-1.0.units.MeV,model/SEPVAL2023_Europe/PPS/PPSUpdate/NoEvt/ppsupdate_forecast_220420_0357.json,2022-04-20 04:00:00,2022-04-21 03:57:00,False,0.689392,2022-04-20 23:05:00,1 / (cm2 s sr),51.0,1 / (cm2 s sr)
51,SFS-Update,min.10.0.max.-1.0.units.MeV,False,min.10.0.max.-1.0.units.MeV,model/SEPVAL2023_Europe/PPS/PPSUpdate/NoEvt/ppsupdate_forecast_220429_0730.json,2022-04-29 07:33:00,2022-04-30 07:30:00,False,4.21171,2022-04-29 21:45:00,1 / (cm2 s sr),5.0,1 / (cm2 s sr)
52,SFS-Update,min.10.0.max.-1.0.units.MeV,False,min.10.0.max.-1.0.units.MeV,model/SEPVAL2023_Europe/PPS/PPSUpdate/NoEvt/ppsupdate_forecast_220525_1824.json,2022-05-25 18:27:00,2022-05-26 18:24:00,False,0.649695,2022-05-25 19:05:00,1 / (cm2 s sr),5.0,1 / (cm2 s sr)
53,SFS-Update,min.10.0.max.-1.0.units.MeV,False,min.10.0.max.-1.0.units.MeV,model/SEPVAL2023_Europe/PPS/PPSUpdate/NoEvt/ppsupdate_forecast_220817_1345.json,2022-08-17 13:48:00,2022-08-18 13:45:00,False,0.476032,2022-08-17 15:05:00,1 / (cm2 s sr),9.0,1 / (cm2 s sr)
54,SFS-Update,min.10.0.max.-1.0.units.MeV,False,min.10.0.max.-1.0.units.MeV,model/SEPVAL2023_Europe/PPS/PPSUpdate/NoEvt/ppsupdate_forecast_220818_1055.json,2022-08-18 10:58:00,2022-08-19 10:55:00,False,0.549348,2022-08-19 01:00:00,1 / (cm2 s sr),7.0,1 / (cm2 s sr)
55,SFS-Update,min.10.0.max.-1.0.units.MeV,False,min.10.0.max.-1.0.units.MeV,model/SEPVAL2023_Europe/PPS/PPSUpdate/NoEvt/ppsupdate_forecast_220819_0444.json,2022-08-19 04:47:00,2022-08-20 04:44:00,False,0.566369,2022-08-19 11:30:00,1 / (cm2 s sr),11.0,1 / (cm2 s sr)
56,SFS-Update,min.10.0.max.-1.0.units.MeV,False,min.10.0.max.-1.0.units.MeV,model/SEPVAL2023_Europe/PPS/PPSUpdate/NoEvt/ppsupdate_forecast_220829_1639.json,2022-08-29 16:42:00,2022-08-30 16:39:00,False,0.882014,2022-08-30 03:25:00,1 / (cm2 s sr),18.0,1 / (cm2 s sr)
57,SFS-Update,min.10.0.max.-1.0.units.MeV,False,min.10.0.max.-1.0.units.MeV,model/SEPVAL2023_Europe/PPS/PPSUpdate/NoEvt/ppsupdate_forecast_220830_1929.json,2022-08-30 19:32:00,2022-08-31 19:29:00,False,0.549013,2022-08-31 00:25:00,1 / (cm2 s sr),30.0,1 / (cm2 s sr)
58,SFS-Update,min.10.0.max.-1.0.units.MeV,False,min.10.0.max.-1.0.units.MeV,model/SEPVAL2023_Europe/PPS/PPSUpdate/NoEvt/ppsupdate_forecast_221201_0721.json,2022-12-01 07:24:00,2022-12-02 07:21:00,False,0.546049,2022-12-02 03:45:00,1 / (cm2 s sr),5.0,1 / (cm2 s sr)
59,SFS-Update,min.10.0.max.-1.0.units.MeV,False,min.10.0.max.-1.0.units.MeV,model/SEPVAL2023_Europe/PPS/PPSUpdate/NoEvt/ppsupdate_forecast_230304_1557.json,2023-03-04 16:00:00,2023-03-05 15:57:00,False,0.32713,2023-03-04 16:40:00,1 / (cm2 s sr),33.0,1 / (cm2 s sr)
60,SFS-Update,min.10.0.max.-1.0.units.MeV,False,min.10.0.max.-1.0.units.MeV,model/SEPVAL2023_Europe/PPS/PPSUpdate/NoEvt/ppsupdate_forecast_230306_0228.json,2023-03-06 02:31:00,2023-03-07 02:28:00,False,0.33773,2023-03-07 00:00:00,1 / (cm2 s sr),22.0,1 / (cm2 s sr)
