,Model,Energy Channel Key,Mismatch Allowed,Prediction Energy Channel Key,Forecast Source,Prediction Window Start,Prediction Window End,Observed SEP in Prediction Window,Observed Max Flux in Prediction Window,Observed Max Flux Time,Observed Max Flux Units,Predicted SEP Peak Intensity (Onset Peak),Predicted SEP Peak Intensity (Onset Peak) Units
0,SAWS-ASPECS flare + CME_SOHO electrons 90%,min.100.0.max.-1.0.units.MeV,False,min.100.0.max.-1.0.units.MeV,model/SEPVAL2023_Europe/ASPECS/aspecs_jsons/2023/10/31/flare_cme_soho_electrons/SAWS_ASPECS_flare_CME_SOHO_electrons_90.2011-03-07T201500Z.2011-03-07T194300Z.json,2011-03-07 20:15:00,2011-03-10 01:45:00,False,0.16211,2011-03-08 01:35:00,1 / (cm2 s sr),0.040864,1 / (cm2 s sr)
1,SAWS-ASPECS flare + CME_SOHO electrons 90%,min.100.0.max.-1.0.units.MeV,False,min.100.0.max.-1.0.units.MeV,model/SEPVAL2023_Europe/ASPECS/aspecs_jsons/2023/10/31/flare_cme_soho_electrons/SAWS_ASPECS_flare_CME_SOHO_electrons_90.2011-05-09T211500Z.2011-05-09T204200Z.json,2011-05-09 21:15:00,2011-05-12 02:45:00,False,0.092982,2011-05-11 02:55:00,1 / (cm2 s sr),0.04035,1 / (cm2 s sr)
2,SAWS-ASPECS flare + CME_SOHO electrons 90%,min.100.0.max.-1.0.units.MeV,False,min.100.0.max.-1.0.units.MeV,model/SEPVAL2023_Europe/ASPECS/aspecs_jsons/2023/10/31/flare_cme_soho_electrons/SAWS_ASPECS_flare_CME_SOHO_electrons_90.2011-06-07T065000Z.2011-06-07T061600Z.json,2011-06-07 06:50:00,2011-06-09 12:20:00,True,4.5281,2011-06-07 10:25:00,1 / (cm2 s sr),0.060299,1 / (cm2 s sr)
3,SAWS-ASPECS flare + CME_SOHO electrons 90%,min.100.0.max.-1.0.units.MeV,False,min.100.0.max.-1.0.units.MeV,model/SEPVAL2023_Europe/ASPECS/aspecs_jsons/2023/10/31/flare_cme_soho_electrons/SAWS_ASPECS_flare_CME_SOHO_electrons_90.2011-08-04T041500Z.2011-08-04T034100Z.json,2011-08-04 04:15:00,2011-08-06 09:45:00,True,1.7984,2011-08-04 07:40:00,1 / (cm2 s sr),10.945,1 / (cm2 s sr)
4,SAWS-ASPECS flare + CME_SOHO electrons 90%,min.100.0.max.-1.0.units.MeV,False,min.100.0.max.-1.0.units.MeV,model/SEPVAL2023_Europe/ASPECS/aspecs_jsons/2023/10/31/flare_cme_soho_electrons/SAWS_ASPECS_flare_CME_SOHO_electrons_90.2011-08-09T082000Z.2011-08-09T074800Z.json,2011-08-09 08:20:00,2011-08-11 13:50:00,True,2.6732,2011-08-09 08:55:00,1 / (cm2 s sr),165.18,1 / (cm2 s sr)
5,SAWS-ASPECS flare + CME_SOHO electrons 90%,min.100.0.max.-1.0.units.MeV,False,min.100.0.max.-1.0.units.MeV,model/SEPVAL2023_Europe/ASPECS/aspecs_jsons/2023/10/31/flare_cme_soho_electrons/SAWS_ASPECS_flare_CME_SOHO_electrons_90.2012-01-23T041000Z.2012-01-23T033800Z.json,2012-01-23 04:10:00,2012-01-25 09:40:00,True,2.3859,2012-01-23 07:50:00,1 / (cm2 s sr),9.5446,1 / (cm2 s sr)
6,SAWS-ASPECS flare + CME_SOHO electrons 90%,min.100.0.max.-1.0.units.MeV,False,min.100.0.max.-1.0.units.MeV,model/SEPVAL2023_Europe/ASPECS/aspecs_jsons/2023/10/31/flare_cme_soho_electrons/SAWS_ASPECS_flare_CME_SOHO_electrons_90.2012-01-27T181000Z.2012-01-27T173700Z.json,2012-01-27 18:10:00,2012-01-29 23:40:00,True,11.88,2012-01-27 21:40:00,1 / (cm2 s sr),69.846,1 / (cm2 s sr)
7,SAWS-ASPECS flare + CME_SOHO electrons 90%,min.100.0.max.-1.0.units.MeV,False,min.100.0.max.-1.0.units.MeV,model/SEPVAL2023_Europe/ASPECS/aspecs_jsons/2023/10/31/flare_cme_soho_electrons/SAWS_ASPECS_flare_CME_SOHO_electrons_90.2012-03-04T220000Z.2012-03-04T102900Z.json,2012-03-04 22:00:00,2012-03-07 03:30:00,False,0.27364,2012-03-07 03:25:00,1 / (cm2 s sr),0.023298,1 / (cm2 s sr)
8,SAWS-ASPECS flare + CME_SOHO electrons 90%,min.100.0.max.-1.0.units.MeV,False,min.100.0.max.-1.0.units.MeV,model/SEPVAL2023_Europe/ASPECS/aspecs_jsons/2023/10/31/flare_cme_soho_electrons/SAWS_ASPECS_flare_CME_SOHO_electrons_90.2012-03-05T040000Z.2012-03-05T033000Z.json,2012-03-05 04:00:00,2012-03-07 09:30:00,False,8.8761,2012-03-07 09:25:00,1 / (cm2 s sr),0.040247,1 / (cm2 s sr)
9,SAWS-ASPECS flare + CME_SOHO electrons 90%,min.100.0.max.-1.0.units.MeV,False,min.100.0.max.-1.0.units.MeV,model/SEPVAL2023_Europe/ASPECS/aspecs_jsons/2023/10/31/flare_cme_soho_electrons/SAWS_ASPECS_flare_CME_SOHO_electrons_90.2012-03-07T013500Z.2012-03-07T010500Z.json,2012-03-07 01:35:00,2012-03-09 07:05:00,True,69.272,2012-03-07 15:25:00,1 / (cm2 s sr),5.8444,1 / (cm2 s sr)
10,SAWS-ASPECS flare + CME_SOHO electrons 90%,min.100.0.max.-1.0.units.MeV,False,min.100.0.max.-1.0.units.MeV,model/SEPVAL2023_Europe/ASPECS/aspecs_jsons/2023/10/31/flare_cme_soho_electrons/SAWS_ASPECS_flare_CME_SOHO_electrons_90.2012-03-13T165500Z.2012-03-13T162100Z.json,2012-03-13 16:55:00,2012-03-15 22:25:00,True,1.8856,2012-03-13 19:05:00,1 / (cm2 s sr),5.0142,1 / (cm2 s sr)
11,SAWS-ASPECS flare + CME_SOHO electrons 90%,min.100.0.max.-1.0.units.MeV,False,min.100.0.max.-1.0.units.MeV,model/SEPVAL2023_Europe/ASPECS/aspecs_jsons/2023/10/31/flare_cme_soho_electrons/SAWS_ASPECS_flare_CME_SOHO_electrons_90.2012-05-17T015500Z.2012-05-17T012500Z.json,2012-05-17 01:55:00,2012-05-19 07:25:00,True,20.445,2012-05-17 02:30:00,1 / (cm2 s sr),0.77202,1 / (cm2 s sr)
12,SAWS-ASPECS flare + CME_SOHO electrons 90%,min.100.0.max.-1.0.units.MeV,False,min.100.0.max.-1.0.units.MeV,model/SEPVAL2023_Europe/ASPECS/aspecs_jsons/2023/10/31/flare_cme_soho_electrons/SAWS_ASPECS_flare_CME_SOHO_electrons_90.2012-06-13T120000Z.2012-06-13T112900Z.json,2012-06-13 12:00:00,2012-06-15 17:30:00,False,0.090468,2012-06-14 12:10:00,1 / (cm2 s sr),0.045975,1 / (cm2 s sr)
13,SAWS-ASPECS flare + CME_SOHO electrons 90%,min.100.0.max.-1.0.units.MeV,False,min.100.0.max.-1.0.units.MeV,model/SEPVAL2023_Europe/ASPECS/aspecs_jsons/2023/10/31/flare_cme_soho_electrons/SAWS_ASPECS_flare_CME_SOHO_electrons_90.2012-06-29T094500Z.2012-06-29T091300Z.json,2012-06-29 09:45:00,2012-07-01 15:15:00,False,0.084574,2012-07-01 09:50:00,1 / (cm2 s sr),0.042122,1 / (cm2 s sr)
14,SAWS-ASPECS flare + CME_SOHO electrons 90%,min.100.0.max.-1.0.units.MeV,False,min.100.0.max.-1.0.units.MeV,model/SEPVAL2023_Europe/ASPECS/aspecs_jsons/2023/10/31/flare_cme_soho_electrons/SAWS_ASPECS_flare_CME_SOHO_electrons_90.2012-07-06T233500Z.2012-07-06T230100Z.json,2012-07-06 23:35:00,2012-07-09 05:05:00,False,0.70636,2012-07-09 01:50:00,1 / (cm2 s sr),30.923,1 / (cm2 s sr)
15,SAWS-ASPECS flare + CME_SOHO electrons 90%,min.100.0.max.-1.0.units.MeV,False,min.100.0.max.-1.0.units.MeV,model/SEPVAL2023_Europe/ASPECS/aspecs_jsons/2023/10/31/flare_cme_soho_electrons/SAWS_ASPECS_flare_CME_SOHO_electrons_90.2012-07-12T161000Z.2012-07-12T153700Z.json,2012-07-12 16:10:00,2012-07-14 21:40:00,False,0.25117,2012-07-12 17:35:00,1 / (cm2 s sr),6.3763,1 / (cm2 s sr)
16,SAWS-ASPECS flare + CME_SOHO electrons 90%,min.100.0.max.-1.0.units.MeV,False,min.100.0.max.-1.0.units.MeV,model/SEPVAL2023_Europe/ASPECS/aspecs_jsons/2023/10/31/flare_cme_soho_electrons/SAWS_ASPECS_flare_CME_SOHO_electrons_90.2012-09-28T001000Z.2012-09-27T233600Z.json,2012-09-28 00:10:00,2012-09-30 05:40:00,False,0.15892,2012-09-28 09:20:00,1 / (cm2 s sr),0.042728,1 / (cm2 s sr)
17,SAWS-ASPECS flare + CME_SOHO electrons 90%,min.100.0.max.-1.0.units.MeV,False,min.100.0.max.-1.0.units.MeV,model/SEPVAL2023_Europe/ASPECS/aspecs_jsons/2023/10/31/flare_cme_soho_electrons/SAWS_ASPECS_flare_CME_SOHO_electrons_90.2013-04-11T072500Z.2013-04-11T065500Z.json,2013-04-11 07:25:00,2013-04-13 12:55:00,True,2.0297,2013-04-11 14:00:00,1 / (cm2 s sr),3.1869,1 / (cm2 s sr)
18,SAWS-ASPECS flare + CME_SOHO electrons 90%,min.100.0.max.-1.0.units.MeV,False,min.100.0.max.-1.0.units.MeV,model/SEPVAL2023_Europe/ASPECS/aspecs_jsons/2023/10/31/flare_cme_soho_electrons/SAWS_ASPECS_flare_CME_SOHO_electrons_90.2013-05-22T130000Z.2013-05-22T123000Z.json,2013-05-22 13:00:00,2013-05-24 18:30:00,True,3.5818,2013-05-22 18:30:00,1 / (cm2 s sr),0.74082,1 / (cm2 s sr)
19,SAWS-ASPECS flare + CME_SOHO electrons 90%,min.100.0.max.-1.0.units.MeV,False,min.100.0.max.-1.0.units.MeV,model/SEPVAL2023_Europe/ASPECS/aspecs_jsons/2023/10/31/flare_cme_soho_electrons/SAWS_ASPECS_flare_CME_SOHO_electrons_90.2013-06-07T230500Z.2013-06-07T223200Z.json,2013-06-07 23:05:00,2013-06-10 04:35:00,False,0.069721,2013-06-09 10:40:00,1 / (cm2 s sr),0.028927,1 / (cm2 s sr)
20,SAWS-ASPECS flare + CME_SOHO electrons 90%,min.100.0.max.-1.0.units.MeV,False,min.100.0.max.-1.0.units.MeV,model/SEPVAL2023_Europe/ASPECS/aspecs_jsons/2023/10/31/flare_cme_soho_electrons/SAWS_ASPECS_flare_CME_SOHO_electrons_90.2013-06-28T034000Z.2013-06-28T013600Z.json,2013-06-28 03:40:00,2013-06-30 09:10:00,False,0.074885,2013-06-29 11:55:00,1 / (cm2 s sr),0.065708,1 / (cm2 s sr)
21,SAWS-ASPECS flare + CME_SOHO electrons 90%,min.100.0.max.-1.0.units.MeV,False,min.100.0.max.-1.0.units.MeV,model/SEPVAL2023_Europe/ASPECS/aspecs_jsons/2023/10/31/flare_cme_soho_electrons/SAWS_ASPECS_flare_CME_SOHO_electrons_90.2013-09-29T221500Z.2013-09-29T214300Z.json,2013-09-29 22:15:00,2013-10-02 03:45:00,False,0.18026,2013-09-30 06:20:00,1 / (cm2 s sr),0.03432,1 / (cm2 s sr)
22,SAWS-ASPECS flare + CME_SOHO electrons 90%,min.100.0.max.-1.0.units.MeV,False,min.100.0.max.-1.0.units.MeV,model/SEPVAL2023_Europe/ASPECS/aspecs_jsons/2023/10/31/flare_cme_soho_electrons/SAWS_ASPECS_flare_CME_SOHO_electrons_90.2014-01-07T195000Z.2014-01-07T180400Z.json,2014-01-07 19:50:00,2014-01-10 00:49:00,True,4.2687,2014-01-07 22:40:00,1 / (cm2 s sr),5.8101,1 / (cm2 s sr)
23,SAWS-ASPECS flare + CME_SOHO electrons 90%,min.100.0.max.-1.0.units.MeV,False,min.100.0.max.-1.0.units.MeV,model/SEPVAL2023_Europe/ASPECS/aspecs_jsons/2023/10/31/flare_cme_soho_electrons/SAWS_ASPECS_flare_CME_SOHO_electrons_90.2014-02-25T011500Z.2014-02-25T004100Z.json,2014-02-25 01:15:00,2014-02-27 06:45:00,False,0.94287,2014-02-25 19:45:00,1 / (cm2 s sr),101.42,1 / (cm2 s sr)
24,SAWS-ASPECS flare + CME_SOHO electrons 90%,min.100.0.max.-1.0.units.MeV,False,min.100.0.max.-1.0.units.MeV,model/SEPVAL2023_Europe/ASPECS/aspecs_jsons/2023/10/31/flare_cme_soho_electrons/SAWS_ASPECS_flare_CME_SOHO_electrons_90.2014-04-18T130500Z.2014-04-18T123100Z.json,2014-04-18 13:05:00,2014-04-20 18:35:00,False,0.65984,2014-04-18 14:20:00,1 / (cm2 s sr),8.22,1 / (cm2 s sr)
25,SAWS-ASPECS flare + CME_SOHO electrons 90%,min.100.0.max.-1.0.units.MeV,False,min.100.0.max.-1.0.units.MeV,model/SEPVAL2023_Europe/ASPECS/aspecs_jsons/2023/10/31/flare_cme_soho_electrons/SAWS_ASPECS_flare_CME_SOHO_electrons_90.2014-08-01T183000Z.2014-08-01T180000Z.json,2014-08-01 18:30:00,2014-08-04 00:00:00,False,0.08978,2014-08-03 20:25:00,1 / (cm2 s sr),0.038956,1 / (cm2 s sr)
26,SAWS-ASPECS flare + CME_SOHO electrons 90%,min.100.0.max.-1.0.units.MeV,False,min.100.0.max.-1.0.units.MeV,model/SEPVAL2023_Europe/ASPECS/aspecs_jsons/2023/10/31/flare_cme_soho_electrons/SAWS_ASPECS_flare_CME_SOHO_electrons_90.2014-09-10T193000Z.2014-09-10T172100Z.json,2014-09-10 19:30:00,2014-09-13 00:00:00,False,1.2485,2014-09-11 04:25:00,1 / (cm2 s sr),6.4978,1 / (cm2 s sr)
27,SAWS-ASPECS flare + CME_SOHO electrons 90%,min.100.0.max.-1.0.units.MeV,False,min.100.0.max.-1.0.units.MeV,model/SEPVAL2023_Europe/ASPECS/aspecs_jsons/2023/10/31/flare_cme_soho_electrons/SAWS_ASPECS_flare_CME_SOHO_electrons_90.2014-10-24T081000Z.2014-10-24T073700Z.json,2014-10-24 08:10:00,2014-10-26 13:40:00,False,0.080686,2014-10-24 09:40:00,1 / (cm2 s sr),0.034894,1 / (cm2 s sr)
28,SAWS-ASPECS flare + CME_SOHO electrons 90%,min.100.0.max.-1.0.units.MeV,False,min.100.0.max.-1.0.units.MeV,model/SEPVAL2023_Europe/ASPECS/aspecs_jsons/2023/10/31/flare_cme_soho_electrons/SAWS_ASPECS_flare_CME_SOHO_electrons_90.2014-11-06T040500Z.2014-11-06T033200Z.json,2014-11-06 04:05:00,2014-11-08 09:35:00,False,0.075528,2014-11-08 02:00:00,1 / (cm2 s sr),0.028227,1 / (cm2 s sr)
29,SAWS-ASPECS flare + CME_SOHO electrons 90%,min.100.0.max.-1.0.units.MeV,False,min.100.0.max.-1.0.units.MeV,model/SEPVAL2023_Europe/ASPECS/aspecs_jsons/2023/10/31/flare_cme_soho_electrons/SAWS_ASPECS_flare_CME_SOHO_electrons_90.2014-11-07T172500Z.2014-11-07T165300Z.json,2014-11-07 17:25:00,2014-11-09 22:55:00,False,0.082857,2014-11-08 12:00:00,1 / (cm2 s sr),0.033718,1 / (cm2 s sr)
30,SAWS-ASPECS flare + CME_SOHO electrons 90%,min.100.0.max.-1.0.units.MeV,False,min.100.0.max.-1.0.units.MeV,model/SEPVAL2023_Europe/ASPECS/aspecs_jsons/2023/10/31/flare_cme_soho_electrons/SAWS_ASPECS_flare_CME_SOHO_electrons_90.2014-12-17T045500Z.2014-12-17T042500Z.json,2014-12-17 04:55:00,2014-12-19 10:25:00,False,0.083624,2014-12-17 11:20:00,1 / (cm2 s sr),0.036717,1 / (cm2 s sr)
31,SAWS-ASPECS flare + CME_SOHO electrons 90%,min.100.0.max.-1.0.units.MeV,False,min.100.0.max.-1.0.units.MeV,model/SEPVAL2023_Europe/ASPECS/aspecs_jsons/2023/10/31/flare_cme_soho_electrons/SAWS_ASPECS_flare_CME_SOHO_electrons_90.2014-12-18T221500Z.2014-12-18T214100Z.json,2014-12-18 22:15:00,2014-12-21 03:45:00,False,0.077204,2014-12-20 16:25:00,1 / (cm2 s sr),0.038264,1 / (cm2 s sr)
32,SAWS-ASPECS flare + CME_SOHO electrons 90%,min.100.0.max.-1.0.units.MeV,False,min.100.0.max.-1.0.units.MeV,model/SEPVAL2023_Europe/ASPECS/aspecs_jsons/2023/10/31/flare_cme_soho_electrons/SAWS_ASPECS_flare_CME_SOHO_electrons_90.2015-03-10T000000Z.2015-03-09T232900Z.json,2015-03-10 00:00:00,2015-03-12 05:30:00,False,0.084903,2015-03-11 21:00:00,1 / (cm2 s sr),0.039603,1 / (cm2 s sr)
33,SAWS-ASPECS flare + CME_SOHO electrons 90%,min.100.0.max.-1.0.units.MeV,False,min.100.0.max.-1.0.units.MeV,model/SEPVAL2023_Europe/ASPECS/aspecs_jsons/2023/10/31/flare_cme_soho_electrons/SAWS_ASPECS_flare_CME_SOHO_electrons_90.2016-07-23T053000Z.2016-07-23T050000Z.json,2016-07-23 05:30:00,2016-07-25 11:00:00,False,0.099171,2016-07-23 10:05:00,1 / (cm2 s sr),8.6591,1 / (cm2 s sr)
34,SAWS-ASPECS flare + CME_SOHO electrons 90%,min.100.0.max.-1.0.units.MeV,False,min.100.0.max.-1.0.units.MeV,model/SEPVAL2023_Europe/ASPECS/aspecs_jsons/2023/10/31/flare_cme_soho_electrons/SAWS_ASPECS_flare_CME_SOHO_electrons_90.2017-07-14T014000Z.2017-07-14T010700Z.json,2017-07-14 01:40:00,2017-07-16 07:10:00,False,0.13634,2017-07-14 10:00:00,1 / (cm2 s sr),0.056634,1 / (cm2 s sr)
35,SAWS-ASPECS flare + CME_SOHO electrons 90%,min.100.0.max.-1.0.units.MeV,False,min.100.0.max.-1.0.units.MeV,model/SEPVAL2023_Europe/ASPECS/aspecs_jsons/2023/10/31/flare_cme_soho_electrons/SAWS_ASPECS_flare_CME_SOHO_electrons_90.2017-09-04T214000Z.2017-09-04T202800Z.json,2017-09-04 21:40:00,2017-09-07 03:10:00,False,0.62467,2017-09-06 13:05:00,1 / (cm2 s sr),0.073705,1 / (cm2 s sr)
36,SAWS-ASPECS flare + CME_SOHO electrons 90%,min.100.0.max.-1.0.units.MeV,False,min.100.0.max.-1.0.units.MeV,model/SEPVAL2023_Europe/ASPECS/aspecs_jsons/2023/10/31/flare_cme_soho_electrons/SAWS_ASPECS_flare_CME_SOHO_electrons_90.2017-09-06T123000Z.2017-09-06T115300Z.json,2017-09-06 12:30:00,2017-09-08 18:00:00,False,0.62467,2017-09-06 13:05:00,1 / (cm2 s sr),216.9,1 / (cm2 s sr)
37,SAWS-ASPECS flare + CME_SOHO electrons 90%,min.100.0.max.-1.0.units.MeV,False,min.100.0.max.-1.0.units.MeV,model/SEPVAL2023_Europe/ASPECS/aspecs_jsons/2023/10/31/flare_cme_soho_electrons/SAWS_ASPECS_flare_CME_SOHO_electrons_90.2017-09-10T160500Z.2017-09-10T153500Z.json,2017-09-10 16:05:00,2017-09-12 21:35:00,True,68.128,2017-09-10 22:15:00,1 / (cm2 s sr),214.2,1 / (cm2 s sr)
38,SAWS-ASPECS flare + CME_SOHO electrons 90%,min.100.0.max.-1.0.units.MeV,False,min.100.0.max.-1.0.units.MeV,model/SEPVAL2023_Europe/ASPECS/aspecs_jsons/2023/10/31/flare_cme_soho_electrons/SAWS_ASPECS_flare_CME_SOHO_electrons_90.2021-05-28T225000Z.2021-05-28T221900Z.json,2021-05-28 22:50:00,2021-05-31 04:20:00,False,0.575705,2021-05-30 16:10:00,1 / (cm2 s sr),0.47861,1 / (cm2 s sr)
39,SAWS-ASPECS flare + CME_SOHO electrons 90%,min.100.0.max.-1.0.units.MeV,False,min.100.0.max.-1.0.units.MeV,model/SEPVAL2023_Europe/ASPECS/aspecs_jsons/2023/10/31/flare_cme_soho_electrons/SAWS_ASPECS_flare_CME_SOHO_electrons_90.2021-10-28T155000Z.2021-10-28T151700Z.json,2021-10-28 15:50:00,2021-10-30 21:20:00,True,7.327305,2021-10-28 18:15:00,1 / (cm2 s sr),5.359,1 / (cm2 s sr)
40,SAWS-ASPECS flare + CME_SOHO electrons 90%,min.100.0.max.-1.0.units.MeV,False,min.100.0.max.-1.0.units.MeV,model/SEPVAL2023_Europe/ASPECS/aspecs_jsons/2023/10/31/flare_cme_soho_electrons/SAWS_ASPECS_flare_CME_SOHO_electrons_90.2021-11-01T013000Z.2021-11-01T005700Z.json,2021-11-01 01:30:00,2021-11-03 07:00:00,False,0.530703,2021-11-01 18:50:00,1 / (cm2 s sr),0.46095,1 / (cm2 s sr)
41,SAWS-ASPECS flare + CME_SOHO electrons 90%,min.100.0.max.-1.0.units.MeV,False,min.100.0.max.-1.0.units.MeV,model/SEPVAL2023_Europe/ASPECS/aspecs_jsons/2023/10/31/flare_cme_soho_electrons/SAWS_ASPECS_flare_CME_SOHO_electrons_90.2021-11-02T023500Z.2021-11-02T020300Z.json,2021-11-02 02:35:00,2021-11-04 08:05:00,False,0.533044,2021-11-03 19:20:00,1 / (cm2 s sr),0.444,1 / (cm2 s sr)
42,SAWS-ASPECS flare + CME_SOHO electrons 90%,min.100.0.max.-1.0.units.MeV,False,min.100.0.max.-1.0.units.MeV,model/SEPVAL2023_Europe/ASPECS/aspecs_jsons/2023/10/31/flare_cme_soho_electrons/SAWS_ASPECS_flare_CME_SOHO_electrons_90.2022-01-18T173500Z.2022-01-18T170100Z.json,2022-01-18 17:35:00,2022-01-20 23:05:00,False,1.126116,2022-01-20 08:50:00,1 / (cm2 s sr),0.43132,1 / (cm2 s sr)
43,SAWS-ASPECS flare + CME_SOHO electrons 90%,min.100.0.max.-1.0.units.MeV,False,min.100.0.max.-1.0.units.MeV,model/SEPVAL2023_Europe/ASPECS/aspecs_jsons/2023/10/31/flare_cme_soho_electrons/SAWS_ASPECS_flare_CME_SOHO_electrons_90.2022-01-20T061500Z.2022-01-20T054100Z.json,2022-01-20 06:15:00,2022-01-22 11:45:00,True,1.126116,2022-01-20 08:50:00,1 / (cm2 s sr),0.89589,1 / (cm2 s sr)
44,SAWS-ASPECS flare + CME_SOHO electrons 90%,min.100.0.max.-1.0.units.MeV,False,min.100.0.max.-1.0.units.MeV,model/SEPVAL2023_Europe/ASPECS/aspecs_jsons/2023/10/31/flare_cme_soho_electrons/SAWS_ASPECS_flare_CME_SOHO_electrons_90.2022-03-28T113000Z.2022-03-28T105800Z.json,2022-03-28 11:30:00,2022-03-30 17:00:00,True,1.269069,2022-03-28 13:25:00,1 / (cm2 s sr),0.37982,1 / (cm2 s sr)
45,SAWS-ASPECS flare + CME_SOHO electrons 90%,min.100.0.max.-1.0.units.MeV,False,min.100.0.max.-1.0.units.MeV,model/SEPVAL2023_Europe/ASPECS/aspecs_jsons/2023/10/31/flare_cme_soho_electrons/SAWS_ASPECS_flare_CME_SOHO_electrons_90.2022-04-02T133000Z.2022-04-02T125600Z.json,2022-04-02 13:30:00,2022-04-04 19:00:00,False,0.846713,2022-04-02 14:05:00,1 / (cm2 s sr),0.37337,1 / (cm2 s sr)
46,SAWS-ASPECS flare + CME_SOHO electrons 90%,min.100.0.max.-1.0.units.MeV,False,min.100.0.max.-1.0.units.MeV,model/SEPVAL2023_Europe/ASPECS/aspecs_jsons/2023/10/31/flare_cme_soho_electrons/SAWS_ASPECS_flare_CME_SOHO_electrons_90.2022-04-17T035000Z.2022-04-17T031700Z.json,2022-04-17 03:50:00,2022-04-19 09:20:00,False,0.503057,2022-04-19 01:25:00,1 / (cm2 s sr),5.3769,1 / (cm2 s sr)
47,SAWS-ASPECS flare + CME_SOHO electrons 90%,min.100.0.max.-1.0.units.MeV,False,min.100.0.max.-1.0.units.MeV,model/SEPVAL2023_Europe/ASPECS/aspecs_jsons/2023/10/31/flare_cme_soho_electrons/SAWS_ASPECS_flare_CME_SOHO_electrons_90.2022-04-20T041500Z.2022-04-20T034100Z.json,2022-04-20 04:15:00,2022-04-22 09:45:00,False,0.52639,2022-04-20 23:00:00,1 / (cm2 s sr),73.59,1 / (cm2 s sr)
48,SAWS-ASPECS flare + CME_SOHO electrons 90%,min.100.0.max.-1.0.units.MeV,False,min.100.0.max.-1.0.units.MeV,model/SEPVAL2023_Europe/ASPECS/aspecs_jsons/2023/10/31/flare_cme_soho_electrons/SAWS_ASPECS_flare_CME_SOHO_electrons_90.2022-04-29T074500Z.2022-04-29T071500Z.json,2022-04-29 07:45:00,2022-05-01 13:15:00,False,0.50802,2022-04-30 03:05:00,1 / (cm2 s sr),0.38153,1 / (cm2 s sr)
49,SAWS-ASPECS flare + CME_SOHO electrons 90%,min.100.0.max.-1.0.units.MeV,False,min.100.0.max.-1.0.units.MeV,model/SEPVAL2023_Europe/ASPECS/aspecs_jsons/2023/10/31/flare_cme_soho_electrons/SAWS_ASPECS_flare_CME_SOHO_electrons_90.2022-05-25T184500Z.2022-05-25T181200Z.json,2022-05-25 18:45:00,2022-05-28 00:15:00,False,0.484357,2022-05-27 02:05:00,1 / (cm2 s sr),0.3744,1 / (cm2 s sr)
50,SAWS-ASPECS flare + CME_SOHO electrons 90%,min.100.0.max.-1.0.units.MeV,False,min.100.0.max.-1.0.units.MeV,model/SEPVAL2023_Europe/ASPECS/aspecs_jsons/2023/10/31/flare_cme_soho_electrons/SAWS_ASPECS_flare_CME_SOHO_electrons_90.2022-08-17T140000Z.2022-08-17T132600Z.json,2022-08-17 14:00:00,2022-08-19 19:30:00,False,0.392348,2022-08-18 04:30:00,1 / (cm2 s sr),0.31021,1 / (cm2 s sr)
51,SAWS-ASPECS flare + CME_SOHO electrons 90%,min.100.0.max.-1.0.units.MeV,False,min.100.0.max.-1.0.units.MeV,model/SEPVAL2023_Europe/ASPECS/aspecs_jsons/2023/10/31/flare_cme_soho_electrons/SAWS_ASPECS_flare_CME_SOHO_electrons_90.2022-08-18T111000Z.2022-08-18T103700Z.json,2022-08-18 11:10:00,2022-08-20 16:40:00,False,0.377065,2022-08-19 17:40:00,1 / (cm2 s sr),0.30175,1 / (cm2 s sr)
52,SAWS-ASPECS flare + CME_SOHO electrons 90%,min.100.0.max.-1.0.units.MeV,False,min.100.0.max.-1.0.units.MeV,model/SEPVAL2023_Europe/ASPECS/aspecs_jsons/2023/10/31/flare_cme_soho_electrons/SAWS_ASPECS_flare_CME_SOHO_electrons_90.2022-08-19T044500Z.2022-08-19T041400Z.json,2022-08-19 04:45:00,2022-08-21 10:15:00,False,0.377065,2022-08-19 17:40:00,1 / (cm2 s sr),0.31603,1 / (cm2 s sr)
53,SAWS-ASPECS flare + CME_SOHO electrons 90%,min.100.0.max.-1.0.units.MeV,False,min.100.0.max.-1.0.units.MeV,model/SEPVAL2023_Europe/ASPECS/aspecs_jsons/2023/10/31/flare_cme_soho_electrons/SAWS_ASPECS_flare_CME_SOHO_electrons_90.2022-08-27T022500Z.2022-08-27T015200Z.json,2022-08-27 02:25:00,2022-08-29 07:55:00,False,0.392683,2022-08-27 23:05:00,1 / (cm2 s sr),0.53087,1 / (cm2 s sr)
54,SAWS-ASPECS flare + CME_SOHO electrons 90%,min.100.0.max.-1.0.units.MeV,False,min.100.0.max.-1.0.units.MeV,model/SEPVAL2023_Europe/ASPECS/aspecs_jsons/2023/10/31/flare_cme_soho_electrons/SAWS_ASPECS_flare_CME_SOHO_electrons_90.2022-08-29T164500Z.2022-08-29T161500Z.json,2022-08-29 16:45:00,2022-08-31 22:15:00,False,0.393682,2022-08-31 03:40:00,1 / (cm2 s sr),0.30785,1 / (cm2 s sr)
55,SAWS-ASPECS flare + CME_SOHO electrons 90%,min.100.0.max.-1.0.units.MeV,False,min.100.0.max.-1.0.units.MeV,model/SEPVAL2023_Europe/ASPECS/aspecs_jsons/2023/10/31/flare_cme_soho_electrons/SAWS_ASPECS_flare_CME_SOHO_electrons_90.2022-08-30T183500Z.2022-08-30T180500Z.json,2022-08-30 18:35:00,2022-09-02 00:05:00,False,0.393682,2022-08-31 03:40:00,1 / (cm2 s sr),0.31035,1 / (cm2 s sr)
56,SAWS-ASPECS flare + CME_SOHO electrons 90%,min.100.0.max.-1.0.units.MeV,False,min.100.0.max.-1.0.units.MeV,model/SEPVAL2023_Europe/ASPECS/aspecs_jsons/2023/10/31/flare_cme_soho_electrons/SAWS_ASPECS_flare_CME_SOHO_electrons_90.2022-12-01T073500Z.2022-12-01T070400Z.json,2022-12-01 07:35:00,2022-12-03 13:05:00,False,0.409743,2022-12-03 07:05:00,1 / (cm2 s sr),0.31029,1 / (cm2 s sr)
57,SAWS-ASPECS flare + CME_SOHO electrons 90%,min.100.0.max.-1.0.units.MeV,False,min.100.0.max.-1.0.units.MeV,model/SEPVAL2023_Europe/ASPECS/aspecs_jsons/2023/10/31/flare_cme_soho_electrons/SAWS_ASPECS_flare_CME_SOHO_electrons_90.2023-02-25T191000Z.2023-02-25T184000Z.json,2023-02-25 19:10:00,2023-02-28 00:40:00,False,0.362346,2023-02-25 23:25:00,1 / (cm2 s sr),6.0465,1 / (cm2 s sr)
58,SAWS-ASPECS flare + CME_SOHO electrons 90%,min.100.0.max.-1.0.units.MeV,False,min.100.0.max.-1.0.units.MeV,model/SEPVAL2023_Europe/ASPECS/aspecs_jsons/2023/10/31/flare_cme_soho_electrons/SAWS_ASPECS_flare_CME_SOHO_electrons_90.2023-03-04T155000Z.2023-03-04T151900Z.json,2023-03-04 15:50:00,2023-03-06 21:20:00,False,0.291477,2023-03-06 07:00:00,1 / (cm2 s sr),0.80349,1 / (cm2 s sr)
59,SAWS-ASPECS flare + CME_SOHO electrons 90%,min.100.0.max.-1.0.units.MeV,False,min.100.0.max.-1.0.units.MeV,model/SEPVAL2023_Europe/ASPECS/aspecs_jsons/2023/10/31/flare_cme_soho_electrons/SAWS_ASPECS_flare_CME_SOHO_electrons_90.2023-03-06T024000Z.2023-03-06T020800Z.json,2023-03-06 02:40:00,2023-03-08 08:10:00,False,0.316042,2023-03-08 02:40:00,1 / (cm2 s sr),0.77771,1 / (cm2 s sr)
