,Model,Energy Channel,Threshold,Prediction Energy Channel,Prediction Threshold,Scatter Plot,Linear Regression Slope,Linear Regression y-intercept,Pearson Correlation Coefficient (Linear),Pearson Correlation Coefficient (Log),Spearman Correlation Coefficient (Linear),Spearman Correlation Coefficient (Log),Mean Error (ME),Median Error (MedE),Mean Log Error (MLE),Median Log Error (MedLE),Mean Absolute Error (MAE),Median Absolute Error (MedAE),Mean Absolute Log Error (MALE),Median Absolute Log Error (MedALE),Mean Absolute Percentage Error (MAPE),Mean Accuracy Ratio,Root Mean Square Error (RMSE),Root Mean Square Log Error (RMSLE),Median Symmetric Accuracy (MdSA)
0,COMESEP flare+CME ,min.10.0.max.-1.0.units.MeV,threshold.10.0.units.1 / (cm2 s sr),min.10.0.max.-1.0.units.MeV,threshold.10.0.units.1 / (cm2 s sr),./output/plots/Correlation_peak_intensity_max_COMESEP flare+CME _min.10.0.max.-1.0.units.MeV_threshold_10.0,0.06259243972352574,179.89311504363945,0.3427862130262298,0.39514695572710073,,,-559.0078025012753,-22.24797586990823,-0.1559158193075982,-0.17263299439484947,700.3654086386974,136.05897586990824,0.5741376295438783,0.4308720887576809,1.7505651512167553,,1732.6160588445334,0.7441803272771143,
1,COMESEP flare only,min.10.0.max.-1.0.units.MeV,threshold.10.0.units.1 / (cm2 s sr),min.10.0.max.-1.0.units.MeV,threshold.10.0.units.1 / (cm2 s sr),./output/plots/Correlation_peak_intensity_max_COMESEP flare only_min.10.0.max.-1.0.units.MeV_threshold_10.0,0.07859878992387087,111.07542876002047,0.41902050306257466,0.4179321068096401,,,-588.0783622281078,-21.125526464123094,-0.3085967284986485,-0.13197443034254908,677.0692072407799,42.299617,0.5356522294794597,0.26591235291957727,2.0456733563155187,,1692.6262435007761,0.7668361776466162,
2,ZEUS+iPATH_CME,min.10.0.max.-1.0.units.MeV,threshold.10.0.units.1 / (cm2 s sr),min.10.0.max.-1.0.units.MeV,threshold.10.0.units.1 / (cm2 s sr),./output/plots/Correlation_peak_intensity_max_ZEUS+iPATH_CME_min.10.0.max.-1.0.units.MeV_threshold_10.0,2.642598205952471,396.6924058624706,0.9644869382693221,0.3907923934561637,,,1289.1744327897993,87.49549131798685,0.28811289429411946,0.317752506601767,1328.3344876798228,113.15167873106685,0.8602498517689505,0.4370322568072016,11.653012579820768,,3072.2618611211838,1.1385317250904892,
3,ZEUS+iPATH_CME,min.100.0.max.-1.0.units.MeV,threshold.1.0.units.1 / (cm2 s sr),min.100.0.max.-1.0.units.MeV,threshold.1.0.units.1 / (cm2 s sr),./output/plots/Correlation_peak_intensity_max_ZEUS+iPATH_CME_min.100.0.max.-1.0.units.MeV_threshold_1.0,-90.19811232444772,1177.1985235152472,-1.0,-1.0,,,440.8330452683426,440.8330452683426,1.6087774839510196,1.6087774839510196,440.8330452683426,440.8330452683426,1.6087774839510196,1.6087774839510196,96.23452016598189,,561.0615270876426,1.7388009385295362,
4,ZEUS+iPATH_CME,min.30.0.max.-1.0.units.MeV,threshold.1.0.units.1 / (cm2 s sr),min.30.0.max.-1.0.units.MeV,threshold.1.0.units.1 / (cm2 s sr),./output/plots/Correlation_peak_intensity_max_ZEUS+iPATH_CME_min.30.0.max.-1.0.units.MeV_threshold_1.0,0.662178804725993,369.70492938976713,0.06945223926414135,0.03101522248086877,,,361.4240073614452,124.59886153029245,1.0856233015277843,0.8880864362902778,362.9692046909551,124.59886153029245,1.2804138346657437,1.0228327779746396,126.71665030835318,,594.5508796426797,1.5499141654854773,
5,ZEUS+iPATH_CME,min.50.0.max.-1.0.units.MeV,threshold.1.0.units.1 / (cm2 s sr),min.50.0.max.-1.0.units.MeV,threshold.1.0.units.1 / (cm2 s sr),./output/plots/Correlation_peak_intensity_max_ZEUS+iPATH_CME_min.50.0.max.-1.0.units.MeV_threshold_1.0,21.959840363941957,-42.39063726793692,0.7542130715697701,0.8277488764128045,,,335.2214973981686,55.71601186386953,0.7058127595505067,0.7070266809710598,336.08245862551337,55.71601186386953,0.9313030984007952,0.7351440243702183,11.485609834858815,,682.7666162608025,1.0072501841982955,
6,SEPMOD,min.10.0.max.-1.0.units.MeV,threshold.10.0.units.1 / (cm2 s sr),min.10.0.max.-1.0.units.MeV,threshold.10.0.units.1 / (cm2 s sr),./output/plots/Correlation_peak_intensity_max_SEPMOD_min.10.0.max.-1.0.units.MeV_threshold_10.0,0.02813401330352306,207.13211826801606,0.07446604979455061,,,,-393.04780320000003,-26.08,-inf,-0.8216308857426395,647.1687718000001,69.7631475,inf,0.8925105297375349,1.3403152361593793,,1704.2638851143383,inf,
7,SEPMOD,min.100.0.max.-1.0.units.MeV,threshold.1.0.units.1 / (cm2 s sr),min.100.0.max.-1.0.units.MeV,threshold.1.0.units.1 / (cm2 s sr),./output/plots/Correlation_peak_intensity_max_SEPMOD_min.100.0.max.-1.0.units.MeV_threshold_1.0,-0.10660384117637886,5.835630814832381,-0.16805966172395392,,,,-3.8871005025,-2.35143722,-inf,-1.7595770056029858,12.243875502500002,4.166771799999999,inf,1.7595770056029858,2.6195228159548343,,21.13749454235294,inf,
8,SEPMOD,min.30.0.max.-1.0.units.MeV,threshold.1.0.units.1 / (cm2 s sr),min.30.0.max.-1.0.units.MeV,threshold.1.0.units.1 / (cm2 s sr),./output/plots/Correlation_peak_intensity_max_SEPMOD_min.30.0.max.-1.0.units.MeV_threshold_1.0,0.009157119109871183,17.933528625872473,0.028576321558510608,,,,-52.54351596666667,-6.8325065,-inf,-1.1188303461146014,70.6947097,11.621856999999999,inf,1.1188303461146014,1.002278039545267,,169.85000748743624,inf,
9,SEPMOD,min.50.0.max.-1.0.units.MeV,threshold.1.0.units.1 / (cm2 s sr),min.50.0.max.-1.0.units.MeV,threshold.1.0.units.1 / (cm2 s sr),./output/plots/Correlation_peak_intensity_max_SEPMOD_min.50.0.max.-1.0.units.MeV_threshold_1.0,-0.02144963952486954,9.442268094923095,-0.05884554283720035,,,,-19.858103,-3.724112,-inf,-1.2869899576619406,31.763611333333337,8.531909500000001,inf,1.2869899576619406,1.1655609067090686,,68.6574342551381,inf,
10,MFLAMPA,min.10.0.max.-1.0.units.MeV,threshold.10.0.units.1 / (cm2 s sr),min.10.0.max.-1.0.units.MeV,threshold.10.0.units.1 / (cm2 s sr),./output/plots/Correlation_peak_intensity_max_MFLAMPA_min.10.0.max.-1.0.units.MeV_threshold_10.0,0.0892458460509816,496.0103418309331,0.2425762134683806,0.8654840845341851,,,-759.6534360363376,-85.01661314819742,-0.29402345816476355,-0.28404051930570673,1077.1868820653374,150.17494516277185,0.4130568420952956,0.28404051930570673,0.6172059893146244,,2247.729616594196,0.49454804590917684,
11,STAT,min.10.0.max.-1.0.units.MeV,threshold.10.0.units.1 / (cm2 s sr),min.10.0.max.-1.0.units.MeV,threshold.10.0.units.1 / (cm2 s sr),./output/plots/Correlation_peak_intensity_max_STAT_min.10.0.max.-1.0.units.MeV_threshold_10.0,-0.010797609090006047,257.83775045672877,-0.05756401138979167,0.2468180432204801,,,-1291.5136276666667,-160.968383,-0.9246850348089658,-0.609461662119962,1326.2536276666667,201.36,1.0310343531085413,0.609461662119962,0.7904459273703538,,2697.2537517220962,1.44434379785938,
12,STAT,min.100.0.max.-1.0.units.MeV,threshold.1.0.units.1 / (cm2 s sr),min.100.0.max.-1.0.units.MeV,threshold.1.0.units.1 / (cm2 s sr),./output/plots/Correlation_peak_intensity_max_STAT_min.100.0.max.-1.0.units.MeV_threshold_1.0,3.3890985216044567,-17.452906194617565,0.5663321994311752,-0.039571114697654626,,,71.538627623,-5.7227475000000005,-2.5138209411640076,-1.8798100918909177,111.89737237700001,38.269489754000006,2.916402749762212,1.8798100918909177,2.088919852855849,,186.7243574255423,3.8151405366382636,
13,STAT,min.50.0.max.-1.0.units.MeV,threshold.1.0.units.1 / (cm2 s sr),min.50.0.max.-1.0.units.MeV,threshold.1.0.units.1 / (cm2 s sr),./output/plots/Correlation_peak_intensity_max_STAT_min.50.0.max.-1.0.units.MeV_threshold_1.0,1.0211444180451266,52.17924301746564,0.35069433228462066,-0.06459413334325295,,,55.22450414999999,-29.506327000000002,-2.045551297095975,-1.5491667339861963,234.53049585000002,173.33716470000002,2.328654566857535,1.5491667339861963,1.406050221907967,,327.0894990231853,3.044468059555083,
14,SFS-Update,min.10.0.max.-1.0.units.MeV,threshold.10.0.units.1 / (cm2 s sr),min.10.0.max.-1.0.units.MeV,threshold.10.0.units.1 / (cm2 s sr),./output/plots/Correlation_peak_intensity_max_SFS-Update_min.10.0.max.-1.0.units.MeV_threshold_10.0,0.004949302992423315,44.96404773969364,0.1921680252097664,0.34679543691725334,,,-833.4749328666667,-53.253,-0.6443325600863778,-0.4745498277519383,842.9631392666666,64.6225,0.7184684801134494,0.6131280988951815,0.7015182625255729,,2071.2061548328675,0.9933086141991202,
15,SFS-Update,min.100.0.max.-1.0.units.MeV,threshold.1.0.units.1 / (cm2 s sr),min.100.0.max.-1.0.units.MeV,threshold.1.0.units.1 / (cm2 s sr),./output/plots/Correlation_peak_intensity_max_SFS-Update_min.100.0.max.-1.0.units.MeV_threshold_1.0,0.07291349322477972,2.8860589814981354,0.5346509161966122,0.43004599912938735,,,-12.866930625,-0.9252499999999999,-0.2803606992029795,-0.11507722838655399,14.147882500000001,3.32125,0.4544499864356863,0.3364836507279364,0.6955976099168908,,26.980584684332783,0.6155704209313831,
16,SEPSTER2D CME,min.10.0.max.-1.0.units.MeV,threshold.10.0.units.1 / (cm2 s sr),min.10.0.max.-1.0.units.MeV,threshold.10.0.units.1 / (cm2 s sr),./output/plots/Correlation_peak_intensity_max_SEPSTER2D CME_min.10.0.max.-1.0.units.MeV_threshold_10.0,0.13012638266315138,240.4970964336921,0.46128200668166996,0.5968828442887719,,,-356.7211431034483,-6.7007660000000016,-0.13752463436994258,-0.11433004377144762,596.1289935862069,110.137,0.5852909812251038,0.48418142090555283,2.021732602871632,,1507.4764810093884,0.7683131715207789,
17,SEPSTER2D CME,min.100.0.max.-1.0.units.MeV,threshold.1.0.units.1 / (cm2 s sr),min.100.0.max.-1.0.units.MeV,threshold.1.0.units.1 / (cm2 s sr),./output/plots/Correlation_peak_intensity_max_SEPSTER2D CME_min.100.0.max.-1.0.units.MeV_threshold_1.0,0.04801788762879403,3.8525324705531747,0.19423039631110495,0.35405743478186186,,,-8.29579991875,-2.02729985,-1.007196535712336,-0.9055052335020022,12.94934991875,7.02995,1.3487392421702402,0.9694766768141357,1.67603250085909,,22.863864161185347,1.6562563233087826,
18,ADEPT-AFRL,min.10.0.max.-1.0.units.MeV,threshold.10.0.units.1 / (cm2 s sr),min.10.0.max.-1.0.units.MeV,threshold.10.0.units.1 / (cm2 s sr),./output/plots/Correlation_peak_intensity_max_ADEPT-AFRL_min.10.0.max.-1.0.units.MeV_threshold_10.0,0.012207474421446,38.187342259694304,0.49604431785739994,-0.029592910855765656,,,-747.3061578947369,-14.386000000000003,-0.5176059653137789,-0.14600738156386206,754.7788947368422,30.569,0.6045861166334315,0.23629980681555196,0.5521983394648168,,2059.5981473520383,0.9857197196924755,
19,SAWS-ASPECS CME 50%,min.10.0.max.-1.0.units.MeV,threshold.10.0.units.1 / (cm2 s sr),min.10.0.max.-1.0.units.MeV,threshold.10.0.units.1 / (cm2 s sr),./output/plots/Correlation_peak_intensity_max_SAWS-ASPECS CME 50%_min.10.0.max.-1.0.units.MeV_threshold_10.0,-0.01136434779681431,186.16126072703497,-0.049642930823515105,0.3911118441721872,,,-434.5631737857143,-20.2206285,-0.8477107327233694,-0.9405796399472477,678.478432,38.089265,1.2210541773575303,1.2527059499489193,3.6633538455557755,,1759.473895296396,1.5142116457190233,
20,SAWS-ASPECS CME 50%,min.100.0.max.-1.0.units.MeV,threshold.1.0.units.1 / (cm2 s sr),min.100.0.max.-1.0.units.MeV,threshold.1.0.units.1 / (cm2 s sr),./output/plots/Correlation_peak_intensity_max_SAWS-ASPECS CME 50%_min.100.0.max.-1.0.units.MeV_threshold_1.0,0.005967857706610041,0.8142181638966222,0.057046091191377116,0.24443253124967843,,,-7.820961230769231,-1.9956059999999998,-1.0542499022346628,-0.9589128155126001,7.820961230769231,1.9956059999999998,1.0542499022346628,0.9589128155126001,0.8156391512326528,,19.36453217836143,1.2318501426822421,
21,SAWS-ASPECS CME 90%,min.10.0.max.-1.0.units.MeV,threshold.10.0.units.1 / (cm2 s sr),min.10.0.max.-1.0.units.MeV,threshold.10.0.units.1 / (cm2 s sr),./output/plots/Correlation_peak_intensity_max_SAWS-ASPECS CME 90%_min.10.0.max.-1.0.units.MeV_threshold_10.0,0.18288617061692697,3790.3322048265204,0.054892516878539355,0.4445392874304097,,,3288.8289426428573,354.452098,0.15162587893560167,0.7422755981660207,3625.6757581428574,1309.295,1.640611947552663,1.7163228662208758,66.26890813182733,,6522.559675227038,1.8008509958861496,
22,SAWS-ASPECS CME 90%,min.100.0.max.-1.0.units.MeV,threshold.1.0.units.1 / (cm2 s sr),min.100.0.max.-1.0.units.MeV,threshold.1.0.units.1 / (cm2 s sr),./output/plots/Correlation_peak_intensity_max_SAWS-ASPECS CME 90%_min.100.0.max.-1.0.units.MeV_threshold_1.0,0.08312759674490512,8.327552328076774,0.08238004917792247,0.34384581401698205,,,0.3626613076923075,-0.23022599999999993,-0.2561313197204344,-0.09932844004174649,11.960184846153847,2.84098,0.7038754284873135,0.6021054953023866,1.5699707905321574,,24.122418969243817,0.9073242749141424,
23,SAWS-ASPECS CME electrons 50%,min.10.0.max.-1.0.units.MeV,threshold.10.0.units.1 / (cm2 s sr),min.10.0.max.-1.0.units.MeV,threshold.10.0.units.1 / (cm2 s sr),./output/plots/Correlation_peak_intensity_max_SAWS-ASPECS CME electrons 50%_min.10.0.max.-1.0.units.MeV_threshold_10.0,-0.01136434779681431,186.16126072703497,-0.049642930823515105,0.3911118441721872,,,-434.5631737857143,-20.2206285,-0.8477107327233694,-0.9405796399472477,678.478432,38.089265,1.2210541773575303,1.2527059499489193,3.6633538455557755,,1759.473895296396,1.5142116457190233,
24,SAWS-ASPECS CME electrons 50%,min.100.0.max.-1.0.units.MeV,threshold.1.0.units.1 / (cm2 s sr),min.100.0.max.-1.0.units.MeV,threshold.1.0.units.1 / (cm2 s sr),./output/plots/Correlation_peak_intensity_max_SAWS-ASPECS CME electrons 50%_min.100.0.max.-1.0.units.MeV_threshold_1.0,0.005967857706610041,0.8142181638966222,0.057046091191377116,0.24443253124967843,,,-7.820961230769231,-1.9956059999999998,-1.0542499022346628,-0.9589128155126001,7.820961230769231,1.9956059999999998,1.0542499022346628,0.9589128155126001,0.8156391512326528,,19.36453217836143,1.2318501426822421,
25,SAWS-ASPECS CME electrons 90%,min.10.0.max.-1.0.units.MeV,threshold.10.0.units.1 / (cm2 s sr),min.10.0.max.-1.0.units.MeV,threshold.10.0.units.1 / (cm2 s sr),./output/plots/Correlation_peak_intensity_max_SAWS-ASPECS CME electrons 90%_min.10.0.max.-1.0.units.MeV_threshold_10.0,0.18288617061692697,3790.3322048265204,0.054892516878539355,0.4445392874304097,,,3288.8289426428573,354.452098,0.15162587893560167,0.7422755981660207,3625.6757581428574,1309.295,1.640611947552663,1.7163228662208758,66.26890813182733,,6522.559675227038,1.8008509958861496,
26,SAWS-ASPECS CME electrons 90%,min.100.0.max.-1.0.units.MeV,threshold.1.0.units.1 / (cm2 s sr),min.100.0.max.-1.0.units.MeV,threshold.1.0.units.1 / (cm2 s sr),./output/plots/Correlation_peak_intensity_max_SAWS-ASPECS CME electrons 90%_min.100.0.max.-1.0.units.MeV_threshold_1.0,0.08312759674490512,8.327552328076774,0.08238004917792247,0.34384581401698205,,,0.3626613076923075,-0.23022599999999993,-0.2561313197204344,-0.09932844004174649,11.960184846153847,2.84098,0.7038754284873135,0.6021054953023866,1.5699707905321574,,24.122418969243817,0.9073242749141424,
27,SAWS-ASPECS CME_SOHO 50%,min.10.0.max.-1.0.units.MeV,threshold.10.0.units.1 / (cm2 s sr),min.10.0.max.-1.0.units.MeV,threshold.10.0.units.1 / (cm2 s sr),./output/plots/Correlation_peak_intensity_max_SAWS-ASPECS CME_SOHO 50%_min.10.0.max.-1.0.units.MeV_threshold_10.0,0.006779394388309584,208.98034411327603,0.024406575301645896,0.44045002852731946,,,-399.9854440645162,-22.19528,-0.8524351823195069,-1.2093039002699004,625.4379353548387,45.334,1.1911053072018174,1.251922498884684,3.372149434931524,,1672.8419204953052,1.4799691862729278,
28,SAWS-ASPECS CME_SOHO 50%,min.100.0.max.-1.0.units.MeV,threshold.1.0.units.1 / (cm2 s sr),min.100.0.max.-1.0.units.MeV,threshold.1.0.units.1 / (cm2 s sr),./output/plots/Correlation_peak_intensity_max_SAWS-ASPECS CME_SOHO 50%_min.100.0.max.-1.0.units.MeV_threshold_1.0,0.2125147594949925,1.5688704550523203,0.46907450123926314,0.34219015654222507,,,-8.09892788235294,-3.37941,-0.9985278465998265,-0.9589128155126001,10.832551411764706,3.89676,1.114577164076964,0.9864191985556687,1.2812396051531425,,20.345021773101937,1.2968839483777497,
29,SAWS-ASPECS CME_SOHO 90%,min.10.0.max.-1.0.units.MeV,threshold.10.0.units.1 / (cm2 s sr),min.10.0.max.-1.0.units.MeV,threshold.10.0.units.1 / (cm2 s sr),./output/plots/Correlation_peak_intensity_max_SAWS-ASPECS CME_SOHO 90%_min.10.0.max.-1.0.units.MeV_threshold_10.0,0.4265760582948011,3973.6143877622835,0.10897629862805445,0.47654395706520547,,,3622.0353320645163,280.812964,0.1344234806022398,0.5198161956784997,3930.810204129032,1273.5900000000001,1.5715342156040433,1.6455252750706002,60.33928403435329,,7175.869949627093,1.7434885937247688,
30,SAWS-ASPECS CME_SOHO 90%,min.100.0.max.-1.0.units.MeV,threshold.1.0.units.1 / (cm2 s sr),min.100.0.max.-1.0.units.MeV,threshold.1.0.units.1 / (cm2 s sr),./output/plots/Correlation_peak_intensity_max_SAWS-ASPECS CME_SOHO 90%_min.100.0.max.-1.0.units.MeV_threshold_1.0,1.3571274049597453,12.624595896629833,0.4680440009510842,0.35359919136101126,,,17.008977411764707,-0.23022599999999993,-0.25528539902258907,-0.09932844004174649,28.717763764705882,4.0388139999999995,0.8669038158517233,0.6843886335926204,5.017278608058507,,57.24922854766976,1.0764787383624446,
31,SAWS-ASPECS CME_SOHO electrons 50%,min.10.0.max.-1.0.units.MeV,threshold.10.0.units.1 / (cm2 s sr),min.10.0.max.-1.0.units.MeV,threshold.10.0.units.1 / (cm2 s sr),./output/plots/Correlation_peak_intensity_max_SAWS-ASPECS CME_SOHO electrons 50%_min.10.0.max.-1.0.units.MeV_threshold_10.0,0.006779394388309584,208.98034411327603,0.024406575301645896,0.44045002852731946,,,-399.9854440645162,-22.19528,-0.8524351823195069,-1.2093039002699004,625.4379353548387,45.334,1.1911053072018174,1.251922498884684,3.372149434931524,,1672.8419204953052,1.4799691862729278,
32,SAWS-ASPECS CME_SOHO electrons 50%,min.100.0.max.-1.0.units.MeV,threshold.1.0.units.1 / (cm2 s sr),min.100.0.max.-1.0.units.MeV,threshold.1.0.units.1 / (cm2 s sr),./output/plots/Correlation_peak_intensity_max_SAWS-ASPECS CME_SOHO electrons 50%_min.100.0.max.-1.0.units.MeV_threshold_1.0,0.2125147594949925,1.5688704550523203,0.46907450123926314,0.34219015654222507,,,-8.09892788235294,-3.37941,-0.9985278465998265,-0.9589128155126001,10.832551411764706,3.89676,1.114577164076964,0.9864191985556687,1.2812396051531425,,20.345021773101937,1.2968839483777497,
33,SAWS-ASPECS CME_SOHO electrons 90%,min.10.0.max.-1.0.units.MeV,threshold.10.0.units.1 / (cm2 s sr),min.10.0.max.-1.0.units.MeV,threshold.10.0.units.1 / (cm2 s sr),./output/plots/Correlation_peak_intensity_max_SAWS-ASPECS CME_SOHO electrons 90%_min.10.0.max.-1.0.units.MeV_threshold_10.0,0.4265760582948011,3973.6143877622835,0.10897629862805445,0.47654395706520547,,,3622.0353320645163,280.812964,0.1344234806022398,0.5198161956784997,3930.810204129032,1273.5900000000001,1.5715342156040433,1.6455252750706002,60.33928403435329,,7175.869949627093,1.7434885937247688,
34,SAWS-ASPECS CME_SOHO electrons 90%,min.100.0.max.-1.0.units.MeV,threshold.1.0.units.1 / (cm2 s sr),min.100.0.max.-1.0.units.MeV,threshold.1.0.units.1 / (cm2 s sr),./output/plots/Correlation_peak_intensity_max_SAWS-ASPECS CME_SOHO electrons 90%_min.100.0.max.-1.0.units.MeV_threshold_1.0,1.3571274049597453,12.624595896629833,0.4680440009510842,0.35359919136101126,,,17.008977411764707,-0.23022599999999993,-0.25528539902258907,-0.09932844004174649,28.717763764705882,4.0388139999999995,0.8669038158517233,0.6843886335926204,5.017278608058507,,57.24922854766976,1.0764787383624446,
35,SAWS-ASPECS flare 50%,min.10.0.max.-1.0.units.MeV,threshold.10.0.units.1 / (cm2 s sr),min.10.0.max.-1.0.units.MeV,threshold.10.0.units.1 / (cm2 s sr),./output/plots/Correlation_peak_intensity_max_SAWS-ASPECS flare 50%_min.10.0.max.-1.0.units.MeV_threshold_10.0,0.0014062057451528231,234.9832199398513,0.005089579801449191,0.379289155779883,,,-440.0785955714286,-20.2206285,-0.7356382908197941,-0.5317568581235288,689.6867109285714,60.28893000000001,1.1105945005109237,1.2306131995772922,3.6288388646581167,,1760.1537111980901,1.4114814101961668,
36,SAWS-ASPECS flare 50%,min.100.0.max.-1.0.units.MeV,threshold.1.0.units.1 / (cm2 s sr),min.100.0.max.-1.0.units.MeV,threshold.1.0.units.1 / (cm2 s sr),./output/plots/Correlation_peak_intensity_max_SAWS-ASPECS flare 50%_min.100.0.max.-1.0.units.MeV_threshold_1.0,0.20639439778475735,1.9430304071059805,0.45540891128366834,0.3149800934803734,,,-8.7758772,-3.37941,-0.8703374273489829,-0.787364417986515,11.873983866666666,3.89676,1.0018599871564053,0.9589128155126001,1.3202999015422816,,21.627559051433312,1.1792307974427683,
37,SAWS-ASPECS flare 90%,min.10.0.max.-1.0.units.MeV,threshold.10.0.units.1 / (cm2 s sr),min.10.0.max.-1.0.units.MeV,threshold.10.0.units.1 / (cm2 s sr),./output/plots/Correlation_peak_intensity_max_SAWS-ASPECS flare 90%_min.10.0.max.-1.0.units.MeV_threshold_10.0,0.3240400448191655,4469.82436715228,0.08432207387016223,0.41609096665364903,,,4012.867036571429,456.805616,0.3494810774562748,1.0072903070688652,4349.211949928572,1509.0500000000002,1.5392578004863957,1.6328903313627527,66.69996180024572,,7550.506013619724,1.721132336891002,
38,SAWS-ASPECS flare 90%,min.100.0.max.-1.0.units.MeV,threshold.1.0.units.1 / (cm2 s sr),min.100.0.max.-1.0.units.MeV,threshold.1.0.units.1 / (cm2 s sr),./output/plots/Correlation_peak_intensity_max_SAWS-ASPECS flare 90%_min.100.0.max.-1.0.units.MeV_threshold_1.0,1.31021673595469,15.488706175743784,0.45295920173263493,0.3355393541524695,,,19.678677266666668,1.1572,-0.04114071378595493,0.13388797318286028,32.14496273333334,4.467801000000001,0.7343082528589737,0.6021054953023866,5.5548538382671655,,60.93537222150175,0.9211658052267385,
39,SAWS-ASPECS flare + CME 50%,min.10.0.max.-1.0.units.MeV,threshold.10.0.units.1 / (cm2 s sr),min.10.0.max.-1.0.units.MeV,threshold.10.0.units.1 / (cm2 s sr),./output/plots/Correlation_peak_intensity_max_SAWS-ASPECS flare + CME 50%_min.10.0.max.-1.0.units.MeV_threshold_10.0,-0.016277288083019398,211.7827728804155,-0.07153228176156029,0.32468513187508524,,,-483.61683104,-18.245977,-0.7163312802921546,-0.39165833662246263,756.80192024,45.334,1.1344759382824148,1.2093039002699004,3.9857905361244694,,1862.0258052745633,1.4433806768868056,
40,SAWS-ASPECS flare + CME 50%,min.100.0.max.-1.0.units.MeV,threshold.1.0.units.1 / (cm2 s sr),min.100.0.max.-1.0.units.MeV,threshold.1.0.units.1 / (cm2 s sr),./output/plots/Correlation_peak_intensity_max_SAWS-ASPECS flare + CME 50%_min.100.0.max.-1.0.units.MeV_threshold_1.0,0.0033094571666115362,0.9856525995503783,0.031928086631607386,0.27402878771376865,,,-8.693534545454545,-1.8065900000000001,-0.889576067917119,-0.787364417986515,8.693534545454545,1.8065900000000001,0.889576067917119,0.787364417986515,0.7842485637777535,,21.007439279846906,1.0441723813792059,
41,SAWS-ASPECS flare + CME 90%,min.10.0.max.-1.0.units.MeV,threshold.10.0.units.1 / (cm2 s sr),min.10.0.max.-1.0.units.MeV,threshold.10.0.units.1 / (cm2 s sr),./output/plots/Correlation_peak_intensity_max_SAWS-ASPECS flare + CME 90%_min.10.0.max.-1.0.units.MeV_threshold_10.0,0.08238376695301215,4314.465309666139,0.025319733388257954,0.3811849574088931,,,3686.57568496,485.52000000000004,0.39455467521212434,1.049845613484189,4057.66957992,1673.1000000000004,1.6127516904547323,1.7010244302174495,74.10442212132375,,6902.8212384449225,1.7834548100070156,
42,SAWS-ASPECS flare + CME 90%,min.100.0.max.-1.0.units.MeV,threshold.1.0.units.1 / (cm2 s sr),min.100.0.max.-1.0.units.MeV,threshold.1.0.units.1 / (cm2 s sr),./output/plots/Correlation_peak_intensity_max_SAWS-ASPECS flare + CME 90%_min.100.0.max.-1.0.units.MeV_threshold_1.0,0.05478195144145736,10.155879136169677,0.05505965112248277,0.45353132182870004,,,0.9765581818181815,1.1572,0.03573035638445847,0.13388797318286028,13.586805454545456,2.84098,0.493421772158217,0.5239074061336679,1.6762446830846292,,26.188681105495146,0.5823597738610745,
43,SAWS-ASPECS flare + CME electrons 50%,min.10.0.max.-1.0.units.MeV,threshold.10.0.units.1 / (cm2 s sr),min.10.0.max.-1.0.units.MeV,threshold.10.0.units.1 / (cm2 s sr),./output/plots/Correlation_peak_intensity_max_SAWS-ASPECS flare + CME electrons 50%_min.10.0.max.-1.0.units.MeV_threshold_10.0,-0.016277288083019398,211.7827728804155,-0.07153228176156029,0.32468513187508524,,,-483.61683104,-18.245977,-0.7163312802921546,-0.39165833662246263,756.80192024,45.334,1.1344759382824148,1.2093039002699004,3.9857905361244694,,1862.0258052745633,1.4433806768868056,
44,SAWS-ASPECS flare + CME electrons 50%,min.100.0.max.-1.0.units.MeV,threshold.1.0.units.1 / (cm2 s sr),min.100.0.max.-1.0.units.MeV,threshold.1.0.units.1 / (cm2 s sr),./output/plots/Correlation_peak_intensity_max_SAWS-ASPECS flare + CME electrons 50%_min.100.0.max.-1.0.units.MeV_threshold_1.0,0.0033094571666115362,0.9856525995503783,0.031928086631607386,0.27402878771376865,,,-8.693534545454545,-1.8065900000000001,-0.889576067917119,-0.787364417986515,8.693534545454545,1.8065900000000001,0.889576067917119,0.787364417986515,0.7842485637777535,,21.007439279846906,1.0441723813792059,
45,SAWS-ASPECS flare + CME electrons 90%,min.10.0.max.-1.0.units.MeV,threshold.10.0.units.1 / (cm2 s sr),min.10.0.max.-1.0.units.MeV,threshold.10.0.units.1 / (cm2 s sr),./output/plots/Correlation_peak_intensity_max_SAWS-ASPECS flare + CME electrons 90%_min.10.0.max.-1.0.units.MeV_threshold_10.0,0.08238376695301215,4314.465309666139,0.025319733388257954,0.3811849574088931,,,3686.57568496,485.52000000000004,0.39455467521212434,1.049845613484189,4057.66957992,1673.1000000000004,1.6127516904547323,1.7010244302174495,74.10442212132375,,6902.8212384449225,1.7834548100070156,
46,SAWS-ASPECS flare + CME electrons 90%,min.100.0.max.-1.0.units.MeV,threshold.1.0.units.1 / (cm2 s sr),min.100.0.max.-1.0.units.MeV,threshold.1.0.units.1 / (cm2 s sr),./output/plots/Correlation_peak_intensity_max_SAWS-ASPECS flare + CME electrons 90%_min.100.0.max.-1.0.units.MeV_threshold_1.0,0.05478195144145736,10.155879136169677,0.05505965112248277,0.45353132182870004,,,0.9765581818181815,1.1572,0.03573035638445847,0.13388797318286028,13.586805454545456,2.84098,0.493421772158217,0.5239074061336679,1.6762446830846292,,26.188681105495146,0.5823597738610745,
47,SAWS-ASPECS flare + CME_SOHO 50%,min.10.0.max.-1.0.units.MeV,threshold.10.0.units.1 / (cm2 s sr),min.10.0.max.-1.0.units.MeV,threshold.10.0.units.1 / (cm2 s sr),./output/plots/Correlation_peak_intensity_max_SAWS-ASPECS flare + CME_SOHO 50%_min.10.0.max.-1.0.units.MeV_threshold_10.0,0.0014062057451528231,234.9832199398513,0.005089579801449191,0.379289155779883,,,-440.0785955714286,-20.2206285,-0.7356382908197941,-0.5317568581235288,689.6867109285714,60.28893000000001,1.1105945005109237,1.2306131995772922,3.6288388646581167,,1760.1537111980901,1.4114814101961668,
48,SAWS-ASPECS flare + CME_SOHO 50%,min.100.0.max.-1.0.units.MeV,threshold.1.0.units.1 / (cm2 s sr),min.100.0.max.-1.0.units.MeV,threshold.1.0.units.1 / (cm2 s sr),./output/plots/Correlation_peak_intensity_max_SAWS-ASPECS flare + CME_SOHO 50%_min.100.0.max.-1.0.units.MeV_threshold_1.0,0.20639439778475735,1.9430304071059805,0.45540891128366834,0.3149800934803734,,,-8.7758772,-3.37941,-0.8703374273489829,-0.787364417986515,11.873983866666666,3.89676,1.0018599871564053,0.9589128155126001,1.3202999015422816,,21.627559051433312,1.1792307974427683,
49,SAWS-ASPECS flare + CME_SOHO 90%,min.10.0.max.-1.0.units.MeV,threshold.10.0.units.1 / (cm2 s sr),min.10.0.max.-1.0.units.MeV,threshold.10.0.units.1 / (cm2 s sr),./output/plots/Correlation_peak_intensity_max_SAWS-ASPECS flare + CME_SOHO 90%_min.10.0.max.-1.0.units.MeV_threshold_10.0,0.3240400448191655,4469.82436715228,0.08432207387016223,0.41609096665364903,,,4012.867036571429,456.805616,0.3494810774562748,1.0072903070688652,4349.211949928572,1509.0500000000002,1.5392578004863957,1.6328903313627527,66.69996180024572,,7550.506013619724,1.721132336891002,
50,SAWS-ASPECS flare + CME_SOHO 90%,min.100.0.max.-1.0.units.MeV,threshold.1.0.units.1 / (cm2 s sr),min.100.0.max.-1.0.units.MeV,threshold.1.0.units.1 / (cm2 s sr),./output/plots/Correlation_peak_intensity_max_SAWS-ASPECS flare + CME_SOHO 90%_min.100.0.max.-1.0.units.MeV_threshold_1.0,1.31021673595469,15.488706175743784,0.45295920173263493,0.3355393541524695,,,19.678677266666668,1.1572,-0.04114071378595493,0.13388797318286028,32.14496273333334,4.467801000000001,0.7343082528589737,0.6021054953023866,5.5548538382671655,,60.93537222150175,0.9211658052267385,
51,SAWS-ASPECS flare + CME_SOHO electrons 50%,min.10.0.max.-1.0.units.MeV,threshold.10.0.units.1 / (cm2 s sr),min.10.0.max.-1.0.units.MeV,threshold.10.0.units.1 / (cm2 s sr),./output/plots/Correlation_peak_intensity_max_SAWS-ASPECS flare + CME_SOHO electrons 50%_min.10.0.max.-1.0.units.MeV_threshold_10.0,0.0014062057451528231,234.9832199398513,0.005089579801449191,0.379289155779883,,,-440.0785955714286,-20.2206285,-0.7356382908197941,-0.5317568581235288,689.6867109285714,60.28893000000001,1.1105945005109237,1.2306131995772922,3.6288388646581167,,1760.1537111980901,1.4114814101961668,
52,SAWS-ASPECS flare + CME_SOHO electrons 50%,min.100.0.max.-1.0.units.MeV,threshold.1.0.units.1 / (cm2 s sr),min.100.0.max.-1.0.units.MeV,threshold.1.0.units.1 / (cm2 s sr),./output/plots/Correlation_peak_intensity_max_SAWS-ASPECS flare + CME_SOHO electrons 50%_min.100.0.max.-1.0.units.MeV_threshold_1.0,0.20639439778475735,1.9430304071059805,0.45540891128366834,0.3149800934803734,,,-8.7758772,-3.37941,-0.8703374273489829,-0.787364417986515,11.873983866666666,3.89676,1.0018599871564053,0.9589128155126001,1.3202999015422816,,21.627559051433312,1.1792307974427683,
53,SAWS-ASPECS flare + CME_SOHO electrons 90%,min.10.0.max.-1.0.units.MeV,threshold.10.0.units.1 / (cm2 s sr),min.10.0.max.-1.0.units.MeV,threshold.10.0.units.1 / (cm2 s sr),./output/plots/Correlation_peak_intensity_max_SAWS-ASPECS flare + CME_SOHO electrons 90%_min.10.0.max.-1.0.units.MeV_threshold_10.0,0.3240400448191655,4469.82436715228,0.08432207387016223,0.41609096665364903,,,4012.867036571429,456.805616,0.3494810774562748,1.0072903070688652,4349.211949928572,1509.0500000000002,1.5392578004863957,1.6328903313627527,66.69996180024572,,7550.506013619724,1.721132336891002,
54,SAWS-ASPECS flare + CME_SOHO electrons 90%,min.100.0.max.-1.0.units.MeV,threshold.1.0.units.1 / (cm2 s sr),min.100.0.max.-1.0.units.MeV,threshold.1.0.units.1 / (cm2 s sr),./output/plots/Correlation_peak_intensity_max_SAWS-ASPECS flare + CME_SOHO electrons 90%_min.100.0.max.-1.0.units.MeV_threshold_1.0,1.31021673595469,15.488706175743784,0.45295920173263493,0.3355393541524695,,,19.678677266666668,1.1572,-0.04114071378595493,0.13388797318286028,32.14496273333334,4.467801000000001,0.7343082528589737,0.6021054953023866,5.5548538382671655,,60.93537222150175,0.9211658052267385,
55,SAWS-ASPECS flare electrons 50%,min.10.0.max.-1.0.units.MeV,threshold.10.0.units.1 / (cm2 s sr),min.10.0.max.-1.0.units.MeV,threshold.10.0.units.1 / (cm2 s sr),./output/plots/Correlation_peak_intensity_max_SAWS-ASPECS flare electrons 50%_min.10.0.max.-1.0.units.MeV_threshold_10.0,0.0014062057451528231,234.9832199398513,0.005089579801449191,0.379289155779883,,,-440.0785955714286,-20.2206285,-0.7356382908197941,-0.5317568581235288,689.6867109285714,60.28893000000001,1.1105945005109237,1.2306131995772922,3.6288388646581167,,1760.1537111980901,1.4114814101961668,
56,SAWS-ASPECS flare electrons 50%,min.100.0.max.-1.0.units.MeV,threshold.1.0.units.1 / (cm2 s sr),min.100.0.max.-1.0.units.MeV,threshold.1.0.units.1 / (cm2 s sr),./output/plots/Correlation_peak_intensity_max_SAWS-ASPECS flare electrons 50%_min.100.0.max.-1.0.units.MeV_threshold_1.0,0.20639439778475735,1.9430304071059805,0.45540891128366834,0.3149800934803734,,,-8.7758772,-3.37941,-0.8703374273489829,-0.787364417986515,11.873983866666666,3.89676,1.0018599871564053,0.9589128155126001,1.3202999015422816,,21.627559051433312,1.1792307974427683,
57,SAWS-ASPECS flare electrons 90%,min.10.0.max.-1.0.units.MeV,threshold.10.0.units.1 / (cm2 s sr),min.10.0.max.-1.0.units.MeV,threshold.10.0.units.1 / (cm2 s sr),./output/plots/Correlation_peak_intensity_max_SAWS-ASPECS flare electrons 90%_min.10.0.max.-1.0.units.MeV_threshold_10.0,0.3240400448191655,4469.82436715228,0.08432207387016223,0.41609096665364903,,,4012.867036571429,456.805616,0.3494810774562748,1.0072903070688652,4349.211949928572,1509.0500000000002,1.5392578004863957,1.6328903313627527,66.69996180024572,,7550.506013619724,1.721132336891002,
58,SAWS-ASPECS flare electrons 90%,min.100.0.max.-1.0.units.MeV,threshold.1.0.units.1 / (cm2 s sr),min.100.0.max.-1.0.units.MeV,threshold.1.0.units.1 / (cm2 s sr),./output/plots/Correlation_peak_intensity_max_SAWS-ASPECS flare electrons 90%_min.100.0.max.-1.0.units.MeV_threshold_1.0,1.31021673595469,15.488706175743784,0.45295920173263493,0.3355393541524695,,,19.678677266666668,1.1572,-0.04114071378595493,0.13388797318286028,32.14496273333334,4.467801000000001,0.7343082528589737,0.6021054953023866,5.5548538382671655,,60.93537222150175,0.9211658052267385,
59,SEPSTER (Parker Spiral),min.10.0.max.-1.0.units.MeV,threshold.10.0.units.1 / (cm2 s sr),min.10.0.max.-1.0.units.MeV,threshold.10.0.units.1 / (cm2 s sr),./output/plots/Correlation_peak_intensity_max_SEPSTER (Parker Spiral)_min.10.0.max.-1.0.units.MeV_threshold_10.0,0.07000157908432644,108.21683163033143,0.4798174907639542,0.5979270605040785,,,-662.9613109375,-38.69,-0.6366523189124701,-0.7626189904663394,730.168454375,104.39000000000001,0.8146944908680867,0.82154611958943,1.5072378028151896,,1864.2807564230582,1.0036581465832657,
60,SEPSTER (Parker Spiral),min.100.0.max.-1.0.units.MeV,threshold.1.0.units.1 / (cm2 s sr),min.100.0.max.-1.0.units.MeV,threshold.1.0.units.1 / (cm2 s sr),./output/plots/Correlation_peak_intensity_max_SEPSTER (Parker Spiral)_min.100.0.max.-1.0.units.MeV_threshold_1.0,0.05618234152269855,1.7612767493130475,0.42484978508473015,0.3761807263138792,,,-13.523261176470589,-2.1818,-1.085422786800829,-0.953503348584364,14.849155294117647,3.9974,1.2289586163657866,0.953503348584364,1.0272659198335232,,27.223508824978005,1.4930415400431298,
61,SEPSTER (Parker Spiral),min.30.0.max.-1.0.units.MeV,threshold.1.0.units.1 / (cm2 s sr),min.30.0.max.-1.0.units.MeV,threshold.1.0.units.1 / (cm2 s sr),./output/plots/Correlation_peak_intensity_max_SEPSTER (Parker Spiral)_min.30.0.max.-1.0.units.MeV_threshold_1.0,0.07476595799469378,9.570382949465259,0.5582383517758868,0.574961913707752,,,-92.73350913333333,-7.870699999999999,-0.8500870880797259,-0.8063264577917303,97.55380246666667,17.609907,0.9585270698213538,0.8063264577917303,1.0047905041576728,,213.07146795523033,1.1639190484816655,
62,SEPSTER (Parker Spiral),min.50.0.max.-1.0.units.MeV,threshold.1.0.units.1 / (cm2 s sr),min.50.0.max.-1.0.units.MeV,threshold.1.0.units.1 / (cm2 s sr),./output/plots/Correlation_peak_intensity_max_SEPSTER (Parker Spiral)_min.50.0.max.-1.0.units.MeV_threshold_1.0,0.08655348896080145,5.5988267320643414,0.5105669545382002,0.5486682670766594,,,-36.51182584615385,-4.61305,-0.8379410718356137,-0.6724244512263424,39.64127969230769,9.472450000000002,0.9453109037390833,0.6724244512263424,0.8981531396082786,,86.90905677375626,1.177769294336981,
63,SPREAdFAST,min.10.0.max.-1.0.units.MeV,threshold.10.0.units.1 / (cm2 s sr),min.10.0.max.-1.0.units.MeV,threshold.10.0.units.1 / (cm2 s sr),./output/plots/Correlation_peak_intensity_max_SPREAdFAST_min.10.0.max.-1.0.units.MeV_threshold_10.0,-24.317676726370493,180774.33300263924,-0.35966004737473156,0.3647631340158486,,,150986.3394143702,100022.27652677891,1.3783112589534585,1.6838810438347132,151005.33753299067,100022.27652677891,2.2331223380995695,2.6340024684553898,1957.1649331750586,,222055.02171560595,2.650434171481904,
64,SPREAdFAST,min.100.0.max.-1.0.units.MeV,threshold.1.0.units.1 / (cm2 s sr),min.100.0.max.-1.0.units.MeV,threshold.1.0.units.1 / (cm2 s sr),./output/plots/Correlation_peak_intensity_max_SPREAdFAST_min.100.0.max.-1.0.units.MeV_threshold_1.0,0.0,0.0,,,,,-23.956425000000003,-12.262,-inf,-inf,23.956425000000003,12.262,inf,inf,1.0,,36.184823932451295,inf,
65,SPREAdFAST,min.30.0.max.-1.0.units.MeV,threshold.1.0.units.1 / (cm2 s sr),min.30.0.max.-1.0.units.MeV,threshold.1.0.units.1 / (cm2 s sr),./output/plots/Correlation_peak_intensity_max_SPREAdFAST_min.30.0.max.-1.0.units.MeV_threshold_1.0,-64.70607076891527,51983.544053911675,-0.38504375149054954,-0.11437210453484856,,,41408.15305875595,24267.47628027111,2.1278704945996325,1.903296088452018,41410.07256068613,24267.47628027111,2.16890991041008,1.903296088452018,6497.014335278473,,61211.968056114645,2.6621730469864198,
66,SPREAdFAST,min.50.0.max.-1.0.units.MeV,threshold.1.0.units.1 / (cm2 s sr),min.50.0.max.-1.0.units.MeV,threshold.1.0.units.1 / (cm2 s sr),./output/plots/Correlation_peak_intensity_max_SPREAdFAST_min.50.0.max.-1.0.units.MeV_threshold_1.0,0.0,0.0,,,,,-80.04732,-11.902,-inf,-inf,80.04732,11.902,inf,inf,1.0,,138.64085212228034,inf,
67,SEPSAT,min.10.0.max.-1.0.units.MeV,threshold.10.0.units.1 / (cm2 s sr),min.10.0.max.-1.0.units.MeV,threshold.10.0.units.1 / (cm2 s sr),./output/plots/Correlation_peak_intensity_max_SEPSAT_min.10.0.max.-1.0.units.MeV_threshold_10.0,0.043344660358997686,317.1345097120094,0.0772276745884308,0.3310087335164804,,,-452.90618837759183,-7.87786082645048,-0.2560100777050466,-0.08980902338633223,883.7961823092664,94.76735320633867,0.7321369681141559,0.573718337091053,2.1446107234880833,,2081.268130623916,0.9345823927065589,
68,SEPSAT,min.100.0.max.-1.0.units.MeV,threshold.1.0.units.1 / (cm2 s sr),min.100.0.max.-1.0.units.MeV,threshold.1.0.units.1 / (cm2 s sr),./output/plots/Correlation_peak_intensity_max_SEPSAT_min.100.0.max.-1.0.units.MeV_threshold_1.0,0.0,0.0,,,,,-16.11168176470588,-3.5818,-inf,-inf,16.11168176470588,3.5818,inf,inf,1.0,,29.638765479793364,inf,
