,Model,Energy Channel Key,Threshold Key,Mismatch Allowed,Prediction Energy Channel Key,Prediction Threshold Key,Forecast Source,Prediction Window Start,Prediction Window End,Observed SEP Threshold Crossing Time,Observed SEP Peak Intensity (Onset Peak) Time,Predicted SEP Peak Intensity (Onset Peak) Time,Peak Intensity Match Status
8899,SEPSAT,min.10.0.max.-1.0.units.MeV,threshold.10.0.units.1 / (cm2 s sr),False,min.10.0.max.-1.0.units.MeV,threshold.10.0.units.1 / (cm2 s sr),model/SEPVAL2023_Europe/Zhang/SEPSAT/events/SEPSAT_differential.2011-03-07T195400Z.2023-10-26T115955Z.json,2011-03-07 19:54:00,2011-03-08 19:54:00,2011-03-08 01:05:00,2011-03-08 04:55:00,2011-03-08 01:54:00,SEP Event
8900,SEPSAT,min.10.0.max.-1.0.units.MeV,threshold.10.0.units.1 / (cm2 s sr),False,min.10.0.max.-1.0.units.MeV,threshold.10.0.units.1 / (cm2 s sr),model/SEPVAL2023_Europe/Zhang/SEPSAT/events/SEPSAT_differential.2011-06-07T062400Z.2023-10-26T115958Z.json,2011-06-07 06:24:00,2011-06-08 06:24:00,2011-06-07 08:20:00,2011-06-07 12:55:00,2011-06-07 08:23:59,SEP Event
8901,SEPSAT,min.10.0.max.-1.0.units.MeV,threshold.10.0.units.1 / (cm2 s sr),False,min.10.0.max.-1.0.units.MeV,threshold.10.0.units.1 / (cm2 s sr),model/SEPVAL2023_Europe/Zhang/SEPSAT/events/SEPSAT_differential.2011-08-04T035359Z.2023-10-26T120000Z.json,2011-08-04 03:53:59,2011-08-05 03:53:59,2011-08-04 06:35:00,2011-08-04 08:50:00,2011-08-04 08:53:59,SEP Event
8902,SEPSAT,min.10.0.max.-1.0.units.MeV,threshold.10.0.units.1 / (cm2 s sr),False,min.10.0.max.-1.0.units.MeV,threshold.10.0.units.1 / (cm2 s sr),model/SEPVAL2023_Europe/Zhang/SEPSAT/events/SEPSAT_differential.2011-08-09T075400Z.2023-10-26T120003Z.json,2011-08-09 07:54:00,2011-08-10 07:54:00,2011-08-09 08:45:00,2011-08-09 09:50:00,2011-08-09 13:54:00,SEP Event
8903,SEPSAT,min.10.0.max.-1.0.units.MeV,threshold.10.0.units.1 / (cm2 s sr),False,min.10.0.max.-1.0.units.MeV,threshold.10.0.units.1 / (cm2 s sr),model/SEPVAL2023_Europe/Zhang/SEPSAT/events/SEPSAT_differential.2012-01-23T035400Z.2023-10-26T120005Z.json,2012-01-23 03:54:00,2012-01-24 03:54:00,2012-01-23 05:30:00,2012-01-23 21:15:00,2012-01-23 09:54:00,SEP Event
8904,SEPSAT,min.10.0.max.-1.0.units.MeV,threshold.10.0.units.1 / (cm2 s sr),False,min.10.0.max.-1.0.units.MeV,threshold.10.0.units.1 / (cm2 s sr),model/SEPVAL2023_Europe/Zhang/SEPSAT/events/SEPSAT_differential.2012-01-27T183359Z.2023-10-26T120008Z.json,2012-01-27 18:33:59,2012-01-28 18:33:59,2012-01-27 19:05:00,2012-01-28 01:45:00,2012-01-27 23:33:59,SEP Event
8905,SEPSAT,min.10.0.max.-1.0.units.MeV,threshold.10.0.units.1 / (cm2 s sr),False,min.10.0.max.-1.0.units.MeV,threshold.10.0.units.1 / (cm2 s sr),model/SEPVAL2023_Europe/Zhang/SEPSAT/events/SEPSAT_differential.2012-03-07aT011400Z.2023-10-26T115913Z.json,2012-03-07 01:14:00,2012-03-08 01:14:00,2012-03-07 05:10:00,2012-03-07 22:30:00,2012-03-07 07:14:00,SEP Event
8906,SEPSAT,min.10.0.max.-1.0.units.MeV,threshold.10.0.units.1 / (cm2 s sr),False,min.10.0.max.-1.0.units.MeV,threshold.10.0.units.1 / (cm2 s sr),model/SEPVAL2023_Europe/Zhang/SEPSAT/events/SEPSAT_differential.2012-03-07bT011400Z.2023-10-26T115916Z.json,2012-03-07 01:14:00,2012-03-08 01:14:00,2012-03-07 05:10:00,2012-03-07 22:30:00,2012-03-07 08:14:00,SEP Event
8907,SEPSAT,min.10.0.max.-1.0.units.MeV,threshold.10.0.units.1 / (cm2 s sr),False,min.10.0.max.-1.0.units.MeV,threshold.10.0.units.1 / (cm2 s sr),model/SEPVAL2023_Europe/Zhang/SEPSAT/events/SEPSAT_differential.2012-03-13T172359Z.2023-10-26T120010Z.json,2012-03-13 17:23:59,2012-03-14 17:23:59,2012-03-13 18:10:00,2012-03-13 20:45:00,2012-03-13 21:24:00,SEP Event
8910,SEPSAT,min.10.0.max.-1.0.units.MeV,threshold.10.0.units.1 / (cm2 s sr),False,min.10.0.max.-1.0.units.MeV,threshold.10.0.units.1 / (cm2 s sr),model/SEPVAL2023_Europe/Zhang/SEPSAT/events/SEPSAT_differential.2012-07-12T180859Z.2023-10-26T115920Z.json,2012-07-12 18:08:59,2012-07-13 18:08:59,2012-07-12 18:35:00,2012-07-12 22:15:00,2012-07-13 00:08:59,SEP Event
8911,SEPSAT,min.10.0.max.-1.0.units.MeV,threshold.10.0.units.1 / (cm2 s sr),False,min.10.0.max.-1.0.units.MeV,threshold.10.0.units.1 / (cm2 s sr),model/SEPVAL2023_Europe/Zhang/SEPSAT/events/SEPSAT_differential.2012-07-23T025359Z.2023-10-26T120014Z.json,2012-07-23 02:53:59,2012-07-24 02:53:59,2012-07-23 15:45:00,2012-07-23 13:45:00,2012-07-23 09:53:59,SEP Event
8912,SEPSAT,min.10.0.max.-1.0.units.MeV,threshold.10.0.units.1 / (cm2 s sr),False,min.10.0.max.-1.0.units.MeV,threshold.10.0.units.1 / (cm2 s sr),model/SEPVAL2023_Europe/Zhang/SEPSAT/events/SEPSAT_differential.2012-09-27T235359Z.2023-10-26T120017Z.json,2012-09-27 23:53:59,2012-09-28 23:53:59,2012-09-28 03:00:00,2012-09-28 04:45:00,2012-09-28 02:13:59,SEP Event
8913,SEPSAT,min.10.0.max.-1.0.units.MeV,threshold.10.0.units.1 / (cm2 s sr),False,min.10.0.max.-1.0.units.MeV,threshold.10.0.units.1 / (cm2 s sr),model/SEPVAL2023_Europe/Zhang/SEPSAT/events/SEPSAT_differential.2013-04-11T073400Z.2023-10-26T115923Z.json,2013-04-11 07:34:00,2013-04-12 07:34:00,2013-04-11 10:55:00,2013-04-11 16:45:00,2013-04-11 14:33:59,SEP Event
8914,SEPSAT,min.10.0.max.-1.0.units.MeV,threshold.10.0.units.1 / (cm2 s sr),False,min.10.0.max.-1.0.units.MeV,threshold.10.0.units.1 / (cm2 s sr),model/SEPVAL2023_Europe/Zhang/SEPSAT/events/SEPSAT_differential.2013-05-22T131400Z.2023-10-26T120020Z.json,2013-05-22 13:14:00,2013-05-23 13:14:00,2013-05-22 14:35:00,2013-05-23 04:05:00,2013-05-22 15:33:59,SEP Event
8915,SEPSAT,min.10.0.max.-1.0.units.MeV,threshold.10.0.units.1 / (cm2 s sr),False,min.10.0.max.-1.0.units.MeV,threshold.10.0.units.1 / (cm2 s sr),model/SEPVAL2023_Europe/Zhang/SEPSAT/events/SEPSAT_differential.2013-09-29T220400Z.2023-10-26T120022Z.json,2013-09-29 22:04:00,2013-09-30 22:04:00,2013-09-30 05:05:00,2013-09-30 17:00:00,2013-09-30 00:24:00,SEP Event
8916,SEPSAT,min.10.0.max.-1.0.units.MeV,threshold.10.0.units.1 / (cm2 s sr),False,min.10.0.max.-1.0.units.MeV,threshold.10.0.units.1 / (cm2 s sr),model/SEPVAL2023_Europe/Zhang/SEPSAT/events/SEPSAT_differential.2014-01-06T091359Z.2023-10-26T115925Z.json,2014-01-06 09:13:59,2014-01-07 09:13:59,2014-01-06 09:15:00,2014-01-06 13:50:00,2014-01-06 13:14:00,SEP Event
8917,SEPSAT,min.10.0.max.-1.0.units.MeV,threshold.10.0.units.1 / (cm2 s sr),False,min.10.0.max.-1.0.units.MeV,threshold.10.0.units.1 / (cm2 s sr),model/SEPVAL2023_Europe/Zhang/SEPSAT/events/SEPSAT_differential.2014-01-07T191400Z.2023-10-26T115928Z.json,2014-01-07 19:14:00,2014-01-08 19:14:00,2014-01-07 19:20:00,2014-01-08 05:00:00,2014-01-07 23:14:00,SEP Event
8918,SEPSAT,min.10.0.max.-1.0.units.MeV,threshold.10.0.units.1 / (cm2 s sr),False,min.10.0.max.-1.0.units.MeV,threshold.10.0.units.1 / (cm2 s sr),model/SEPVAL2023_Europe/Zhang/SEPSAT/events/SEPSAT_differential.2014-02-25T011400Z.2023-10-26T120025Z.json,2014-02-25 01:14:00,2014-02-26 01:14:00,2014-02-25 14:10:00,2014-02-25 22:10:00,2014-02-25 08:13:59,SEP Event
8919,SEPSAT,min.10.0.max.-1.0.units.MeV,threshold.10.0.units.1 / (cm2 s sr),False,min.10.0.max.-1.0.units.MeV,threshold.10.0.units.1 / (cm2 s sr),model/SEPVAL2023_Europe/Zhang/SEPSAT/events/SEPSAT_differential.2014-04-18T131400Z.2023-10-26T120027Z.json,2014-04-18 13:14:00,2014-04-19 13:14:00,2014-04-18 15:25:00,2014-04-18 19:55:00,2014-04-18 19:14:00,SEP Event
8920,SEPSAT,min.10.0.max.-1.0.units.MeV,threshold.10.0.units.1 / (cm2 s sr),False,min.10.0.max.-1.0.units.MeV,threshold.10.0.units.1 / (cm2 s sr),model/SEPVAL2023_Europe/Zhang/SEPSAT/events/SEPSAT_differential.2014-09-10T173400Z.2023-10-26T120030Z.json,2014-09-10 17:34:00,2014-09-11 17:34:00,2014-09-11 02:55:00,2014-09-11 04:55:00,2014-09-10 22:34:00,SEP Event
8921,SEPSAT,min.10.0.max.-1.0.units.MeV,threshold.10.0.units.1 / (cm2 s sr),False,min.10.0.max.-1.0.units.MeV,threshold.10.0.units.1 / (cm2 s sr),model/SEPVAL2023_Europe/Zhang/SEPSAT/events/SEPSAT_differential.2015-10-29T011400Z.2023-10-26T120033Z.json,2015-10-29 01:14:00,2015-10-30 01:14:00,2015-10-29 05:50:00,2015-10-29 07:20:00,2015-10-29 19:14:00,SEP Event
8922,SEPSAT,min.10.0.max.-1.0.units.MeV,threshold.10.0.units.1 / (cm2 s sr),False,min.10.0.max.-1.0.units.MeV,threshold.10.0.units.1 / (cm2 s sr),model/SEPVAL2023_Europe/Zhang/SEPSAT/events/SEPSAT_differential.2017-07-14T014359Z.2023-10-26T115930Z.json,2017-07-14 01:43:59,2017-07-15 01:43:59,2017-07-14 09:00:00,2017-07-14 14:45:00,2017-07-14 03:44:00,SEP Event
8923,SEPSAT,min.10.0.max.-1.0.units.MeV,threshold.10.0.units.1 / (cm2 s sr),False,min.10.0.max.-1.0.units.MeV,threshold.10.0.units.1 / (cm2 s sr),model/SEPVAL2023_Europe/Zhang/SEPSAT/events/SEPSAT_differential.2017-09-04T203400Z.2023-10-26T115933Z.json,2017-09-04 20:34:00,2017-09-05 20:34:00,2017-09-05 00:40:00,2017-09-05 07:10:00,2017-09-05 01:34:00,SEP Event
8925,SEPSAT,min.10.0.max.-1.0.units.MeV,threshold.10.0.units.1 / (cm2 s sr),False,min.10.0.max.-1.0.units.MeV,threshold.10.0.units.1 / (cm2 s sr),model/SEPVAL2023_Europe/Zhang/SEPSAT/events/SEPSAT_differential.2017-09-10T160400Z.2023-10-26T115938Z.json,2017-09-10 16:04:00,2017-09-11 16:04:00,2017-09-10 16:45:00,2017-09-10 22:50:00,2017-09-10 21:04:00,SEP Event
8928,SEPSAT,min.10.0.max.-1.0.units.MeV,threshold.10.0.units.1 / (cm2 s sr),False,min.10.0.max.-1.0.units.MeV,threshold.10.0.units.1 / (cm2 s sr),model/SEPVAL2023_Europe/Zhang/SEPSAT/events/SEPSAT_differential.2022-01-20T060400Z.2023-10-26T115944Z.json,2022-01-20 06:04:00,2022-01-21 06:04:00,2022-01-20 08:00:00,2022-01-20 10:15:00,2022-01-20 19:03:59,SEP Event
8930,SEPSAT,min.10.0.max.-1.0.units.MeV,threshold.10.0.units.1 / (cm2 s sr),False,min.10.0.max.-1.0.units.MeV,threshold.10.0.units.1 / (cm2 s sr),model/SEPVAL2023_Europe/Zhang/SEPSAT/events/SEPSAT_differential.2022-04-02T134359Z.2023-10-26T115948Z.json,2022-04-02 13:43:59,2022-04-03 13:43:59,2022-04-02 14:40:00,2022-04-02 16:00:00,2022-04-02 16:23:59,SEP Event
8931,SEPSAT,min.10.0.max.-1.0.units.MeV,threshold.10.0.units.1 / (cm2 s sr),False,min.10.0.max.-1.0.units.MeV,threshold.10.0.units.1 / (cm2 s sr),model/SEPVAL2023_Europe/Zhang/SEPSAT/events/SEPSAT_differential.2022-08-27T021400Z.2023-10-26T115951Z.json,2022-08-27 02:14:00,2022-08-28 02:14:00,2022-08-27 11:55:00,2022-08-27 12:20:00,2022-08-27 07:14:00,SEP Event
8932,SEPSAT,min.10.0.max.-1.0.units.MeV,threshold.10.0.units.1 / (cm2 s sr),False,min.10.0.max.-1.0.units.MeV,threshold.10.0.units.1 / (cm2 s sr),model/SEPVAL2023_Europe/Zhang/SEPSAT/events/SEPSAT_differential.2023-02-25T193400Z.2023-10-26T115953Z.json,2023-02-25 19:34:00,2023-02-26 19:34:00,2023-02-25 21:10:00,2023-02-26 02:50:00,2023-02-25 22:14:00,SEP Event
