,Model,Energy Channel Key,Threshold Key,Mismatch Allowed,Prediction Energy Channel Key,Prediction Threshold Key,Forecast Source,Prediction Window Start,Prediction Window End,Observed SEP Threshold Crossing Time,Observed SEP Peak Intensity (Onset Peak) Time,Predicted SEP Peak Intensity (Onset Peak) Time,Peak Intensity Match Status
3268,SAWS-ASPECS CME 50%,min.10.0.max.-1.0.units.MeV,threshold.10.0.units.1 / (cm2 s sr),False,min.10.0.max.-1.0.units.MeV,threshold.10.0.units.1 / (cm2 s sr),model/SEPVAL2023_Europe/ASPECS/aspecs_jsons/2023/10/31/cme_cactus/SAWS_ASPECS_CME_50.2011-03-07T201500Z.2011-03-07T194300Z.json,2011-03-07 20:15:00,2011-03-10 01:45:00,2011-03-08 01:05:00,2011-03-08 04:55:00,2011-03-07 20:15:00,SEP Event
3271,SAWS-ASPECS CME 50%,min.10.0.max.-1.0.units.MeV,threshold.10.0.units.1 / (cm2 s sr),False,min.10.0.max.-1.0.units.MeV,threshold.10.0.units.1 / (cm2 s sr),model/SEPVAL2023_Europe/ASPECS/aspecs_jsons/2023/10/31/cme_cactus/SAWS_ASPECS_CME_50.2011-08-04T041500Z.2011-08-04T034100Z.json,2011-08-04 04:15:00,2011-08-06 09:45:00,2011-08-04 06:35:00,2011-08-04 08:50:00,2011-08-04 10:45:00,SEP Event
3272,SAWS-ASPECS CME 50%,min.10.0.max.-1.0.units.MeV,threshold.10.0.units.1 / (cm2 s sr),False,min.10.0.max.-1.0.units.MeV,threshold.10.0.units.1 / (cm2 s sr),model/SEPVAL2023_Europe/ASPECS/aspecs_jsons/2023/10/31/cme_cactus/SAWS_ASPECS_CME_50.2011-08-09T082000Z.2011-08-09T074800Z.json,2011-08-09 08:20:00,2011-08-11 13:50:00,2011-08-09 08:45:00,2011-08-09 09:50:00,2011-08-09 08:50:00,SEP Event
3273,SAWS-ASPECS CME 50%,min.10.0.max.-1.0.units.MeV,threshold.10.0.units.1 / (cm2 s sr),False,min.10.0.max.-1.0.units.MeV,threshold.10.0.units.1 / (cm2 s sr),model/SEPVAL2023_Europe/ASPECS/aspecs_jsons/2023/10/31/cme_cactus/SAWS_ASPECS_CME_50.2012-01-23T041000Z.2012-01-23T033800Z.json,2012-01-23 04:10:00,2012-01-25 09:40:00,2012-01-23 05:30:00,2012-01-23 21:15:00,2012-01-23 10:40:00,SEP Event
3274,SAWS-ASPECS CME 50%,min.10.0.max.-1.0.units.MeV,threshold.10.0.units.1 / (cm2 s sr),False,min.10.0.max.-1.0.units.MeV,threshold.10.0.units.1 / (cm2 s sr),model/SEPVAL2023_Europe/ASPECS/aspecs_jsons/2023/10/31/cme_cactus/SAWS_ASPECS_CME_50.2012-01-27T181000Z.2012-01-27T173700Z.json,2012-01-27 18:10:00,2012-01-29 23:40:00,2012-01-27 19:05:00,2012-01-28 01:45:00,2012-01-28 00:40:00,SEP Event
3277,SAWS-ASPECS CME 50%,min.10.0.max.-1.0.units.MeV,threshold.10.0.units.1 / (cm2 s sr),False,min.10.0.max.-1.0.units.MeV,threshold.10.0.units.1 / (cm2 s sr),model/SEPVAL2023_Europe/ASPECS/aspecs_jsons/2023/10/31/cme_cactus/SAWS_ASPECS_CME_50.2012-03-07T013500Z.2012-03-07T010500Z.json,2012-03-07 01:35:00,2012-03-09 07:05:00,2012-03-07 05:10:00,2012-03-07 22:30:00,2012-03-08 11:05:00,SEP Event
3278,SAWS-ASPECS CME 50%,min.10.0.max.-1.0.units.MeV,threshold.10.0.units.1 / (cm2 s sr),False,min.10.0.max.-1.0.units.MeV,threshold.10.0.units.1 / (cm2 s sr),model/SEPVAL2023_Europe/ASPECS/aspecs_jsons/2023/10/31/cme_cactus/SAWS_ASPECS_CME_50.2012-03-13T165500Z.2012-03-13T162100Z.json,2012-03-13 16:55:00,2012-03-15 22:25:00,2012-03-13 18:10:00,2012-03-13 20:45:00,2012-03-13 17:25:00,SEP Event
3282,SAWS-ASPECS CME 50%,min.10.0.max.-1.0.units.MeV,threshold.10.0.units.1 / (cm2 s sr),False,min.10.0.max.-1.0.units.MeV,threshold.10.0.units.1 / (cm2 s sr),model/SEPVAL2023_Europe/ASPECS/aspecs_jsons/2023/10/31/cme_cactus/SAWS_ASPECS_CME_50.2012-07-06T233500Z.2012-07-06T230100Z.json,2012-07-06 23:35:00,2012-07-09 05:05:00,2012-07-07 04:00:00,2012-07-07 07:45:00,2012-07-07 00:05:00,SEP Event
3283,SAWS-ASPECS CME 50%,min.10.0.max.-1.0.units.MeV,threshold.10.0.units.1 / (cm2 s sr),False,min.10.0.max.-1.0.units.MeV,threshold.10.0.units.1 / (cm2 s sr),model/SEPVAL2023_Europe/ASPECS/aspecs_jsons/2023/10/31/cme_cactus/SAWS_ASPECS_CME_50.2012-07-12T161000Z.2012-07-12T153700Z.json,2012-07-12 16:10:00,2012-07-14 21:40:00,2012-07-12 18:35:00,2012-07-12 22:15:00,2012-07-13 11:10:00,SEP Event
3284,SAWS-ASPECS CME 50%,min.10.0.max.-1.0.units.MeV,threshold.10.0.units.1 / (cm2 s sr),False,min.10.0.max.-1.0.units.MeV,threshold.10.0.units.1 / (cm2 s sr),model/SEPVAL2023_Europe/ASPECS/aspecs_jsons/2023/10/31/cme_cactus/SAWS_ASPECS_CME_50.2012-07-23T031000Z.2012-07-23T023600Z.json,2012-07-23 03:10:00,2012-07-25 08:40:00,2012-07-23 15:45:00,2012-07-23 13:45:00,2012-07-23 03:10:00,SEP Event
3285,SAWS-ASPECS CME 50%,min.10.0.max.-1.0.units.MeV,threshold.10.0.units.1 / (cm2 s sr),False,min.10.0.max.-1.0.units.MeV,threshold.10.0.units.1 / (cm2 s sr),model/SEPVAL2023_Europe/ASPECS/aspecs_jsons/2023/10/31/cme_cactus/SAWS_ASPECS_CME_50.2012-09-28T001000Z.2012-09-27T233600Z.json,2012-09-28 00:10:00,2012-09-30 05:40:00,2012-09-28 03:00:00,2012-09-28 04:45:00,2012-09-28 00:10:00,SEP Event
3286,SAWS-ASPECS CME 50%,min.10.0.max.-1.0.units.MeV,threshold.10.0.units.1 / (cm2 s sr),False,min.10.0.max.-1.0.units.MeV,threshold.10.0.units.1 / (cm2 s sr),model/SEPVAL2023_Europe/ASPECS/aspecs_jsons/2023/10/31/cme_cactus/SAWS_ASPECS_CME_50.2013-04-11T072500Z.2013-04-11T065500Z.json,2013-04-11 07:25:00,2013-04-13 12:55:00,2013-04-11 10:55:00,2013-04-11 16:45:00,2013-04-12 16:55:00,SEP Event
3287,SAWS-ASPECS CME 50%,min.10.0.max.-1.0.units.MeV,threshold.10.0.units.1 / (cm2 s sr),False,min.10.0.max.-1.0.units.MeV,threshold.10.0.units.1 / (cm2 s sr),model/SEPVAL2023_Europe/ASPECS/aspecs_jsons/2023/10/31/cme_cactus/SAWS_ASPECS_CME_50.2013-05-22T130000Z.2013-05-22T123000Z.json,2013-05-22 13:00:00,2013-05-24 18:30:00,2013-05-22 14:35:00,2013-05-23 04:05:00,2013-05-22 19:30:00,SEP Event
3290,SAWS-ASPECS CME 50%,min.10.0.max.-1.0.units.MeV,threshold.10.0.units.1 / (cm2 s sr),False,min.10.0.max.-1.0.units.MeV,threshold.10.0.units.1 / (cm2 s sr),model/SEPVAL2023_Europe/ASPECS/aspecs_jsons/2023/10/31/cme_cactus/SAWS_ASPECS_CME_50.2013-09-29T221500Z.2013-09-29T214300Z.json,2013-09-29 22:15:00,2013-10-02 03:45:00,2013-09-30 05:05:00,2013-09-30 17:00:00,2013-09-29 22:15:00,SEP Event
3291,SAWS-ASPECS CME 50%,min.10.0.max.-1.0.units.MeV,threshold.10.0.units.1 / (cm2 s sr),False,min.10.0.max.-1.0.units.MeV,threshold.10.0.units.1 / (cm2 s sr),model/SEPVAL2023_Europe/ASPECS/aspecs_jsons/2023/10/31/cme_cactus/SAWS_ASPECS_CME_50.2014-01-06T083000Z.2014-01-06T080000Z.json,2014-01-06 08:30:00,2014-01-08 14:00:00,2014-01-06 09:15:00,2014-01-06 13:50:00,2014-01-06 08:30:00,SEP Event
3293,SAWS-ASPECS CME 50%,min.10.0.max.-1.0.units.MeV,threshold.10.0.units.1 / (cm2 s sr),False,min.10.0.max.-1.0.units.MeV,threshold.10.0.units.1 / (cm2 s sr),model/SEPVAL2023_Europe/ASPECS/aspecs_jsons/2023/10/31/cme_cactus/SAWS_ASPECS_CME_50.2014-02-25T011500Z.2014-02-25T004100Z.json,2014-02-25 01:15:00,2014-02-27 06:45:00,2014-02-25 14:10:00,2014-02-25 22:10:00,2014-02-26 10:45:00,SEP Event
3294,SAWS-ASPECS CME 50%,min.10.0.max.-1.0.units.MeV,threshold.10.0.units.1 / (cm2 s sr),False,min.10.0.max.-1.0.units.MeV,threshold.10.0.units.1 / (cm2 s sr),model/SEPVAL2023_Europe/ASPECS/aspecs_jsons/2023/10/31/cme_cactus/SAWS_ASPECS_CME_50.2014-04-18T130500Z.2014-04-18T123100Z.json,2014-04-18 13:05:00,2014-04-20 18:35:00,2014-04-18 15:25:00,2014-04-18 19:55:00,2014-04-18 19:35:00,SEP Event
3296,SAWS-ASPECS CME 50%,min.10.0.max.-1.0.units.MeV,threshold.10.0.units.1 / (cm2 s sr),False,min.10.0.max.-1.0.units.MeV,threshold.10.0.units.1 / (cm2 s sr),model/SEPVAL2023_Europe/ASPECS/aspecs_jsons/2023/10/31/cme_cactus/SAWS_ASPECS_CME_50.2014-09-10T193000Z.2014-09-10T172100Z.json,2014-09-10 19:30:00,2014-09-13 00:00:00,2014-09-11 02:55:00,2014-09-11 04:55:00,2014-09-11 13:00:00,SEP Event
3302,SAWS-ASPECS CME 50%,min.10.0.max.-1.0.units.MeV,threshold.10.0.units.1 / (cm2 s sr),False,min.10.0.max.-1.0.units.MeV,threshold.10.0.units.1 / (cm2 s sr),model/SEPVAL2023_Europe/ASPECS/aspecs_jsons/2023/10/31/cme_cactus/SAWS_ASPECS_CME_50.2015-10-29T031000Z.2015-10-29T023600Z.json,2015-10-29 03:10:00,2015-10-31 08:40:00,2015-10-29 05:50:00,2015-10-29 07:20:00,2015-10-29 03:10:00,SEP Event
3304,SAWS-ASPECS CME 50%,min.10.0.max.-1.0.units.MeV,threshold.10.0.units.1 / (cm2 s sr),False,min.10.0.max.-1.0.units.MeV,threshold.10.0.units.1 / (cm2 s sr),model/SEPVAL2023_Europe/ASPECS/aspecs_jsons/2023/10/31/cme_cactus/SAWS_ASPECS_CME_50.2017-07-14T014000Z.2017-07-14T010700Z.json,2017-07-14 01:40:00,2017-07-16 07:10:00,2017-07-14 09:00:00,2017-07-14 14:45:00,2017-07-14 01:40:00,SEP Event
3305,SAWS-ASPECS CME 50%,min.10.0.max.-1.0.units.MeV,threshold.10.0.units.1 / (cm2 s sr),False,min.10.0.max.-1.0.units.MeV,threshold.10.0.units.1 / (cm2 s sr),model/SEPVAL2023_Europe/ASPECS/aspecs_jsons/2023/10/31/cme_cactus/SAWS_ASPECS_CME_50.2017-09-04T214000Z.2017-09-04T202800Z.json,2017-09-04 21:40:00,2017-09-07 03:10:00,2017-09-05 00:40:00,2017-09-05 07:10:00,2017-09-05 03:40:00,SEP Event
3308,SAWS-ASPECS CME 50%,min.10.0.max.-1.0.units.MeV,threshold.10.0.units.1 / (cm2 s sr),False,min.10.0.max.-1.0.units.MeV,threshold.10.0.units.1 / (cm2 s sr),model/SEPVAL2023_Europe/ASPECS/aspecs_jsons/2023/10/31/cme_cactus/SAWS_ASPECS_CME_50.2021-05-28T225000Z.2021-05-28T221900Z.json,2021-05-28 22:50:00,2021-05-31 04:20:00,2021-05-29 03:00:00,2021-05-29 03:20:00,2021-05-28 22:50:00,SEP Event
3309,SAWS-ASPECS CME 50%,min.10.0.max.-1.0.units.MeV,threshold.10.0.units.1 / (cm2 s sr),False,min.10.0.max.-1.0.units.MeV,threshold.10.0.units.1 / (cm2 s sr),model/SEPVAL2023_Europe/ASPECS/aspecs_jsons/2023/10/31/cme_cactus/SAWS_ASPECS_CME_50.2021-10-28T155000Z.2021-10-28T151700Z.json,2021-10-28 15:50:00,2021-10-30 21:20:00,2021-10-28 17:40:00,2021-10-28 23:20:00,2021-10-29 10:50:00,SEP Event
3313,SAWS-ASPECS CME 50%,min.10.0.max.-1.0.units.MeV,threshold.10.0.units.1 / (cm2 s sr),False,min.10.0.max.-1.0.units.MeV,threshold.10.0.units.1 / (cm2 s sr),model/SEPVAL2023_Europe/ASPECS/aspecs_jsons/2023/10/31/cme_cactus/SAWS_ASPECS_CME_50.2022-01-20T061500Z.2022-01-20T054100Z.json,2022-01-20 06:15:00,2022-01-22 11:45:00,2022-01-20 08:00:00,2022-01-20 10:15:00,2022-01-20 12:45:00,SEP Event
3314,SAWS-ASPECS CME 50%,min.10.0.max.-1.0.units.MeV,threshold.10.0.units.1 / (cm2 s sr),False,min.10.0.max.-1.0.units.MeV,threshold.10.0.units.1 / (cm2 s sr),model/SEPVAL2023_Europe/ASPECS/aspecs_jsons/2023/10/31/cme_cactus/SAWS_ASPECS_CME_50.2022-03-28T113000Z.2022-03-28T105800Z.json,2022-03-28 11:30:00,2022-03-30 17:00:00,2022-03-28 13:25:00,2022-03-28 14:50:00,2022-03-28 11:30:00,SEP Event
3315,SAWS-ASPECS CME 50%,min.10.0.max.-1.0.units.MeV,threshold.10.0.units.1 / (cm2 s sr),False,min.10.0.max.-1.0.units.MeV,threshold.10.0.units.1 / (cm2 s sr),model/SEPVAL2023_Europe/ASPECS/aspecs_jsons/2023/10/31/cme_cactus/SAWS_ASPECS_CME_50.2022-04-02T133000Z.2022-04-02T125600Z.json,2022-04-02 13:30:00,2022-04-04 19:00:00,2022-04-02 14:40:00,2022-04-02 16:00:00,2022-04-02 13:30:00,SEP Event
3322,SAWS-ASPECS CME 50%,min.10.0.max.-1.0.units.MeV,threshold.10.0.units.1 / (cm2 s sr),False,min.10.0.max.-1.0.units.MeV,threshold.10.0.units.1 / (cm2 s sr),model/SEPVAL2023_Europe/ASPECS/aspecs_jsons/2023/10/31/cme_cactus/SAWS_ASPECS_CME_50.2022-08-27T022500Z.2022-08-27T015200Z.json,2022-08-27 02:25:00,2022-08-29 07:55:00,2022-08-27 11:55:00,2022-08-27 12:20:00,2022-08-27 02:55:00,SEP Event
3325,SAWS-ASPECS CME 50%,min.10.0.max.-1.0.units.MeV,threshold.10.0.units.1 / (cm2 s sr),False,min.10.0.max.-1.0.units.MeV,threshold.10.0.units.1 / (cm2 s sr),model/SEPVAL2023_Europe/ASPECS/aspecs_jsons/2023/10/31/cme_cactus/SAWS_ASPECS_CME_50.2023-02-25T191000Z.2023-02-25T184000Z.json,2023-02-25 19:10:00,2023-02-28 00:40:00,2023-02-25 21:10:00,2023-02-26 02:50:00,2023-02-26 01:40:00,SEP Event
