,Model,Energy Channel Key,Threshold Key,Mismatch Allowed,Prediction Energy Channel Key,Prediction Threshold Key,Forecast Source,Prediction Window Start,Prediction Window End,Observed SEP Threshold Crossing Time,Observed SEP Peak Intensity (Onset Peak) Time,Predicted SEP Peak Intensity (Onset Peak) Time,Peak Intensity Match Status
2592,SEPMOD,min.100.0.max.-1.0.units.MeV,threshold.1.0.units.1 / (cm2 s sr),False,min.100.0.max.-1.0.units.MeV,threshold.1.0.units.1 / (cm2 s sr),model/SEPVAL2023_Europe/ENLIL+SEPMOD/jsons/SEPMOD_integral.2011-08-04T003000Z.json,2011-08-04 00:30:00,2011-08-10 23:30:00,2011-08-04 05:10:00,2011-08-04 07:15:00,2011-08-04 11:30:00,SEP Event
2594,SEPMOD,min.100.0.max.-1.0.units.MeV,threshold.1.0.units.1 / (cm2 s sr),False,min.100.0.max.-1.0.units.MeV,threshold.1.0.units.1 / (cm2 s sr),model/SEPVAL2023_Europe/ENLIL+SEPMOD/jsons/SEPMOD_integral.2012-01-23T003000Z.json,2012-01-23 00:30:00,2012-01-29 23:30:00,2012-01-23 04:45:00,2012-01-23 07:50:00,2012-01-23 21:30:00,SEP Event
2595,SEPMOD,min.100.0.max.-1.0.units.MeV,threshold.1.0.units.1 / (cm2 s sr),False,min.100.0.max.-1.0.units.MeV,threshold.1.0.units.1 / (cm2 s sr),model/SEPVAL2023_Europe/ENLIL+SEPMOD/jsons/SEPMOD_integral.2012-01-27T003000Z.json,2012-01-27 00:30:00,2012-02-02 23:30:00,2012-01-27 19:00:00,2012-01-27 21:40:00,2012-01-28 00:30:00,SEP Event
2599,SEPMOD,min.100.0.max.-1.0.units.MeV,threshold.1.0.units.1 / (cm2 s sr),False,min.100.0.max.-1.0.units.MeV,threshold.1.0.units.1 / (cm2 s sr),model/SEPVAL2023_Europe/ENLIL+SEPMOD/jsons/SEPMOD_integral.2012-03-13T003000Z.json,2012-03-13 00:30:00,2012-03-19 23:30:00,2012-03-13 18:10:00,2012-03-13 19:05:00,2012-03-14 00:30:00,SEP Event
2607,SEPMOD,min.100.0.max.-1.0.units.MeV,threshold.1.0.units.1 / (cm2 s sr),False,min.100.0.max.-1.0.units.MeV,threshold.1.0.units.1 / (cm2 s sr),model/SEPVAL2023_Europe/ENLIL+SEPMOD/jsons/SEPMOD_integral.2013-05-22T003000Z.json,2013-05-22 00:30:00,2013-05-28 23:30:00,2013-05-22 14:35:00,2013-05-22 16:35:00,2013-05-22 20:30:00,SEP Event
