,Model,Energy Channel Key,Threshold Key,Mismatch Allowed,Prediction Energy Channel Key,Prediction Threshold Key,Forecast Source,Prediction Window Start,Prediction Window End,Observed SEP Threshold Crossing Time,Observed SEP Peak Intensity Max (Max Flux),Observed SEP Peak Intensity Max (Max Flux) Units,Predicted SEP Peak Intensity (Onset Peak),Predicted SEP Peak Intensity (Onset Peak) Units,Peak Intensity Match Status
8613,SEPSTER (Parker Spiral),min.100.0.max.-1.0.units.MeV,threshold.1.0.units.1 / (cm2 s sr),False,min.100.0.max.-1.0.units.MeV,threshold.1.0.units.1 / (cm2 s sr),model/SEPVAL2023_Europe/SEPSTER/sepster_20110607_0650_1400_Parker_Spiral_iss_20110607_0902.json,2011-06-07 06:50:00,2011-06-07 14:33:00,2011-06-07 07:20:00,4.5281,1 / (cm2 s sr),0.397,1 / (cm2 s sr),SEP Event
8614,SEPSTER (Parker Spiral),min.100.0.max.-1.0.units.MeV,threshold.1.0.units.1 / (cm2 s sr),False,min.100.0.max.-1.0.units.MeV,threshold.1.0.units.1 / (cm2 s sr),model/SEPVAL2023_Europe/SEPSTER/sepster_20110804_0410_1950_Parker_Spiral_iss_20110804_0545.json,2011-08-04 04:10:00,2011-08-04 13:11:00,2011-08-04 05:10:00,1.7984,1 / (cm2 s sr),2.49,1 / (cm2 s sr),SEP Event
8616,SEPSTER (Parker Spiral),min.100.0.max.-1.0.units.MeV,threshold.1.0.units.1 / (cm2 s sr),False,min.100.0.max.-1.0.units.MeV,threshold.1.0.units.1 / (cm2 s sr),model/SEPVAL2023_Europe/SEPSTER/sepster_20120123_0400_2211_Parker_Spiral_iss_20120123_0520.json,2012-01-23 04:00:00,2012-01-23 13:04:00,2012-01-23 04:45:00,2.3859,1 / (cm2 s sr),6.33,1 / (cm2 s sr),SEP Event
8617,SEPSTER (Parker Spiral),min.100.0.max.-1.0.units.MeV,threshold.1.0.units.1 / (cm2 s sr),False,min.100.0.max.-1.0.units.MeV,threshold.1.0.units.1 / (cm2 s sr),model/SEPVAL2023_Europe/SEPSTER/sepster_20120127_1639_2200_Parker_Spiral_iss_20120127_2000.json,2012-01-27 16:39:00,2012-01-28 02:20:00,2012-01-27 19:00:00,11.88,1 / (cm2 s sr),5.42,1 / (cm2 s sr),SEP Event
8620,SEPSTER (Parker Spiral),min.100.0.max.-1.0.units.MeV,threshold.1.0.units.1 / (cm2 s sr),False,min.100.0.max.-1.0.units.MeV,threshold.1.0.units.1 / (cm2 s sr),model/SEPVAL2023_Europe/SEPSTER/sepster_20120307_0036_2809_Parker_Spiral_iss_20120307_0138.json,2012-03-07 00:36:00,2012-03-07 16:31:00,2012-03-07 04:05:00,69.272,1 / (cm2 s sr),7.71,1 / (cm2 s sr),SEP Event
8621,SEPSTER (Parker Spiral),min.100.0.max.-1.0.units.MeV,threshold.1.0.units.1 / (cm2 s sr),False,min.100.0.max.-1.0.units.MeV,threshold.1.0.units.1 / (cm2 s sr),model/SEPVAL2023_Europe/SEPSTER/sepster_20120307_0125_2040_Parker_Spiral_iss_20120307_0220.json,2012-03-07 01:25:00,2012-03-07 16:44:00,2012-03-07 04:05:00,69.272,1 / (cm2 s sr),0.447,1 / (cm2 s sr),SEP Event
8622,SEPSTER (Parker Spiral),min.100.0.max.-1.0.units.MeV,threshold.1.0.units.1 / (cm2 s sr),False,min.100.0.max.-1.0.units.MeV,threshold.1.0.units.1 / (cm2 s sr),model/SEPVAL2023_Europe/SEPSTER/sepster_20120313_1752_2250_Parker_Spiral_iss_20120313_1855.json,2012-03-13 17:52:00,2012-03-14 01:27:00,2012-03-13 18:10:00,1.8856,1 / (cm2 s sr),8.52,1 / (cm2 s sr),SEP Event
8623,SEPSTER (Parker Spiral),min.100.0.max.-1.0.units.MeV,threshold.1.0.units.1 / (cm2 s sr),False,min.100.0.max.-1.0.units.MeV,threshold.1.0.units.1 / (cm2 s sr),model/SEPVAL2023_Europe/SEPSTER/sepster_20120517_0148_1263_Parker_Spiral_iss_20120517_0330.json,2012-05-17 01:48:00,2012-05-17 09:58:00,2012-05-17 02:00:00,20.445,1 / (cm2 s sr),0.24,1 / (cm2 s sr),SEP Event
8630,SEPSTER (Parker Spiral),min.100.0.max.-1.0.units.MeV,threshold.1.0.units.1 / (cm2 s sr),False,min.100.0.max.-1.0.units.MeV,threshold.1.0.units.1 / (cm2 s sr),model/SEPVAL2023_Europe/SEPSTER/sepster_20130411_0736_0743_Parker_Spiral_iss_20130411_1215.json,2013-04-11 07:36:00,2013-04-11 23:08:00,2013-04-11 09:40:00,2.0297,1 / (cm2 s sr),0.00738,1 / (cm2 s sr),SEP Event
8631,SEPSTER (Parker Spiral),min.100.0.max.-1.0.units.MeV,threshold.1.0.units.1 / (cm2 s sr),False,min.100.0.max.-1.0.units.MeV,threshold.1.0.units.1 / (cm2 s sr),model/SEPVAL2023_Europe/SEPSTER/sepster_20130522_1324_1756_Parker_Spiral_iss_20130522_1516.json,2013-05-22 13:24:00,2013-05-22 21:27:00,2013-05-22 14:35:00,3.5818,1 / (cm2 s sr),1.4,1 / (cm2 s sr),SEP Event
8635,SEPSTER (Parker Spiral),min.100.0.max.-1.0.units.MeV,threshold.1.0.units.1 / (cm2 s sr),False,min.100.0.max.-1.0.units.MeV,threshold.1.0.units.1 / (cm2 s sr),model/SEPVAL2023_Europe/SEPSTER/sepster_20140106_0809_1138_Parker_Spiral_iss_20140106_1059.json,2014-01-06 08:09:00,2014-01-06 19:24:00,2014-01-06 08:30:00,4.079,1 / (cm2 s sr),0.0816,1 / (cm2 s sr),SEP Event
8636,SEPSTER (Parker Spiral),min.100.0.max.-1.0.units.MeV,threshold.1.0.units.1 / (cm2 s sr),False,min.100.0.max.-1.0.units.MeV,threshold.1.0.units.1 / (cm2 s sr),model/SEPVAL2023_Europe/SEPSTER/sepster_20140107_1824_2048_Parker_Spiral_iss_20140107_1948.json,2014-01-07 18:24:00,2014-01-08 03:52:00,2014-01-07 20:30:00,4.2687,1 / (cm2 s sr),2.77,1 / (cm2 s sr),SEP Event
8647,SEPSTER (Parker Spiral),min.100.0.max.-1.0.units.MeV,threshold.1.0.units.1 / (cm2 s sr),False,min.100.0.max.-1.0.units.MeV,threshold.1.0.units.1 / (cm2 s sr),model/SEPVAL2023_Europe/SEPSTER/sepster_20151029_0248_0535_Parker_Spiral_iss_20151029_0814.json,2015-10-29 02:48:00,2015-10-29 17:02:00,2015-10-29 04:35:00,2.0277,1 / (cm2 s sr),0.00377,1 / (cm2 s sr),SEP Event
8652,SEPSTER (Parker Spiral),min.100.0.max.-1.0.units.MeV,threshold.1.0.units.1 / (cm2 s sr),False,min.100.0.max.-1.0.units.MeV,threshold.1.0.units.1 / (cm2 s sr),model/SEPVAL2023_Europe/SEPSTER/sepster_20170910_1609_2314_Parker_Spiral_iss_20170910_1726.json,2017-09-10 16:09:00,2017-09-11 01:07:00,2017-09-10 16:25:00,68.128,1 / (cm2 s sr),9.32,1 / (cm2 s sr),SEP Event
8654,SEPSTER (Parker Spiral),min.100.0.max.-1.0.units.MeV,threshold.1.0.units.1 / (cm2 s sr),False,min.100.0.max.-1.0.units.MeV,threshold.1.0.units.1 / (cm2 s sr),model/SEPVAL2023_Europe/SEPSTER/sepster_20211028_1553_1109_Parker_Spiral_iss_20211028_1852.json,2021-10-28 15:53:00,2021-10-29 06:07:00,2021-10-28 16:35:00,7.327305,1 / (cm2 s sr),0.0299,1 / (cm2 s sr),SEP Event
8658,SEPSTER (Parker Spiral),min.100.0.max.-1.0.units.MeV,threshold.1.0.units.1 / (cm2 s sr),False,min.100.0.max.-1.0.units.MeV,threshold.1.0.units.1 / (cm2 s sr),model/SEPVAL2023_Europe/SEPSTER/sepster_20220120_0612_1426_Parker_Spiral_iss_20220120_0827.json,2022-01-20 06:12:00,2022-01-20 17:36:00,2022-01-20 07:45:00,1.126116,1 / (cm2 s sr),0.221,1 / (cm2 s sr),SEP Event
8659,SEPSTER (Parker Spiral),min.100.0.max.-1.0.units.MeV,threshold.1.0.units.1 / (cm2 s sr),False,min.100.0.max.-1.0.units.MeV,threshold.1.0.units.1 / (cm2 s sr),model/SEPVAL2023_Europe/SEPSTER/sepster_20220328_1209_0662_Parker_Spiral_iss_20220328_1719.json,2022-03-28 12:09:00,2022-03-28 21:51:00,2022-03-28 12:45:00,1.269069,1 / (cm2 s sr),0.0213,1 / (cm2 s sr),SEP Event
