,Model,Energy Channel Key,Threshold Key,Mismatch Allowed,Prediction Energy Channel Key,Prediction Threshold Key,Forecast Source,Prediction Window Start,Prediction Window End,Observed SEP Threshold Crossing Time,Observed SEP Peak Intensity (Onset Peak),Observed SEP Peak Intensity (Onset Peak) Units,Predicted SEP Peak Intensity (Onset Peak),Predicted SEP Peak Intensity (Onset Peak) Units,Peak Intensity Match Status
8675,SEPSTER (Parker Spiral),min.30.0.max.-1.0.units.MeV,threshold.1.0.units.1 / (cm2 s sr),False,min.30.0.max.-1.0.units.MeV,threshold.1.0.units.1 / (cm2 s sr),model/SEPVAL2023_Europe/SEPSTER/sepster_20110307_2012_1980_Parker_Spiral_iss_20110307_2140.json,2011-03-07 20:12:00,2011-03-08 03:34:00,2011-03-08 00:45:00,3.6675,1 / (cm2 s sr),32.4,1 / (cm2 s sr),SEP Event
8677,SEPSTER (Parker Spiral),min.30.0.max.-1.0.units.MeV,threshold.1.0.units.1 / (cm2 s sr),False,min.30.0.max.-1.0.units.MeV,threshold.1.0.units.1 / (cm2 s sr),model/SEPVAL2023_Europe/SEPSTER/sepster_20110607_0650_1400_Parker_Spiral_iss_20110607_0902.json,2011-06-07 06:50:00,2011-06-07 14:33:00,2011-06-07 07:05:00,25.841,1 / (cm2 s sr),3.97,1 / (cm2 s sr),SEP Event
8678,SEPSTER (Parker Spiral),min.30.0.max.-1.0.units.MeV,threshold.1.0.units.1 / (cm2 s sr),False,min.30.0.max.-1.0.units.MeV,threshold.1.0.units.1 / (cm2 s sr),model/SEPVAL2023_Europe/SEPSTER/sepster_20110804_0410_1950_Parker_Spiral_iss_20110804_0545.json,2011-08-04 04:10:00,2011-08-04 13:11:00,2011-08-04 04:55:00,21.694,1 / (cm2 s sr),24.9,1 / (cm2 s sr),SEP Event
8680,SEPSTER (Parker Spiral),min.30.0.max.-1.0.units.MeV,threshold.1.0.units.1 / (cm2 s sr),False,min.30.0.max.-1.0.units.MeV,threshold.1.0.units.1 / (cm2 s sr),model/SEPVAL2023_Europe/SEPSTER/sepster_20120123_0400_2211_Parker_Spiral_iss_20120123_0520.json,2012-01-23 04:00:00,2012-01-23 13:04:00,2012-01-23 04:45:00,447.84,1 / (cm2 s sr),63.3,1 / (cm2 s sr),SEP Event
8681,SEPSTER (Parker Spiral),min.30.0.max.-1.0.units.MeV,threshold.1.0.units.1 / (cm2 s sr),False,min.30.0.max.-1.0.units.MeV,threshold.1.0.units.1 / (cm2 s sr),model/SEPVAL2023_Europe/SEPSTER/sepster_20120127_1639_2200_Parker_Spiral_iss_20120127_2000.json,2012-01-27 16:39:00,2012-01-28 02:20:00,2012-01-27 18:55:00,133.23,1 / (cm2 s sr),54.2,1 / (cm2 s sr),SEP Event
8684,SEPSTER (Parker Spiral),min.30.0.max.-1.0.units.MeV,threshold.1.0.units.1 / (cm2 s sr),False,min.30.0.max.-1.0.units.MeV,threshold.1.0.units.1 / (cm2 s sr),model/SEPVAL2023_Europe/SEPSTER/sepster_20120307_0036_2809_Parker_Spiral_iss_20120307_0138.json,2012-03-07 00:36:00,2012-03-07 16:31:00,2012-03-07 03:40:00,500.95,1 / (cm2 s sr),77.1,1 / (cm2 s sr),SEP Event
8685,SEPSTER (Parker Spiral),min.30.0.max.-1.0.units.MeV,threshold.1.0.units.1 / (cm2 s sr),False,min.30.0.max.-1.0.units.MeV,threshold.1.0.units.1 / (cm2 s sr),model/SEPVAL2023_Europe/SEPSTER/sepster_20120307_0125_2040_Parker_Spiral_iss_20120307_0220.json,2012-03-07 01:25:00,2012-03-07 16:44:00,2012-03-07 03:40:00,500.95,1 / (cm2 s sr),4.47,1 / (cm2 s sr),SEP Event
8686,SEPSTER (Parker Spiral),min.30.0.max.-1.0.units.MeV,threshold.1.0.units.1 / (cm2 s sr),False,min.30.0.max.-1.0.units.MeV,threshold.1.0.units.1 / (cm2 s sr),model/SEPVAL2023_Europe/SEPSTER/sepster_20120313_1752_2250_Parker_Spiral_iss_20120313_1855.json,2012-03-13 17:52:00,2012-03-14 01:27:00,2012-03-13 18:05:00,64.491,1 / (cm2 s sr),85.2,1 / (cm2 s sr),SEP Event
8687,SEPSTER (Parker Spiral),min.30.0.max.-1.0.units.MeV,threshold.1.0.units.1 / (cm2 s sr),False,min.30.0.max.-1.0.units.MeV,threshold.1.0.units.1 / (cm2 s sr),model/SEPVAL2023_Europe/SEPSTER/sepster_20120517_0148_1263_Parker_Spiral_iss_20120517_0330.json,2012-05-17 01:48:00,2012-05-17 09:58:00,2012-05-17 02:00:00,123.66,1 / (cm2 s sr),2.4,1 / (cm2 s sr),SEP Event
8690,SEPSTER (Parker Spiral),min.30.0.max.-1.0.units.MeV,threshold.1.0.units.1 / (cm2 s sr),False,min.30.0.max.-1.0.units.MeV,threshold.1.0.units.1 / (cm2 s sr),model/SEPVAL2023_Europe/SEPSTER/sepster_20120706_2312_1200_Parker_Spiral_iss_20120707_0235.json,2012-07-06 23:12:00,2012-07-07 07:45:00,2012-07-07 02:00:00,4.6959,1 / (cm2 s sr),1.79,1 / (cm2 s sr),SEP Event
8691,SEPSTER (Parker Spiral),min.30.0.max.-1.0.units.MeV,threshold.1.0.units.1 / (cm2 s sr),False,min.30.0.max.-1.0.units.MeV,threshold.1.0.units.1 / (cm2 s sr),model/SEPVAL2023_Europe/SEPSTER/sepster_20120712_1654_1400_Parker_Spiral_iss_20120712_1935.json,2012-07-12 16:54:00,2012-07-13 05:35:00,2012-07-12 18:00:00,3.4489,1 / (cm2 s sr),1.39,1 / (cm2 s sr),SEP Event
8692,SEPSTER (Parker Spiral),min.30.0.max.-1.0.units.MeV,threshold.1.0.units.1 / (cm2 s sr),False,min.30.0.max.-1.0.units.MeV,threshold.1.0.units.1 / (cm2 s sr),model/SEPVAL2023_Europe/SEPSTER/sepster_20120723_0236_2395_Parker_Spiral_iss_20120723_0400.json,2012-07-23 02:36:00,2012-07-23 17:08:00,2012-07-23 09:35:00,4.3424,1 / (cm2 s sr),27.6,1 / (cm2 s sr),SEP Event
8694,SEPSTER (Parker Spiral),min.30.0.max.-1.0.units.MeV,threshold.1.0.units.1 / (cm2 s sr),False,min.30.0.max.-1.0.units.MeV,threshold.1.0.units.1 / (cm2 s sr),model/SEPVAL2023_Europe/SEPSTER/sepster_20130411_0736_0743_Parker_Spiral_iss_20130411_1215.json,2013-04-11 07:36:00,2013-04-11 23:08:00,2013-04-11 09:10:00,23.328,1 / (cm2 s sr),0.0738,1 / (cm2 s sr),SEP Event
8695,SEPSTER (Parker Spiral),min.30.0.max.-1.0.units.MeV,threshold.1.0.units.1 / (cm2 s sr),False,min.30.0.max.-1.0.units.MeV,threshold.1.0.units.1 / (cm2 s sr),model/SEPVAL2023_Europe/SEPSTER/sepster_20130522_1324_1756_Parker_Spiral_iss_20130522_1516.json,2013-05-22 13:24:00,2013-05-22 21:27:00,2013-05-22 14:25:00,90.1,1 / (cm2 s sr),14.0,1 / (cm2 s sr),SEP Event
8698,SEPSTER (Parker Spiral),min.30.0.max.-1.0.units.MeV,threshold.1.0.units.1 / (cm2 s sr),False,min.30.0.max.-1.0.units.MeV,threshold.1.0.units.1 / (cm2 s sr),model/SEPVAL2023_Europe/SEPSTER/sepster_20130929_2240_1100_Parker_Spiral_iss_20130930_0100.json,2013-09-29 22:40:00,2013-09-30 09:38:00,2013-09-30 03:00:00,6.3581,1 / (cm2 s sr),0.766,1 / (cm2 s sr),SEP Event
8699,SEPSTER (Parker Spiral),min.30.0.max.-1.0.units.MeV,threshold.1.0.units.1 / (cm2 s sr),False,min.30.0.max.-1.0.units.MeV,threshold.1.0.units.1 / (cm2 s sr),model/SEPVAL2023_Europe/SEPSTER/sepster_20140106_0809_1138_Parker_Spiral_iss_20140106_1059.json,2014-01-06 08:09:00,2014-01-06 19:24:00,2014-01-06 08:20:00,20.069,1 / (cm2 s sr),0.816,1 / (cm2 s sr),SEP Event
8700,SEPSTER (Parker Spiral),min.30.0.max.-1.0.units.MeV,threshold.1.0.units.1 / (cm2 s sr),False,min.30.0.max.-1.0.units.MeV,threshold.1.0.units.1 / (cm2 s sr),model/SEPVAL2023_Europe/SEPSTER/sepster_20140107_1824_2048_Parker_Spiral_iss_20140107_1948.json,2014-01-07 18:24:00,2014-01-08 03:52:00,2014-01-07 19:20:00,143.74,1 / (cm2 s sr),27.7,1 / (cm2 s sr),SEP Event
8701,SEPSTER (Parker Spiral),min.30.0.max.-1.0.units.MeV,threshold.1.0.units.1 / (cm2 s sr),False,min.30.0.max.-1.0.units.MeV,threshold.1.0.units.1 / (cm2 s sr),model/SEPVAL2023_Europe/SEPSTER/sepster_20140225_0125_1670_Parker_Spiral_iss_20140225_0251.json,2014-02-25 01:25:00,2014-02-25 23:45:00,2014-02-25 06:55:00,6.1614,1 / (cm2 s sr),0.135,1 / (cm2 s sr),SEP Event
8702,SEPSTER (Parker Spiral),min.30.0.max.-1.0.units.MeV,threshold.1.0.units.1 / (cm2 s sr),False,min.30.0.max.-1.0.units.MeV,threshold.1.0.units.1 / (cm2 s sr),model/SEPVAL2023_Europe/SEPSTER/sepster_20140418_1309_1244_Parker_Spiral_iss_20140418_1555.json,2014-04-18 13:09:00,2014-04-18 23:29:00,2014-04-18 14:10:00,5.1775,1 / (cm2 s sr),1.51,1 / (cm2 s sr),SEP Event
8704,SEPSTER (Parker Spiral),min.30.0.max.-1.0.units.MeV,threshold.1.0.units.1 / (cm2 s sr),False,min.30.0.max.-1.0.units.MeV,threshold.1.0.units.1 / (cm2 s sr),model/SEPVAL2023_Europe/SEPSTER/sepster_20140910_1818_1400_Parker_Spiral_iss_20140910_2000.json,2014-09-10 18:18:00,2014-09-11 05:59:00,2014-09-10 22:50:00,8.8292,1 / (cm2 s sr),1.86,1 / (cm2 s sr),SEP Event
8711,SEPSTER (Parker Spiral),min.30.0.max.-1.0.units.MeV,threshold.1.0.units.1 / (cm2 s sr),False,min.30.0.max.-1.0.units.MeV,threshold.1.0.units.1 / (cm2 s sr),model/SEPVAL2023_Europe/SEPSTER/sepster_20151029_0248_0535_Parker_Spiral_iss_20151029_0814.json,2015-10-29 02:48:00,2015-10-29 17:02:00,2015-10-29 03:50:00,9.7599,1 / (cm2 s sr),0.0377,1 / (cm2 s sr),SEP Event
8714,SEPSTER (Parker Spiral),min.30.0.max.-1.0.units.MeV,threshold.1.0.units.1 / (cm2 s sr),False,min.30.0.max.-1.0.units.MeV,threshold.1.0.units.1 / (cm2 s sr),model/SEPVAL2023_Europe/SEPSTER/sepster_20170904_2036_1323_Parker_Spiral_iss_20170904_2305.json,2017-09-04 20:36:00,2017-09-05 06:28:00,2017-09-05 04:30:00,0.82569,1 / (cm2 s sr),1.92,1 / (cm2 s sr),SEP Event
8715,SEPSTER (Parker Spiral),min.30.0.max.-1.0.units.MeV,threshold.1.0.units.1 / (cm2 s sr),False,min.30.0.max.-1.0.units.MeV,threshold.1.0.units.1 / (cm2 s sr),model/SEPVAL2023_Europe/SEPSTER/sepster_20170906_1224_1636_Parker_Spiral_iss_20170906_1421.json,2017-09-06 12:24:00,2017-09-06 22:23:00,2017-09-06 12:55:00,4.9492,1 / (cm2 s sr),6.68,1 / (cm2 s sr),SEP Event
8716,SEPSTER (Parker Spiral),min.30.0.max.-1.0.units.MeV,threshold.1.0.units.1 / (cm2 s sr),False,min.30.0.max.-1.0.units.MeV,threshold.1.0.units.1 / (cm2 s sr),model/SEPVAL2023_Europe/SEPSTER/sepster_20170910_1609_2314_Parker_Spiral_iss_20170910_1726.json,2017-09-10 16:09:00,2017-09-11 01:07:00,2017-09-10 16:25:00,387.42,1 / (cm2 s sr),93.2,1 / (cm2 s sr),SEP Event
8717,SEPSTER (Parker Spiral),min.30.0.max.-1.0.units.MeV,threshold.1.0.units.1 / (cm2 s sr),False,min.30.0.max.-1.0.units.MeV,threshold.1.0.units.1 / (cm2 s sr),model/SEPVAL2023_Europe/SEPSTER/sepster_20210528_2312_0949_Parker_Spiral_iss_20210529_0254.json,2021-05-28 23:12:00,2021-05-29 06:32:00,2021-05-29 00:55:00,1.158363,1 / (cm2 s sr),0.792,1 / (cm2 s sr),SEP Event
8718,SEPSTER (Parker Spiral),min.30.0.max.-1.0.units.MeV,threshold.1.0.units.1 / (cm2 s sr),False,min.30.0.max.-1.0.units.MeV,threshold.1.0.units.1 / (cm2 s sr),model/SEPVAL2023_Europe/SEPSTER/sepster_20211028_1553_1109_Parker_Spiral_iss_20211028_1852.json,2021-10-28 15:53:00,2021-10-29 06:07:00,2021-10-28 16:30:00,15.756235,1 / (cm2 s sr),0.299,1 / (cm2 s sr),SEP Event
8722,SEPSTER (Parker Spiral),min.30.0.max.-1.0.units.MeV,threshold.1.0.units.1 / (cm2 s sr),False,min.30.0.max.-1.0.units.MeV,threshold.1.0.units.1 / (cm2 s sr),model/SEPVAL2023_Europe/SEPSTER/sepster_20220120_0612_1426_Parker_Spiral_iss_20220120_0827.json,2022-01-20 06:12:00,2022-01-20 17:36:00,2022-01-20 06:50:00,7.132102,1 / (cm2 s sr),2.21,1 / (cm2 s sr),SEP Event
8723,SEPSTER (Parker Spiral),min.30.0.max.-1.0.units.MeV,threshold.1.0.units.1 / (cm2 s sr),False,min.30.0.max.-1.0.units.MeV,threshold.1.0.units.1 / (cm2 s sr),model/SEPVAL2023_Europe/SEPSTER/sepster_20220328_1209_0662_Parker_Spiral_iss_20220328_1719.json,2022-03-28 12:09:00,2022-03-28 21:51:00,2022-03-28 12:20:00,7.075072,1 / (cm2 s sr),0.213,1 / (cm2 s sr),SEP Event
8724,SEPSTER (Parker Spiral),min.30.0.max.-1.0.units.MeV,threshold.1.0.units.1 / (cm2 s sr),False,min.30.0.max.-1.0.units.MeV,threshold.1.0.units.1 / (cm2 s sr),model/SEPVAL2023_Europe/SEPSTER/sepster_20220402_1338_1370_Parker_Spiral_iss_20220402_1612.json,2022-04-02 13:38:00,2022-04-02 21:43:00,2022-04-02 14:00:00,8.96671,1 / (cm2 s sr),3.48,1 / (cm2 s sr),SEP Event
8736,SEPSTER (Parker Spiral),min.30.0.max.-1.0.units.MeV,threshold.1.0.units.1 / (cm2 s sr),False,min.30.0.max.-1.0.units.MeV,threshold.1.0.units.1 / (cm2 s sr),model/SEPVAL2023_Europe/SEPSTER/sepster_20230225_1938_0920_Parker_Spiral_iss_20230225_2323.json,2023-02-25 19:38:00,2023-02-26 03:19:00,2023-02-25 20:50:00,7.749011,1 / (cm2 s sr),0.707,1 / (cm2 s sr),SEP Event
