,Model,Energy Channel,Threshold,Prediction Energy Channel,Prediction Threshold,Mean Error (pred - obs),Median Error (pred - obs),Mean Absolute Error (|pred - obs|),Median Absolute Error (|pred - obs|)
0,ZEUS+iPATH_CME,min.10.0.max.-1.0.units.MeV,threshold.10.0.units.1 / (cm2 s sr),min.10.0.max.-1.0.units.MeV,threshold.10.0.units.1 / (cm2 s sr),-4.091025641025641,-3.9833333333333334,4.826923076923077,3.9833333333333334
1,ZEUS+iPATH_CME,min.100.0.max.-1.0.units.MeV,threshold.1.0.units.1 / (cm2 s sr),min.100.0.max.-1.0.units.MeV,threshold.1.0.units.1 / (cm2 s sr),-0.6833333333333333,-0.6833333333333333,0.6833333333333333,0.6833333333333333
2,ZEUS+iPATH_CME,min.30.0.max.-1.0.units.MeV,threshold.1.0.units.1 / (cm2 s sr),min.30.0.max.-1.0.units.MeV,threshold.1.0.units.1 / (cm2 s sr),-5.235416666666667,-5.141666666666667,5.654861111111111,5.141666666666667
3,ZEUS+iPATH_CME,min.50.0.max.-1.0.units.MeV,threshold.1.0.units.1 / (cm2 s sr),min.50.0.max.-1.0.units.MeV,threshold.1.0.units.1 / (cm2 s sr),-3.8866666666666667,-3.1333333333333333,3.8866666666666667,3.1333333333333333
4,SEPMOD,min.10.0.max.-1.0.units.MeV,threshold.10.0.units.1 / (cm2 s sr),min.10.0.max.-1.0.units.MeV,threshold.10.0.units.1 / (cm2 s sr),4.062839506172839,3.708333333333333,6.05358024691358,5.25
5,SEPMOD,min.100.0.max.-1.0.units.MeV,threshold.1.0.units.1 / (cm2 s sr),min.100.0.max.-1.0.units.MeV,threshold.1.0.units.1 / (cm2 s sr),6.016666666666667,4.250000000000001,6.016666666666667,4.250000000000001
6,SEPMOD,min.30.0.max.-1.0.units.MeV,threshold.1.0.units.1 / (cm2 s sr),min.30.0.max.-1.0.units.MeV,threshold.1.0.units.1 / (cm2 s sr),7.164795321637427,6.666666666666667,7.506900584795321,6.666666666666667
7,SEPMOD,min.50.0.max.-1.0.units.MeV,threshold.1.0.units.1 / (cm2 s sr),min.50.0.max.-1.0.units.MeV,threshold.1.0.units.1 / (cm2 s sr),5.9954273504273505,6.5,5.9954273504273505,6.5
8,MFLAMPA,min.10.0.max.-1.0.units.MeV,threshold.10.0.units.1 / (cm2 s sr),min.10.0.max.-1.0.units.MeV,threshold.10.0.units.1 / (cm2 s sr),-2.3119047619047617,-4.8,8.002380952380953,5.45
9,STAT,min.10.0.max.-1.0.units.MeV,threshold.10.0.units.1 / (cm2 s sr),min.10.0.max.-1.0.units.MeV,threshold.10.0.units.1 / (cm2 s sr),-3.632962962962963,-3.1347222222222224,3.632962962962963,3.1347222222222224
10,STAT,min.100.0.max.-1.0.units.MeV,threshold.1.0.units.1 / (cm2 s sr),min.100.0.max.-1.0.units.MeV,threshold.1.0.units.1 / (cm2 s sr),-3.714166666666667,-3.714166666666667,3.714166666666667,3.714166666666667
11,STAT,min.50.0.max.-1.0.units.MeV,threshold.1.0.units.1 / (cm2 s sr),min.50.0.max.-1.0.units.MeV,threshold.1.0.units.1 / (cm2 s sr),-2.9443055555555557,-2.9443055555555557,2.9443055555555557,2.9443055555555557
12,SFS-Update,min.10.0.max.-1.0.units.MeV,threshold.10.0.units.1 / (cm2 s sr),min.10.0.max.-1.0.units.MeV,threshold.10.0.units.1 / (cm2 s sr),-0.7740277777777779,-0.30236111111111114,3.769027777777778,2.962222222222222
13,SFS-Update,min.100.0.max.-1.0.units.MeV,threshold.1.0.units.1 / (cm2 s sr),min.100.0.max.-1.0.units.MeV,threshold.1.0.units.1 / (cm2 s sr),-1.4805034722222223,-0.5668055555555556,2.3318576388888888,1.0711111111111111
14,ADEPT-AFRL,min.10.0.max.-1.0.units.MeV,threshold.10.0.units.1 / (cm2 s sr),min.10.0.max.-1.0.units.MeV,threshold.10.0.units.1 / (cm2 s sr),-1.253771929824561,1.8775,5.447426900584795,3.53
15,SAWS-ASPECS CME 50%,min.10.0.max.-1.0.units.MeV,threshold.10.0.units.1 / (cm2 s sr),min.10.0.max.-1.0.units.MeV,threshold.10.0.units.1 / (cm2 s sr),-1.2827380952380953,-3.3333333333333335,7.443452380952381,6.5
16,SAWS-ASPECS CME 50%,min.100.0.max.-1.0.units.MeV,threshold.1.0.units.1 / (cm2 s sr),min.100.0.max.-1.0.units.MeV,threshold.1.0.units.1 / (cm2 s sr),2.435897435897436,-1.5833333333333333,5.102564102564103,1.6666666666666667
17,SAWS-ASPECS CME 90%,min.10.0.max.-1.0.units.MeV,threshold.10.0.units.1 / (cm2 s sr),min.10.0.max.-1.0.units.MeV,threshold.10.0.units.1 / (cm2 s sr),-1.2827380952380953,-3.3333333333333335,7.443452380952381,6.5
18,SAWS-ASPECS CME 90%,min.100.0.max.-1.0.units.MeV,threshold.1.0.units.1 / (cm2 s sr),min.100.0.max.-1.0.units.MeV,threshold.1.0.units.1 / (cm2 s sr),2.435897435897436,-1.5833333333333333,5.102564102564103,1.6666666666666667
19,SAWS-ASPECS CME electrons 50%,min.10.0.max.-1.0.units.MeV,threshold.10.0.units.1 / (cm2 s sr),min.10.0.max.-1.0.units.MeV,threshold.10.0.units.1 / (cm2 s sr),-1.2827380952380953,-3.3333333333333335,7.443452380952381,6.5
20,SAWS-ASPECS CME electrons 50%,min.100.0.max.-1.0.units.MeV,threshold.1.0.units.1 / (cm2 s sr),min.100.0.max.-1.0.units.MeV,threshold.1.0.units.1 / (cm2 s sr),2.435897435897436,-1.5833333333333333,5.102564102564103,1.6666666666666667
21,SAWS-ASPECS CME electrons 90%,min.10.0.max.-1.0.units.MeV,threshold.10.0.units.1 / (cm2 s sr),min.10.0.max.-1.0.units.MeV,threshold.10.0.units.1 / (cm2 s sr),-1.2827380952380953,-3.3333333333333335,7.443452380952381,6.5
22,SAWS-ASPECS CME electrons 90%,min.100.0.max.-1.0.units.MeV,threshold.1.0.units.1 / (cm2 s sr),min.100.0.max.-1.0.units.MeV,threshold.1.0.units.1 / (cm2 s sr),2.435897435897436,-1.5833333333333333,5.102564102564103,1.6666666666666667
23,SAWS-ASPECS CME_SOHO 50%,min.10.0.max.-1.0.units.MeV,threshold.10.0.units.1 / (cm2 s sr),min.10.0.max.-1.0.units.MeV,threshold.10.0.units.1 / (cm2 s sr),-1.2365591397849462,-3.3333333333333335,7.053763440860215,5.333333333333333
24,SAWS-ASPECS CME_SOHO 50%,min.100.0.max.-1.0.units.MeV,threshold.1.0.units.1 / (cm2 s sr),min.100.0.max.-1.0.units.MeV,threshold.1.0.units.1 / (cm2 s sr),1.9098039215686275,-1.5,4.372549019607844,1.6666666666666667
25,SAWS-ASPECS CME_SOHO 90%,min.10.0.max.-1.0.units.MeV,threshold.10.0.units.1 / (cm2 s sr),min.10.0.max.-1.0.units.MeV,threshold.10.0.units.1 / (cm2 s sr),-1.2365591397849462,-3.3333333333333335,7.053763440860215,5.333333333333333
26,SAWS-ASPECS CME_SOHO 90%,min.100.0.max.-1.0.units.MeV,threshold.1.0.units.1 / (cm2 s sr),min.100.0.max.-1.0.units.MeV,threshold.1.0.units.1 / (cm2 s sr),1.9098039215686275,-1.5,4.372549019607844,1.6666666666666667
27,SAWS-ASPECS CME_SOHO electrons 50%,min.10.0.max.-1.0.units.MeV,threshold.10.0.units.1 / (cm2 s sr),min.10.0.max.-1.0.units.MeV,threshold.10.0.units.1 / (cm2 s sr),-1.2365591397849462,-3.3333333333333335,7.053763440860215,5.333333333333333
28,SAWS-ASPECS CME_SOHO electrons 50%,min.100.0.max.-1.0.units.MeV,threshold.1.0.units.1 / (cm2 s sr),min.100.0.max.-1.0.units.MeV,threshold.1.0.units.1 / (cm2 s sr),1.9098039215686275,-1.5,4.372549019607844,1.6666666666666667
29,SAWS-ASPECS CME_SOHO electrons 90%,min.10.0.max.-1.0.units.MeV,threshold.10.0.units.1 / (cm2 s sr),min.10.0.max.-1.0.units.MeV,threshold.10.0.units.1 / (cm2 s sr),-1.2365591397849462,-3.3333333333333335,7.053763440860215,5.333333333333333
30,SAWS-ASPECS CME_SOHO electrons 90%,min.100.0.max.-1.0.units.MeV,threshold.1.0.units.1 / (cm2 s sr),min.100.0.max.-1.0.units.MeV,threshold.1.0.units.1 / (cm2 s sr),1.9098039215686275,-1.5,4.372549019607844,1.6666666666666667
31,SAWS-ASPECS flare 50%,min.10.0.max.-1.0.units.MeV,threshold.10.0.units.1 / (cm2 s sr),min.10.0.max.-1.0.units.MeV,threshold.10.0.units.1 / (cm2 s sr),-0.6517857142857143,-1.8333333333333335,7.092261904761905,5.333333333333333
32,SAWS-ASPECS flare 50%,min.100.0.max.-1.0.units.MeV,threshold.1.0.units.1 / (cm2 s sr),min.100.0.max.-1.0.units.MeV,threshold.1.0.units.1 / (cm2 s sr),2.47,-1.0,4.65,1.6666666666666667
33,SAWS-ASPECS flare 90%,min.10.0.max.-1.0.units.MeV,threshold.10.0.units.1 / (cm2 s sr),min.10.0.max.-1.0.units.MeV,threshold.10.0.units.1 / (cm2 s sr),-0.6517857142857143,-1.8333333333333335,7.092261904761905,5.333333333333333
34,SAWS-ASPECS flare 90%,min.100.0.max.-1.0.units.MeV,threshold.1.0.units.1 / (cm2 s sr),min.100.0.max.-1.0.units.MeV,threshold.1.0.units.1 / (cm2 s sr),2.47,-1.0,4.65,1.6666666666666667
35,SAWS-ASPECS flare + CME 50%,min.10.0.max.-1.0.units.MeV,threshold.10.0.units.1 / (cm2 s sr),min.10.0.max.-1.0.units.MeV,threshold.10.0.units.1 / (cm2 s sr),-0.6333333333333334,-2.5,7.533333333333333,7.666666666666667
36,SAWS-ASPECS flare + CME 50%,min.100.0.max.-1.0.units.MeV,threshold.1.0.units.1 / (cm2 s sr),min.100.0.max.-1.0.units.MeV,threshold.1.0.units.1 / (cm2 s sr),3.295454545454546,-1.5,5.613636363636364,1.6666666666666667
37,SAWS-ASPECS flare + CME 90%,min.10.0.max.-1.0.units.MeV,threshold.10.0.units.1 / (cm2 s sr),min.10.0.max.-1.0.units.MeV,threshold.10.0.units.1 / (cm2 s sr),-0.6333333333333334,-2.5,7.533333333333333,7.666666666666667
38,SAWS-ASPECS flare + CME 90%,min.100.0.max.-1.0.units.MeV,threshold.1.0.units.1 / (cm2 s sr),min.100.0.max.-1.0.units.MeV,threshold.1.0.units.1 / (cm2 s sr),3.295454545454546,-1.5,5.613636363636364,1.6666666666666667
39,SAWS-ASPECS flare + CME electrons 50%,min.10.0.max.-1.0.units.MeV,threshold.10.0.units.1 / (cm2 s sr),min.10.0.max.-1.0.units.MeV,threshold.10.0.units.1 / (cm2 s sr),-0.6333333333333334,-2.5,7.533333333333333,7.666666666666667
40,SAWS-ASPECS flare + CME electrons 50%,min.100.0.max.-1.0.units.MeV,threshold.1.0.units.1 / (cm2 s sr),min.100.0.max.-1.0.units.MeV,threshold.1.0.units.1 / (cm2 s sr),3.295454545454546,-1.5,5.613636363636364,1.6666666666666667
41,SAWS-ASPECS flare + CME electrons 90%,min.10.0.max.-1.0.units.MeV,threshold.10.0.units.1 / (cm2 s sr),min.10.0.max.-1.0.units.MeV,threshold.10.0.units.1 / (cm2 s sr),-0.6333333333333334,-2.5,7.533333333333333,7.666666666666667
42,SAWS-ASPECS flare + CME electrons 90%,min.100.0.max.-1.0.units.MeV,threshold.1.0.units.1 / (cm2 s sr),min.100.0.max.-1.0.units.MeV,threshold.1.0.units.1 / (cm2 s sr),3.295454545454546,-1.5,5.613636363636364,1.6666666666666667
43,SAWS-ASPECS flare + CME_SOHO 50%,min.10.0.max.-1.0.units.MeV,threshold.10.0.units.1 / (cm2 s sr),min.10.0.max.-1.0.units.MeV,threshold.10.0.units.1 / (cm2 s sr),-0.6517857142857143,-1.8333333333333335,7.092261904761905,5.333333333333333
44,SAWS-ASPECS flare + CME_SOHO 50%,min.100.0.max.-1.0.units.MeV,threshold.1.0.units.1 / (cm2 s sr),min.100.0.max.-1.0.units.MeV,threshold.1.0.units.1 / (cm2 s sr),2.47,-1.0,4.65,1.6666666666666667
45,SAWS-ASPECS flare + CME_SOHO 90%,min.10.0.max.-1.0.units.MeV,threshold.10.0.units.1 / (cm2 s sr),min.10.0.max.-1.0.units.MeV,threshold.10.0.units.1 / (cm2 s sr),-0.6517857142857143,-1.8333333333333335,7.092261904761905,5.333333333333333
46,SAWS-ASPECS flare + CME_SOHO 90%,min.100.0.max.-1.0.units.MeV,threshold.1.0.units.1 / (cm2 s sr),min.100.0.max.-1.0.units.MeV,threshold.1.0.units.1 / (cm2 s sr),2.47,-1.0,4.65,1.6666666666666667
47,SAWS-ASPECS flare + CME_SOHO electrons 50%,min.10.0.max.-1.0.units.MeV,threshold.10.0.units.1 / (cm2 s sr),min.10.0.max.-1.0.units.MeV,threshold.10.0.units.1 / (cm2 s sr),-0.6517857142857143,-1.8333333333333335,7.092261904761905,5.333333333333333
48,SAWS-ASPECS flare + CME_SOHO electrons 50%,min.100.0.max.-1.0.units.MeV,threshold.1.0.units.1 / (cm2 s sr),min.100.0.max.-1.0.units.MeV,threshold.1.0.units.1 / (cm2 s sr),2.47,-1.0,4.65,1.6666666666666667
49,SAWS-ASPECS flare + CME_SOHO electrons 90%,min.10.0.max.-1.0.units.MeV,threshold.10.0.units.1 / (cm2 s sr),min.10.0.max.-1.0.units.MeV,threshold.10.0.units.1 / (cm2 s sr),-0.6517857142857143,-1.8333333333333335,7.092261904761905,5.333333333333333
50,SAWS-ASPECS flare + CME_SOHO electrons 90%,min.100.0.max.-1.0.units.MeV,threshold.1.0.units.1 / (cm2 s sr),min.100.0.max.-1.0.units.MeV,threshold.1.0.units.1 / (cm2 s sr),2.47,-1.0,4.65,1.6666666666666667
51,SAWS-ASPECS flare electrons 50%,min.10.0.max.-1.0.units.MeV,threshold.10.0.units.1 / (cm2 s sr),min.10.0.max.-1.0.units.MeV,threshold.10.0.units.1 / (cm2 s sr),-0.6517857142857143,-1.8333333333333335,7.092261904761905,5.333333333333333
52,SAWS-ASPECS flare electrons 50%,min.100.0.max.-1.0.units.MeV,threshold.1.0.units.1 / (cm2 s sr),min.100.0.max.-1.0.units.MeV,threshold.1.0.units.1 / (cm2 s sr),2.47,-1.0,4.65,1.6666666666666667
53,SAWS-ASPECS flare electrons 90%,min.10.0.max.-1.0.units.MeV,threshold.10.0.units.1 / (cm2 s sr),min.10.0.max.-1.0.units.MeV,threshold.10.0.units.1 / (cm2 s sr),-0.6517857142857143,-1.8333333333333335,7.092261904761905,5.333333333333333
54,SAWS-ASPECS flare electrons 90%,min.100.0.max.-1.0.units.MeV,threshold.1.0.units.1 / (cm2 s sr),min.100.0.max.-1.0.units.MeV,threshold.1.0.units.1 / (cm2 s sr),2.47,-1.0,4.65,1.6666666666666667
55,SPREAdFAST,min.10.0.max.-1.0.units.MeV,threshold.10.0.units.1 / (cm2 s sr),min.10.0.max.-1.0.units.MeV,threshold.10.0.units.1 / (cm2 s sr),-2.2418333333333336,0.8422222222222222,5.4365,3.495
56,SPREAdFAST,min.30.0.max.-1.0.units.MeV,threshold.1.0.units.1 / (cm2 s sr),min.30.0.max.-1.0.units.MeV,threshold.1.0.units.1 / (cm2 s sr),0.8847222222222223,3.9540277777777777,5.254814814814815,4.275972222222222
57,SEPSAT,min.10.0.max.-1.0.units.MeV,threshold.10.0.units.1 / (cm2 s sr),min.10.0.max.-1.0.units.MeV,threshold.10.0.units.1 / (cm2 s sr),-4.138799603174603,-3.433472222222222,6.124434523809524,4.558472222222223
