,Model,Energy Channel Key,Threshold Key,Mismatch Allowed,Prediction Energy Channel Key,Prediction Threshold Key,Forecast Source,Prediction Window Start,Prediction Window End,Observed SEP Threshold Crossing Time,Observed SEP Peak Intensity (Onset Peak) Time,Predicted SEP Peak Intensity (Onset Peak) Time,Peak Intensity Match Status
3331,SAWS-ASPECS CME 50%,min.100.0.max.-1.0.units.MeV,threshold.1.0.units.1 / (cm2 s sr),False,min.100.0.max.-1.0.units.MeV,threshold.1.0.units.1 / (cm2 s sr),model/SEPVAL2023_Europe/ASPECS/aspecs_jsons/2023/10/31/cme_cactus/SAWS_ASPECS_CME_50.2011-08-04T041500Z.2011-08-04T034100Z.json,2011-08-04 04:15:00,2011-08-06 09:45:00,2011-08-04 05:10:00,2011-08-04 07:15:00,2011-08-04 06:15:00,SEP Event
3333,SAWS-ASPECS CME 50%,min.100.0.max.-1.0.units.MeV,threshold.1.0.units.1 / (cm2 s sr),False,min.100.0.max.-1.0.units.MeV,threshold.1.0.units.1 / (cm2 s sr),model/SEPVAL2023_Europe/ASPECS/aspecs_jsons/2023/10/31/cme_cactus/SAWS_ASPECS_CME_50.2012-01-23T041000Z.2012-01-23T033800Z.json,2012-01-23 04:10:00,2012-01-25 09:40:00,2012-01-23 04:45:00,2012-01-23 07:50:00,2012-01-23 06:10:00,SEP Event
3334,SAWS-ASPECS CME 50%,min.100.0.max.-1.0.units.MeV,threshold.1.0.units.1 / (cm2 s sr),False,min.100.0.max.-1.0.units.MeV,threshold.1.0.units.1 / (cm2 s sr),model/SEPVAL2023_Europe/ASPECS/aspecs_jsons/2023/10/31/cme_cactus/SAWS_ASPECS_CME_50.2012-01-27T181000Z.2012-01-27T173700Z.json,2012-01-27 18:10:00,2012-01-29 23:40:00,2012-01-27 19:00:00,2012-01-27 21:40:00,2012-01-27 22:40:00,SEP Event
3337,SAWS-ASPECS CME 50%,min.100.0.max.-1.0.units.MeV,threshold.1.0.units.1 / (cm2 s sr),False,min.100.0.max.-1.0.units.MeV,threshold.1.0.units.1 / (cm2 s sr),model/SEPVAL2023_Europe/ASPECS/aspecs_jsons/2023/10/31/cme_cactus/SAWS_ASPECS_CME_50.2012-03-07T013500Z.2012-03-07T010500Z.json,2012-03-07 01:35:00,2012-03-09 07:05:00,2012-03-07 04:05:00,2012-03-07 15:25:00,2012-03-08 11:05:00,SEP Event
3338,SAWS-ASPECS CME 50%,min.100.0.max.-1.0.units.MeV,threshold.1.0.units.1 / (cm2 s sr),False,min.100.0.max.-1.0.units.MeV,threshold.1.0.units.1 / (cm2 s sr),model/SEPVAL2023_Europe/ASPECS/aspecs_jsons/2023/10/31/cme_cactus/SAWS_ASPECS_CME_50.2012-03-13T165500Z.2012-03-13T162100Z.json,2012-03-13 16:55:00,2012-03-15 22:25:00,2012-03-13 18:10:00,2012-03-13 19:05:00,2012-03-13 17:25:00,SEP Event
3346,SAWS-ASPECS CME 50%,min.100.0.max.-1.0.units.MeV,threshold.1.0.units.1 / (cm2 s sr),False,min.100.0.max.-1.0.units.MeV,threshold.1.0.units.1 / (cm2 s sr),model/SEPVAL2023_Europe/ASPECS/aspecs_jsons/2023/10/31/cme_cactus/SAWS_ASPECS_CME_50.2013-04-11T072500Z.2013-04-11T065500Z.json,2013-04-11 07:25:00,2013-04-13 12:55:00,2013-04-11 09:40:00,2013-04-11 14:00:00,2013-04-12 16:55:00,SEP Event
3347,SAWS-ASPECS CME 50%,min.100.0.max.-1.0.units.MeV,threshold.1.0.units.1 / (cm2 s sr),False,min.100.0.max.-1.0.units.MeV,threshold.1.0.units.1 / (cm2 s sr),model/SEPVAL2023_Europe/ASPECS/aspecs_jsons/2023/10/31/cme_cactus/SAWS_ASPECS_CME_50.2013-05-22T130000Z.2013-05-22T123000Z.json,2013-05-22 13:00:00,2013-05-24 18:30:00,2013-05-22 14:35:00,2013-05-22 16:35:00,2013-05-22 18:00:00,SEP Event
3351,SAWS-ASPECS CME 50%,min.100.0.max.-1.0.units.MeV,threshold.1.0.units.1 / (cm2 s sr),False,min.100.0.max.-1.0.units.MeV,threshold.1.0.units.1 / (cm2 s sr),model/SEPVAL2023_Europe/ASPECS/aspecs_jsons/2023/10/31/cme_cactus/SAWS_ASPECS_CME_50.2014-01-06T083000Z.2014-01-06T080000Z.json,2014-01-06 08:30:00,2014-01-08 14:00:00,2014-01-06 08:30:00,2014-01-06 10:05:00,2014-01-06 08:30:00,SEP Event
3352,SAWS-ASPECS CME 50%,min.100.0.max.-1.0.units.MeV,threshold.1.0.units.1 / (cm2 s sr),False,min.100.0.max.-1.0.units.MeV,threshold.1.0.units.1 / (cm2 s sr),model/SEPVAL2023_Europe/ASPECS/aspecs_jsons/2023/10/31/cme_cactus/SAWS_ASPECS_CME_50.2014-01-07T195000Z.2014-01-07T180400Z.json,2014-01-07 19:50:00,2014-01-10 00:49:00,2014-01-07 20:30:00,2014-01-07 22:20:00,2014-01-07 20:50:00,SEP Event
3362,SAWS-ASPECS CME 50%,min.100.0.max.-1.0.units.MeV,threshold.1.0.units.1 / (cm2 s sr),False,min.100.0.max.-1.0.units.MeV,threshold.1.0.units.1 / (cm2 s sr),model/SEPVAL2023_Europe/ASPECS/aspecs_jsons/2023/10/31/cme_cactus/SAWS_ASPECS_CME_50.2015-10-29T031000Z.2015-10-29T023600Z.json,2015-10-29 03:10:00,2015-10-31 08:40:00,2015-10-29 04:35:00,2015-10-29 06:10:00,2015-10-29 03:10:00,SEP Event
3369,SAWS-ASPECS CME 50%,min.100.0.max.-1.0.units.MeV,threshold.1.0.units.1 / (cm2 s sr),False,min.100.0.max.-1.0.units.MeV,threshold.1.0.units.1 / (cm2 s sr),model/SEPVAL2023_Europe/ASPECS/aspecs_jsons/2023/10/31/cme_cactus/SAWS_ASPECS_CME_50.2021-10-28T155000Z.2021-10-28T151700Z.json,2021-10-28 15:50:00,2021-10-30 21:20:00,2021-10-28 16:35:00,2021-10-28 18:15:00,2021-10-28 15:50:00,SEP Event
3373,SAWS-ASPECS CME 50%,min.100.0.max.-1.0.units.MeV,threshold.1.0.units.1 / (cm2 s sr),False,min.100.0.max.-1.0.units.MeV,threshold.1.0.units.1 / (cm2 s sr),model/SEPVAL2023_Europe/ASPECS/aspecs_jsons/2023/10/31/cme_cactus/SAWS_ASPECS_CME_50.2022-01-20T061500Z.2022-01-20T054100Z.json,2022-01-20 06:15:00,2022-01-22 11:45:00,2022-01-20 07:45:00,2022-01-20 08:50:00,2022-01-20 06:15:00,SEP Event
3374,SAWS-ASPECS CME 50%,min.100.0.max.-1.0.units.MeV,threshold.1.0.units.1 / (cm2 s sr),False,min.100.0.max.-1.0.units.MeV,threshold.1.0.units.1 / (cm2 s sr),model/SEPVAL2023_Europe/ASPECS/aspecs_jsons/2023/10/31/cme_cactus/SAWS_ASPECS_CME_50.2022-03-28T113000Z.2022-03-28T105800Z.json,2022-03-28 11:30:00,2022-03-30 17:00:00,2022-03-28 12:45:00,2022-03-28 13:25:00,2022-03-28 11:30:00,SEP Event
