,Model,Energy Channel Key,Threshold Key,Mismatch Allowed,Prediction Energy Channel Key,Prediction Threshold Key,Forecast Source,Prediction Window Start,Prediction Window End,Observed SEP Threshold Crossing Time,Observed SEP Peak Intensity (Onset Peak) Time,Predicted SEP Peak Intensity (Onset Peak) Time,Peak Intensity Match Status
2858,SFS-Update,min.100.0.max.-1.0.units.MeV,threshold.1.0.units.1 / (cm2 s sr),False,min.100.0.max.-1.0.units.MeV,threshold.1.0.units.1 / (cm2 s sr),model/SEPVAL2023_Europe/PPS/PPSUpdate/Evt/ppsupdate_forecast_110607_0641.json,2011-06-07 06:44:00,2011-06-08 06:41:00,2011-06-07 07:20:00,2011-06-07 10:20:00,2011-06-07 09:18:13,SEP Event
2859,SFS-Update,min.100.0.max.-1.0.units.MeV,threshold.1.0.units.1 / (cm2 s sr),False,min.100.0.max.-1.0.units.MeV,threshold.1.0.units.1 / (cm2 s sr),model/SEPVAL2023_Europe/PPS/PPSUpdate/Evt/ppsupdate_forecast_110804_0357.json,2011-08-04 04:00:00,2011-08-05 03:57:00,2011-08-04 05:10:00,2011-08-04 07:15:00,2011-08-04 06:50:28,SEP Event
2860,SFS-Update,min.100.0.max.-1.0.units.MeV,threshold.1.0.units.1 / (cm2 s sr),False,min.100.0.max.-1.0.units.MeV,threshold.1.0.units.1 / (cm2 s sr),model/SEPVAL2023_Europe/PPS/PPSUpdate/Evt/ppsupdate_forecast_110809_0805.json,2011-08-09 08:08:00,2011-08-10 08:05:00,2011-08-09 08:25:00,2011-08-09 08:55:00,2011-08-09 10:25:30,SEP Event
2861,SFS-Update,min.100.0.max.-1.0.units.MeV,threshold.1.0.units.1 / (cm2 s sr),False,min.100.0.max.-1.0.units.MeV,threshold.1.0.units.1 / (cm2 s sr),model/SEPVAL2023_Europe/PPS/PPSUpdate/Evt/ppsupdate_forecast_120123_0359.json,2012-01-23 04:02:00,2012-01-24 03:59:00,2012-01-23 04:45:00,2012-01-23 07:50:00,2012-01-23 07:17:13,SEP Event
2862,SFS-Update,min.100.0.max.-1.0.units.MeV,threshold.1.0.units.1 / (cm2 s sr),False,min.100.0.max.-1.0.units.MeV,threshold.1.0.units.1 / (cm2 s sr),model/SEPVAL2023_Europe/PPS/PPSUpdate/Evt/ppsupdate_forecast_120127_1837.json,2012-01-27 18:40:00,2012-01-28 18:37:00,2012-01-27 19:00:00,2012-01-27 21:40:00,2012-01-27 20:38:14,SEP Event
2863,SFS-Update,min.100.0.max.-1.0.units.MeV,threshold.1.0.units.1 / (cm2 s sr),False,min.100.0.max.-1.0.units.MeV,threshold.1.0.units.1 / (cm2 s sr),model/SEPVAL2023_Europe/PPS/PPSUpdate/Evt/ppsupdate_forecast_120307_0024.json,2012-03-07 00:27:00,2012-03-08 00:24:00,2012-03-07 04:05:00,2012-03-07 15:25:00,2012-03-07 04:37:27,SEP Event
2864,SFS-Update,min.100.0.max.-1.0.units.MeV,threshold.1.0.units.1 / (cm2 s sr),False,min.100.0.max.-1.0.units.MeV,threshold.1.0.units.1 / (cm2 s sr),model/SEPVAL2023_Europe/PPS/PPSUpdate/Evt/ppsupdate_forecast_120307_0114.json,2012-03-07 01:17:00,2012-03-08 01:14:00,2012-03-07 04:05:00,2012-03-07 15:25:00,2012-03-07 05:49:44,SEP Event
2865,SFS-Update,min.100.0.max.-1.0.units.MeV,threshold.1.0.units.1 / (cm2 s sr),False,min.100.0.max.-1.0.units.MeV,threshold.1.0.units.1 / (cm2 s sr),model/SEPVAL2023_Europe/PPS/PPSUpdate/Evt/ppsupdate_forecast_120313_1741.json,2012-03-13 17:44:00,2012-03-14 17:41:00,2012-03-13 18:10:00,2012-03-13 19:05:00,2012-03-13 20:11:44,SEP Event
2866,SFS-Update,min.100.0.max.-1.0.units.MeV,threshold.1.0.units.1 / (cm2 s sr),False,min.100.0.max.-1.0.units.MeV,threshold.1.0.units.1 / (cm2 s sr),model/SEPVAL2023_Europe/PPS/PPSUpdate/Evt/ppsupdate_forecast_120517_0147.json,2012-05-17 01:50:00,2012-05-18 01:47:00,2012-05-17 02:00:00,2012-05-17 02:30:00,2012-05-17 03:49:06,SEP Event
2870,SFS-Update,min.100.0.max.-1.0.units.MeV,threshold.1.0.units.1 / (cm2 s sr),False,min.100.0.max.-1.0.units.MeV,threshold.1.0.units.1 / (cm2 s sr),model/SEPVAL2023_Europe/PPS/PPSUpdate/Evt/ppsupdate_forecast_130411_0716.json,2013-04-11 07:19:00,2013-04-12 07:16:00,2013-04-11 09:40:00,2013-04-11 14:00:00,2013-04-11 11:24:10,SEP Event
2871,SFS-Update,min.100.0.max.-1.0.units.MeV,threshold.1.0.units.1 / (cm2 s sr),False,min.100.0.max.-1.0.units.MeV,threshold.1.0.units.1 / (cm2 s sr),model/SEPVAL2023_Europe/PPS/PPSUpdate/Evt/ppsupdate_forecast_130522_1338.json,2013-05-22 13:41:00,2013-05-23 13:38:00,2013-05-22 14:35:00,2013-05-22 16:35:00,2013-05-22 15:52:43,SEP Event
2873,SFS-Update,min.100.0.max.-1.0.units.MeV,threshold.1.0.units.1 / (cm2 s sr),False,min.100.0.max.-1.0.units.MeV,threshold.1.0.units.1 / (cm2 s sr),model/SEPVAL2023_Europe/PPS/PPSUpdate/Evt/ppsupdate_forecast_140107_1832.json,2014-01-07 18:35:00,2014-01-08 18:32:00,2014-01-07 20:30:00,2014-01-07 22:20:00,2014-01-07 22:03:09,SEP Event
2880,SFS-Update,min.100.0.max.-1.0.units.MeV,threshold.1.0.units.1 / (cm2 s sr),False,min.100.0.max.-1.0.units.MeV,threshold.1.0.units.1 / (cm2 s sr),model/SEPVAL2023_Europe/PPS/PPSUpdate/Evt/ppsupdate_forecast_170910_1606.json,2017-09-10 16:09:00,2017-09-11 16:06:00,2017-09-10 16:25:00,2017-09-10 21:05:00,2017-09-10 18:08:57,SEP Event
2882,SFS-Update,min.100.0.max.-1.0.units.MeV,threshold.1.0.units.1 / (cm2 s sr),False,min.100.0.max.-1.0.units.MeV,threshold.1.0.units.1 / (cm2 s sr),model/SEPVAL2023_Europe/PPS/PPSUpdate/Evt/ppsupdate_forecast_211028_1535.json,2021-10-28 15:38:00,2021-10-29 15:35:00,2021-10-28 16:35:00,2021-10-28 18:15:00,2021-10-28 19:16:48,SEP Event
2883,SFS-Update,min.100.0.max.-1.0.units.MeV,threshold.1.0.units.1 / (cm2 s sr),False,min.100.0.max.-1.0.units.MeV,threshold.1.0.units.1 / (cm2 s sr),model/SEPVAL2023_Europe/PPS/PPSUpdate/Evt/ppsupdate_forecast_220120_0601.json,2022-01-20 06:04:00,2022-01-21 06:01:00,2022-01-20 07:45:00,2022-01-20 08:50:00,2022-01-20 08:14:46,SEP Event
2884,SFS-Update,min.100.0.max.-1.0.units.MeV,threshold.1.0.units.1 / (cm2 s sr),False,min.100.0.max.-1.0.units.MeV,threshold.1.0.units.1 / (cm2 s sr),model/SEPVAL2023_Europe/PPS/PPSUpdate/Evt/ppsupdate_forecast_220328_1129.json,2022-03-28 11:32:00,2022-03-29 11:29:00,2022-03-28 12:45:00,2022-03-28 13:25:00,2022-03-28 15:15:31,SEP Event
