,Model,Energy Channel Key,Threshold Key,Mismatch Allowed,Prediction Energy Channel Key,Prediction Threshold Key,Forecast Source,Prediction Window Start,Prediction Window End,Observed SEP Threshold Crossing Time,Observed SEP Peak Intensity (Onset Peak),Observed SEP Peak Intensity (Onset Peak) Units,Predicted SEP Peak Intensity (Onset Peak),Predicted SEP Peak Intensity (Onset Peak) Units,Peak Intensity Match Status
2417,ZEUS+iPATH_CME,min.30.0.max.-1.0.units.MeV,threshold.1.0.units.1 / (cm2 s sr),False,min.30.0.max.-1.0.units.MeV,threshold.1.0.units.1 / (cm2 s sr),./model/SEPVAL2023_Europe/iPATH/jsons/ZEUS+iPATH_CME_differential.2011-03-07T214120Z.2023-08-29T091225Z.json,2011-03-07 21:41:20,2011-03-10 20:41:20,2011-03-08 00:45:00,3.6675,1 / (cm2 s sr),1343.7927406950423,1 / (cm2 s sr),SEP Event
2423,ZEUS+iPATH_CME,min.30.0.max.-1.0.units.MeV,threshold.1.0.units.1 / (cm2 s sr),False,min.30.0.max.-1.0.units.MeV,threshold.1.0.units.1 / (cm2 s sr),./model/SEPVAL2023_Europe/iPATH/jsons/ZEUS+iPATH_CME_differential.2012-01-27T184600Z.2023-08-29T091238Z.json,2012-01-27 18:46:00,2012-01-30 17:46:00,2012-01-27 18:55:00,133.23,1 / (cm2 s sr),502.96696871618406,1 / (cm2 s sr),SEP Event
2430,ZEUS+iPATH_CME,min.30.0.max.-1.0.units.MeV,threshold.1.0.units.1 / (cm2 s sr),False,min.30.0.max.-1.0.units.MeV,threshold.1.0.units.1 / (cm2 s sr),./model/SEPVAL2023_Europe/iPATH/jsons/ZEUS+iPATH_CME_differential.2012-07-23T040720Z.2023-08-29T091245Z.json,2012-07-23 04:07:20,2012-07-26 03:07:20,2012-07-23 09:35:00,4.3424,1 / (cm2 s sr),17.50478571201353,1 / (cm2 s sr),SEP Event
2435,ZEUS+iPATH_CME,min.30.0.max.-1.0.units.MeV,threshold.1.0.units.1 / (cm2 s sr),False,min.30.0.max.-1.0.units.MeV,threshold.1.0.units.1 / (cm2 s sr),./model/SEPVAL2023_Europe/iPATH/jsons/ZEUS+iPATH_CME_differential.2013-09-30T002640Z.2023-08-29T091252Z.json,2013-09-30 00:26:40,2013-10-02 23:26:40,2013-09-30 03:00:00,6.3581,1 / (cm2 s sr),21.609921946807408,1 / (cm2 s sr),SEP Event
2438,ZEUS+iPATH_CME,min.30.0.max.-1.0.units.MeV,threshold.1.0.units.1 / (cm2 s sr),False,min.30.0.max.-1.0.units.MeV,threshold.1.0.units.1 / (cm2 s sr),./model/SEPVAL2023_Europe/iPATH/jsons/ZEUS+iPATH_CME_differential.2014-02-25T025340Z.2023-08-29T091255Z.json,2014-02-25 02:53:40,2014-02-28 01:53:40,2014-02-25 06:55:00,6.1614,1 / (cm2 s sr),1.2327106819604194,1 / (cm2 s sr),SEP Event
2440,ZEUS+iPATH_CME,min.30.0.max.-1.0.units.MeV,threshold.1.0.units.1 / (cm2 s sr),False,min.30.0.max.-1.0.units.MeV,threshold.1.0.units.1 / (cm2 s sr),./model/SEPVAL2023_Europe/iPATH/jsons/ZEUS+iPATH_CME_differential.2014-09-10T195200Z.2023-08-29T091300Z.json,2014-09-10 19:52:00,2014-09-13 18:52:00,2014-09-10 22:50:00,8.8292,1 / (cm2 s sr),180.9177841250942,1 / (cm2 s sr),SEP Event
2448,ZEUS+iPATH_CME,min.30.0.max.-1.0.units.MeV,threshold.1.0.units.1 / (cm2 s sr),False,min.30.0.max.-1.0.units.MeV,threshold.1.0.units.1 / (cm2 s sr),./model/SEPVAL2023_Europe/iPATH/jsons/ZEUS+iPATH_CME_differential.2017-09-04T222540Z.2023-08-29T091205Z.json,2017-09-04 22:25:40,2017-09-07 21:25:40,2017-09-05 04:30:00,0.82569,1 / (cm2 s sr),80.22903893549073,1 / (cm2 s sr),SEP Event
2466,ZEUS+iPATH_CME,min.30.0.max.-1.0.units.MeV,threshold.1.0.units.1 / (cm2 s sr),False,min.30.0.max.-1.0.units.MeV,threshold.1.0.units.1 / (cm2 s sr),./model/SEPVAL2023_Europe/iPATH/jsons/ZEUS+iPATH_CME_differential.2022-08-27T041420Z.2023-08-29T090716Z.json,2022-08-27 04:14:20,2022-08-30 03:14:20,2022-08-27 13:40:00,1.348694,1 / (cm2 s sr),939.2400020789692,1 / (cm2 s sr),SEP Event
