,Model,Energy Channel,Threshold,Prediction Energy Channel,Prediction Threshold,Mean Error (pred - obs),Median Error (pred - obs),Mean Absolute Error (|pred - obs|),Median Absolute Error (|pred - obs|)
0,ZEUS+iPATH_CME,min.10.0.max.-1.0.units.MeV,threshold.10.0.units.1 / (cm2 s sr),min.10.0.max.-1.0.units.MeV,threshold.10.0.units.1 / (cm2 s sr),-15.231481481481483,-11.438888888888888,19.407777777777778,14.072222222222223
1,ZEUS+iPATH_CME,min.100.0.max.-1.0.units.MeV,threshold.1.0.units.1 / (cm2 s sr),min.100.0.max.-1.0.units.MeV,threshold.1.0.units.1 / (cm2 s sr),-0.8500000000000001,-0.8500000000000001,0.8500000000000001,0.8500000000000001
2,ZEUS+iPATH_CME,min.30.0.max.-1.0.units.MeV,threshold.1.0.units.1 / (cm2 s sr),min.30.0.max.-1.0.units.MeV,threshold.1.0.units.1 / (cm2 s sr),-10.370833333333334,-9.350000000000001,10.370833333333334,9.350000000000001
3,ZEUS+iPATH_CME,min.50.0.max.-1.0.units.MeV,threshold.1.0.units.1 / (cm2 s sr),min.50.0.max.-1.0.units.MeV,threshold.1.0.units.1 / (cm2 s sr),-8.339814814814815,-6.341666666666668,8.339814814814815,6.341666666666668
4,SEPMOD,min.10.0.max.-1.0.units.MeV,threshold.10.0.units.1 / (cm2 s sr),min.10.0.max.-1.0.units.MeV,threshold.10.0.units.1 / (cm2 s sr),-1.3321481481481483,-2.7083333333333335,12.607555555555557,7.208333333333334
5,SEPMOD,min.100.0.max.-1.0.units.MeV,threshold.1.0.units.1 / (cm2 s sr),min.100.0.max.-1.0.units.MeV,threshold.1.0.units.1 / (cm2 s sr),11.316944444444445,4.75,13.933055555555557,6.708333333333334
6,SEPMOD,min.30.0.max.-1.0.units.MeV,threshold.1.0.units.1 / (cm2 s sr),min.30.0.max.-1.0.units.MeV,threshold.1.0.units.1 / (cm2 s sr),8.03174074074074,5.458333333333333,13.849222222222222,7.083333333333334
7,SEPMOD,min.50.0.max.-1.0.units.MeV,threshold.1.0.units.1 / (cm2 s sr),min.50.0.max.-1.0.units.MeV,threshold.1.0.units.1 / (cm2 s sr),9.230648148148148,5.916666666666666,12.426111111111112,7.0
8,MFLAMPA,min.10.0.max.-1.0.units.MeV,threshold.10.0.units.1 / (cm2 s sr),min.10.0.max.-1.0.units.MeV,threshold.10.0.units.1 / (cm2 s sr),-5.8999999999999995,-12.383333333333333,13.480952380952381,13.833333333333334
9,STAT,min.10.0.max.-1.0.units.MeV,threshold.10.0.units.1 / (cm2 s sr),min.10.0.max.-1.0.units.MeV,threshold.10.0.units.1 / (cm2 s sr),-16.09199074074074,-16.84888888888889,16.09199074074074,16.84888888888889
10,STAT,min.100.0.max.-1.0.units.MeV,threshold.1.0.units.1 / (cm2 s sr),min.100.0.max.-1.0.units.MeV,threshold.1.0.units.1 / (cm2 s sr),-3.3599305555555556,-3.3068055555555556,3.3599305555555556,3.3068055555555556
11,STAT,min.50.0.max.-1.0.units.MeV,threshold.1.0.units.1 / (cm2 s sr),min.50.0.max.-1.0.units.MeV,threshold.1.0.units.1 / (cm2 s sr),-4.872083333333333,-5.510416666666666,4.8902777777777775,5.510416666666666
12,SPREAdFAST,min.10.0.max.-1.0.units.MeV,threshold.10.0.units.1 / (cm2 s sr),min.10.0.max.-1.0.units.MeV,threshold.10.0.units.1 / (cm2 s sr),-3.139259259259259,1.7761111111111112,8.152685185185184,5.744027777777777
13,SPREAdFAST,min.100.0.max.-1.0.units.MeV,threshold.1.0.units.1 / (cm2 s sr),min.100.0.max.-1.0.units.MeV,threshold.1.0.units.1 / (cm2 s sr),-6.5969444444444445,-4.639166666666666,6.5969444444444445,4.639166666666666
14,SPREAdFAST,min.30.0.max.-1.0.units.MeV,threshold.1.0.units.1 / (cm2 s sr),min.30.0.max.-1.0.units.MeV,threshold.1.0.units.1 / (cm2 s sr),-3.3714814814814815,4.567777777777778,12.690462962962963,9.410694444444445
15,SPREAdFAST,min.50.0.max.-1.0.units.MeV,threshold.1.0.units.1 / (cm2 s sr),min.50.0.max.-1.0.units.MeV,threshold.1.0.units.1 / (cm2 s sr),-5.7876666666666665,-2.6333333333333333,5.7876666666666665,2.6333333333333333
16,SEPSAT,min.10.0.max.-1.0.units.MeV,threshold.10.0.units.1 / (cm2 s sr),min.10.0.max.-1.0.units.MeV,threshold.10.0.units.1 / (cm2 s sr),-11.539553872053872,-6.8502777777777775,14.173796296296297,8.100277777777778
17,SEPSAT,min.100.0.max.-1.0.units.MeV,threshold.1.0.units.1 / (cm2 s sr),min.100.0.max.-1.0.units.MeV,threshold.1.0.units.1 / (cm2 s sr),-4.717696078431373,-3.7669444444444444,4.717696078431373,3.7669444444444444
