,Model,Energy Channel Key,Threshold Key,Mismatch Allowed,Prediction Energy Channel Key,Prediction Threshold Key,Forecast Source,Prediction Window Start,Prediction Window End,Observed SEP Threshold Crossing Time,Observed SEP Peak Intensity Max (Max Flux) Time,Predicted SEP Peak Intensity Max (Max Flux) Time,Peak Intensity Max Match Status
2784,STAT,min.100.0.max.-1.0.units.MeV,threshold.1.0.units.1 / (cm2 s sr),False,min.100.0.max.-1.0.units.MeV,threshold.1.0.units.1 / (cm2 s sr),model/SEPVAL2023_Europe/STAT/jsons/STAT_integral.2012-03-07T001000Z.json,2012-03-07 00:10:00,2012-03-07 08:59:55,2012-03-07 04:05:00,2012-03-07 15:25:00,2012-03-07 08:59:55,SEP Event
2786,STAT,min.100.0.max.-1.0.units.MeV,threshold.1.0.units.1 / (cm2 s sr),False,min.100.0.max.-1.0.units.MeV,threshold.1.0.units.1 / (cm2 s sr),model/SEPVAL2023_Europe/STAT/jsons/STAT_integral.2014-01-07T181000Z.json,2014-01-07 18:10:00,2014-01-08 02:35:48,2014-01-07 20:30:00,2014-01-07 22:40:00,2014-01-07 20:56:02,SEP Event
2788,STAT,min.100.0.max.-1.0.units.MeV,threshold.1.0.units.1 / (cm2 s sr),False,min.100.0.max.-1.0.units.MeV,threshold.1.0.units.1 / (cm2 s sr),model/SEPVAL2023_Europe/STAT/jsons/STAT_integral.2017-09-10T154600Z.json,2017-09-10 15:46:00,2017-09-11 00:35:55,2017-09-10 16:25:00,2017-09-10 22:15:00,2017-09-10 17:22:09,SEP Event
2789,STAT,min.100.0.max.-1.0.units.MeV,threshold.1.0.units.1 / (cm2 s sr),False,min.100.0.max.-1.0.units.MeV,threshold.1.0.units.1 / (cm2 s sr),model/SEPVAL2023_Europe/STAT/jsons/STAT_integral.2021-10-28T153000Z.json,2021-10-28 15:30:00,2021-10-29 07:33:55,2021-10-28 16:35:00,2021-10-28 18:15:00,2021-10-28 17:50:31,SEP Event
