,Model,Energy Channel Key,Threshold Key,Mismatch Allowed,Prediction Energy Channel Key,Prediction Threshold Key,Forecast Source,Prediction Window Start,Prediction Window End,Observed SEP Threshold Crossing Time,Observed SEP Peak Intensity (Onset Peak) Time,Predicted SEP Peak Intensity (Onset Peak) Time,Peak Intensity Match Status
2711,SEPMOD,min.50.0.max.-1.0.units.MeV,threshold.1.0.units.1 / (cm2 s sr),False,min.50.0.max.-1.0.units.MeV,threshold.1.0.units.1 / (cm2 s sr),model/SEPVAL2023_Europe/ENLIL+SEPMOD/jsons/SEPMOD_integral.2011-06-07T003000Z.json,2011-06-07 00:30:00,2011-06-13 23:30:00,2011-06-07 07:15:00,2011-06-07 10:25:00,2011-06-07 15:30:00,SEP Event
2712,SEPMOD,min.50.0.max.-1.0.units.MeV,threshold.1.0.units.1 / (cm2 s sr),False,min.50.0.max.-1.0.units.MeV,threshold.1.0.units.1 / (cm2 s sr),model/SEPVAL2023_Europe/ENLIL+SEPMOD/jsons/SEPMOD_integral.2011-08-04T003000Z.json,2011-08-04 00:30:00,2011-08-10 23:30:00,2011-08-04 04:55:00,2011-08-04 07:40:00,2011-08-04 11:30:00,SEP Event
2714,SEPMOD,min.50.0.max.-1.0.units.MeV,threshold.1.0.units.1 / (cm2 s sr),False,min.50.0.max.-1.0.units.MeV,threshold.1.0.units.1 / (cm2 s sr),model/SEPVAL2023_Europe/ENLIL+SEPMOD/jsons/SEPMOD_integral.2012-01-23T003000Z.json,2012-01-23 00:30:00,2012-01-29 23:30:00,2012-01-23 04:45:00,2012-01-23 14:00:00,2012-01-23 21:30:00,SEP Event
2715,SEPMOD,min.50.0.max.-1.0.units.MeV,threshold.1.0.units.1 / (cm2 s sr),False,min.50.0.max.-1.0.units.MeV,threshold.1.0.units.1 / (cm2 s sr),model/SEPVAL2023_Europe/ENLIL+SEPMOD/jsons/SEPMOD_integral.2012-01-27T003000Z.json,2012-01-27 00:30:00,2012-02-02 23:30:00,2012-01-27 19:00:00,2012-01-27 22:40:00,2012-01-28 00:30:00,SEP Event
2719,SEPMOD,min.50.0.max.-1.0.units.MeV,threshold.1.0.units.1 / (cm2 s sr),False,min.50.0.max.-1.0.units.MeV,threshold.1.0.units.1 / (cm2 s sr),model/SEPVAL2023_Europe/ENLIL+SEPMOD/jsons/SEPMOD_integral.2012-03-13T003000Z.json,2012-03-13 00:30:00,2012-03-19 23:30:00,2012-03-13 18:05:00,2012-03-13 19:10:00,2012-03-14 00:30:00,SEP Event
2720,SEPMOD,min.50.0.max.-1.0.units.MeV,threshold.1.0.units.1 / (cm2 s sr),False,min.50.0.max.-1.0.units.MeV,threshold.1.0.units.1 / (cm2 s sr),model/SEPVAL2023_Europe/ENLIL+SEPMOD/jsons/SEPMOD_integral.2012-05-17T003000Z.json,2012-05-17 00:30:00,2012-05-23 23:30:00,2012-05-17 02:00:00,2012-05-17 03:00:00,2012-05-17 09:30:00,SEP Event
2727,SEPMOD,min.50.0.max.-1.0.units.MeV,threshold.1.0.units.1 / (cm2 s sr),False,min.50.0.max.-1.0.units.MeV,threshold.1.0.units.1 / (cm2 s sr),model/SEPVAL2023_Europe/ENLIL+SEPMOD/jsons/SEPMOD_integral.2013-05-22T003000Z.json,2013-05-22 00:30:00,2013-05-28 23:30:00,2013-05-22 14:30:00,2013-05-22 19:00:00,2013-05-22 20:30:00,SEP Event
2730,SEPMOD,min.50.0.max.-1.0.units.MeV,threshold.1.0.units.1 / (cm2 s sr),False,min.50.0.max.-1.0.units.MeV,threshold.1.0.units.1 / (cm2 s sr),model/SEPVAL2023_Europe/ENLIL+SEPMOD/jsons/SEPMOD_integral.2013-09-29T003000Z.json,2013-09-29 00:30:00,2013-10-05 23:30:00,2013-09-30 05:10:00,2013-09-30 07:15:00,2013-09-30 16:30:00,SEP Event
2734,SEPMOD,min.50.0.max.-1.0.units.MeV,threshold.1.0.units.1 / (cm2 s sr),False,min.50.0.max.-1.0.units.MeV,threshold.1.0.units.1 / (cm2 s sr),model/SEPVAL2023_Europe/ENLIL+SEPMOD/jsons/SEPMOD_integral.2014-04-18T003000Z.json,2014-04-18 00:30:00,2014-04-24 23:30:00,2014-04-18 14:10:00,2014-04-18 15:40:00,2014-04-19 00:30:00,SEP Event
2736,SEPMOD,min.50.0.max.-1.0.units.MeV,threshold.1.0.units.1 / (cm2 s sr),False,min.50.0.max.-1.0.units.MeV,threshold.1.0.units.1 / (cm2 s sr),model/SEPVAL2023_Europe/ENLIL+SEPMOD/jsons/SEPMOD_integral.2014-09-10T003000Z.json,2014-09-10 00:30:00,2014-09-16 23:30:00,2014-09-11 00:15:00,2014-09-11 03:25:00,2014-09-11 04:30:00,SEP Event
2746,SEPMOD,min.50.0.max.-1.0.units.MeV,threshold.1.0.units.1 / (cm2 s sr),False,min.50.0.max.-1.0.units.MeV,threshold.1.0.units.1 / (cm2 s sr),model/SEPVAL2023_Europe/ENLIL+SEPMOD/jsons/SEPMOD_integral.2017-09-06T003000Z.json,2017-09-06 00:30:00,2017-09-12 23:30:00,2017-09-06 13:00:00,2017-09-06 13:30:00,2017-09-06 20:30:00,SEP Event
2748,SEPMOD,min.50.0.max.-1.0.units.MeV,threshold.1.0.units.1 / (cm2 s sr),False,min.50.0.max.-1.0.units.MeV,threshold.1.0.units.1 / (cm2 s sr),model/SEPVAL2023_Europe/ENLIL+SEPMOD/jsons/SEPMOD_integral.2021-10-28T003000Z.json,2021-10-28 00:30:00,2021-11-03 23:30:00,2021-10-28 16:30:00,2021-10-28 19:30:00,2021-10-29 06:30:00,SEP Event
2754,SEPMOD,min.50.0.max.-1.0.units.MeV,threshold.1.0.units.1 / (cm2 s sr),False,min.50.0.max.-1.0.units.MeV,threshold.1.0.units.1 / (cm2 s sr),model/SEPVAL2023_Europe/ENLIL+SEPMOD/jsons/SEPMOD_integral.2022-04-02T003126Z.json,2022-04-02 00:31:26,2022-04-08 23:30:00,2022-04-02 14:00:00,2022-04-02 15:20:00,2022-04-03 00:31:26,SEP Event
