,Model,Energy Channel Key,Threshold Key,Mismatch Allowed,Prediction Energy Channel Key,Prediction Threshold Key,Forecast Source,Prediction Window Start,Prediction Window End,Observed SEP Threshold Crossing Time,Observed SEP Peak Intensity (Onset Peak) Time,Predicted SEP Peak Intensity (Onset Peak) Time,Peak Intensity Match Status
8819,SPREAdFAST,min.30.0.max.-1.0.units.MeV,threshold.1.0.units.1 / (cm2 s sr),False,min.30.0.max.-1.0.units.MeV,threshold.1.0.units.1 / (cm2 s sr),model/SEPVAL2023_Europe/SPREAdFAST/jsons/SPREAdFAST_differential.2012-03-07T000000Z.2023-10-24T121205Z.json,2012-03-07,2012-03-08,2012-03-07 03:40:00,2012-03-07 17:50:00,2012-03-07 06:23:01,SEP Event
8820,SPREAdFAST,min.30.0.max.-1.0.units.MeV,threshold.1.0.units.1 / (cm2 s sr),False,min.30.0.max.-1.0.units.MeV,threshold.1.0.units.1 / (cm2 s sr),model/SEPVAL2023_Europe/SPREAdFAST/jsons/SPREAdFAST_differential.2012-05-17T000000Z.2023-10-24T121224Z.json,2012-05-17,2012-05-18,2012-05-17 02:00:00,2012-05-17 02:50:00,2012-05-17 08:49:46,SEP Event
8821,SPREAdFAST,min.30.0.max.-1.0.units.MeV,threshold.1.0.units.1 / (cm2 s sr),False,min.30.0.max.-1.0.units.MeV,threshold.1.0.units.1 / (cm2 s sr),model/SEPVAL2023_Europe/SPREAdFAST/jsons/SPREAdFAST_differential.2012-07-12T000000Z.2023-10-24T121238Z.json,2012-07-12,2012-07-13,2012-07-12 18:00:00,2012-07-12 19:05:00,2012-07-12 22:57:14,SEP Event
8822,SPREAdFAST,min.30.0.max.-1.0.units.MeV,threshold.1.0.units.1 / (cm2 s sr),False,min.30.0.max.-1.0.units.MeV,threshold.1.0.units.1 / (cm2 s sr),model/SEPVAL2023_Europe/SPREAdFAST/jsons/SPREAdFAST_differential.2013-04-11T000000Z.2023-10-24T121251Z.json,2013-04-11,2013-04-12,2013-04-11 09:10:00,2013-04-11 14:30:00,2013-04-11 12:50:22,SEP Event
8823,SPREAdFAST,min.30.0.max.-1.0.units.MeV,threshold.1.0.units.1 / (cm2 s sr),False,min.30.0.max.-1.0.units.MeV,threshold.1.0.units.1 / (cm2 s sr),model/SEPVAL2023_Europe/SPREAdFAST/jsons/SPREAdFAST_differential.2014-01-06T000000Z.2023-10-24T121306Z.json,2014-01-06,2014-01-07,2014-01-06 08:20:00,2014-01-06 10:20:00,2014-01-06 14:50:52,SEP Event
8826,SPREAdFAST,min.30.0.max.-1.0.units.MeV,threshold.1.0.units.1 / (cm2 s sr),False,min.30.0.max.-1.0.units.MeV,threshold.1.0.units.1 / (cm2 s sr),model/SEPVAL2023_Europe/SPREAdFAST/jsons/SPREAdFAST_differential.2017-09-06T000000Z.2023-10-24T121358Z.json,2017-09-06,2017-09-07,2017-09-06 12:55:00,2017-09-06 16:30:00,2017-09-06 20:32:15,SEP Event
