,Model,Energy Channel Key,Threshold Key,Mismatch Allowed,Prediction Energy Channel Key,Prediction Threshold Key,Forecast Source,Prediction Window Start,Prediction Window End,Observed SEP Threshold Crossing Time,Observed SEP Peak Intensity Max (Max Flux),Observed SEP Peak Intensity Max (Max Flux) Units,Predicted SEP Peak Intensity Max (Max Flux),Predicted SEP Peak Intensity Max (Max Flux) Units,Peak Intensity Max Match Status
2591,SEPMOD,min.100.0.max.-1.0.units.MeV,threshold.1.0.units.1 / (cm2 s sr),False,min.100.0.max.-1.0.units.MeV,threshold.1.0.units.1 / (cm2 s sr),model/SEPVAL2023_Europe/ENLIL+SEPMOD/jsons/SEPMOD_integral.2011-06-07T003000Z.json,2011-06-07 00:30:00,2011-06-13 23:30:00,2011-06-07 07:20:00,4.5281,1 / (cm2 s sr),0.4702,1 / (cm2 s sr),SEP Event
2592,SEPMOD,min.100.0.max.-1.0.units.MeV,threshold.1.0.units.1 / (cm2 s sr),False,min.100.0.max.-1.0.units.MeV,threshold.1.0.units.1 / (cm2 s sr),model/SEPVAL2023_Europe/ENLIL+SEPMOD/jsons/SEPMOD_integral.2011-08-04T003000Z.json,2011-08-04 00:30:00,2011-08-10 23:30:00,2011-08-04 05:10:00,1.7984,1 / (cm2 s sr),12.1,1 / (cm2 s sr),SEP Event
2593,SEPMOD,min.100.0.max.-1.0.units.MeV,threshold.1.0.units.1 / (cm2 s sr),False,min.100.0.max.-1.0.units.MeV,threshold.1.0.units.1 / (cm2 s sr),model/SEPVAL2023_Europe/ENLIL+SEPMOD/jsons/SEPMOD_integral.2011-08-09T003000Z.json,2011-08-09 00:30:00,2011-08-15 23:30:00,2011-08-09 08:25:00,2.6732,1 / (cm2 s sr),0.0,1 / (cm2 s sr),SEP Event
2594,SEPMOD,min.100.0.max.-1.0.units.MeV,threshold.1.0.units.1 / (cm2 s sr),False,min.100.0.max.-1.0.units.MeV,threshold.1.0.units.1 / (cm2 s sr),model/SEPVAL2023_Europe/ENLIL+SEPMOD/jsons/SEPMOD_integral.2012-01-23T003000Z.json,2012-01-23 00:30:00,2012-01-29 23:30:00,2012-01-23 04:45:00,2.3859,1 / (cm2 s sr),1.411,1 / (cm2 s sr),SEP Event
2595,SEPMOD,min.100.0.max.-1.0.units.MeV,threshold.1.0.units.1 / (cm2 s sr),False,min.100.0.max.-1.0.units.MeV,threshold.1.0.units.1 / (cm2 s sr),model/SEPVAL2023_Europe/ENLIL+SEPMOD/jsons/SEPMOD_integral.2012-01-27T003000Z.json,2012-01-27 00:30:00,2012-02-02 23:30:00,2012-01-27 19:00:00,11.88,1 / (cm2 s sr),1.071,1 / (cm2 s sr),SEP Event
2598,SEPMOD,min.100.0.max.-1.0.units.MeV,threshold.1.0.units.1 / (cm2 s sr),False,min.100.0.max.-1.0.units.MeV,threshold.1.0.units.1 / (cm2 s sr),model/SEPVAL2023_Europe/ENLIL+SEPMOD/jsons/SEPMOD_integral.2012-03-07T003000Z.json,2012-03-07 00:30:00,2012-03-13 23:30:00,2012-03-07 04:05:00,69.272,1 / (cm2 s sr),0.2165,1 / (cm2 s sr),SEP Event
2599,SEPMOD,min.100.0.max.-1.0.units.MeV,threshold.1.0.units.1 / (cm2 s sr),False,min.100.0.max.-1.0.units.MeV,threshold.1.0.units.1 / (cm2 s sr),model/SEPVAL2023_Europe/ENLIL+SEPMOD/jsons/SEPMOD_integral.2012-03-13T003000Z.json,2012-03-13 00:30:00,2012-03-19 23:30:00,2012-03-13 18:10:00,1.8856,1 / (cm2 s sr),34.92,1 / (cm2 s sr),SEP Event
2600,SEPMOD,min.100.0.max.-1.0.units.MeV,threshold.1.0.units.1 / (cm2 s sr),False,min.100.0.max.-1.0.units.MeV,threshold.1.0.units.1 / (cm2 s sr),model/SEPVAL2023_Europe/ENLIL+SEPMOD/jsons/SEPMOD_integral.2012-05-17T003000Z.json,2012-05-17 00:30:00,2012-05-23 23:30:00,2012-05-17 02:00:00,20.445,1 / (cm2 s sr),0.5452,1 / (cm2 s sr),SEP Event
2606,SEPMOD,min.100.0.max.-1.0.units.MeV,threshold.1.0.units.1 / (cm2 s sr),False,min.100.0.max.-1.0.units.MeV,threshold.1.0.units.1 / (cm2 s sr),model/SEPVAL2023_Europe/ENLIL+SEPMOD/jsons/SEPMOD_integral.2013-04-11T003000Z.json,2013-04-11 00:30:00,2013-04-17 23:30:00,2013-04-11 09:40:00,2.0297,1 / (cm2 s sr),2.556e-05,1 / (cm2 s sr),SEP Event
2607,SEPMOD,min.100.0.max.-1.0.units.MeV,threshold.1.0.units.1 / (cm2 s sr),False,min.100.0.max.-1.0.units.MeV,threshold.1.0.units.1 / (cm2 s sr),model/SEPVAL2023_Europe/ENLIL+SEPMOD/jsons/SEPMOD_integral.2013-05-22T003000Z.json,2013-05-22 00:30:00,2013-05-28 23:30:00,2013-05-22 14:35:00,3.5818,1 / (cm2 s sr),27.1,1 / (cm2 s sr),SEP Event
2611,SEPMOD,min.100.0.max.-1.0.units.MeV,threshold.1.0.units.1 / (cm2 s sr),False,min.100.0.max.-1.0.units.MeV,threshold.1.0.units.1 / (cm2 s sr),model/SEPVAL2023_Europe/ENLIL+SEPMOD/jsons/SEPMOD_integral.2014-01-06T003000Z.json,2014-01-06 00:30:00,2014-01-12 23:30:00,2014-01-06 08:30:00,4.079,1 / (cm2 s sr),0.01351,1 / (cm2 s sr),SEP Event
2612,SEPMOD,min.100.0.max.-1.0.units.MeV,threshold.1.0.units.1 / (cm2 s sr),False,min.100.0.max.-1.0.units.MeV,threshold.1.0.units.1 / (cm2 s sr),model/SEPVAL2023_Europe/ENLIL+SEPMOD/jsons/SEPMOD_integral.2014-01-07T003000Z.json,2014-01-07 00:30:00,2014-01-13 23:30:00,2014-01-07 20:30:00,4.2687,1 / (cm2 s sr),0.0006464,1 / (cm2 s sr),SEP Event
2622,SEPMOD,min.100.0.max.-1.0.units.MeV,threshold.1.0.units.1 / (cm2 s sr),False,min.100.0.max.-1.0.units.MeV,threshold.1.0.units.1 / (cm2 s sr),model/SEPVAL2023_Europe/ENLIL+SEPMOD/jsons/SEPMOD_integral.2015-10-29T015916Z.json,2015-10-29 01:59:16,2015-11-05 00:59:16,2015-10-29 04:35:00,2.0277,1 / (cm2 s sr),0.0,1 / (cm2 s sr),SEP Event
2628,SEPMOD,min.100.0.max.-1.0.units.MeV,threshold.1.0.units.1 / (cm2 s sr),False,min.100.0.max.-1.0.units.MeV,threshold.1.0.units.1 / (cm2 s sr),model/SEPVAL2023_Europe/ENLIL+SEPMOD/jsons/SEPMOD_integral.2021-10-28T003000Z.json,2021-10-28 00:30:00,2021-11-03 23:30:00,2021-10-28 16:35:00,7.327305,1 / (cm2 s sr),0.5215,1 / (cm2 s sr),SEP Event
2632,SEPMOD,min.100.0.max.-1.0.units.MeV,threshold.1.0.units.1 / (cm2 s sr),False,min.100.0.max.-1.0.units.MeV,threshold.1.0.units.1 / (cm2 s sr),model/SEPVAL2023_Europe/ENLIL+SEPMOD/jsons/SEPMOD_integral.2022-01-20T003000Z.json,2022-01-20 00:30:00,2022-01-26 23:30:00,2022-01-20 07:45:00,1.126116,1 / (cm2 s sr),0.0,1 / (cm2 s sr),SEP Event
2633,SEPMOD,min.100.0.max.-1.0.units.MeV,threshold.1.0.units.1 / (cm2 s sr),False,min.100.0.max.-1.0.units.MeV,threshold.1.0.units.1 / (cm2 s sr),model/SEPVAL2023_Europe/ENLIL+SEPMOD/jsons/SEPMOD_integral.2022-03-28T003000Z.json,2022-03-28 00:30:00,2022-04-03 23:30:00,2022-03-28 12:45:00,1.269069,1 / (cm2 s sr),0.0144,1 / (cm2 s sr),SEP Event
