,Model,Energy Channel Key,Threshold Key,Mismatch Allowed,Prediction Energy Channel Key,Prediction Threshold Key,Forecast Source,Prediction Window Start,Prediction Window End,Observed SEP Threshold Crossing Time,Observed SEP Peak Intensity Max (Max Flux),Observed SEP Peak Intensity Max (Max Flux) Units,Predicted SEP Peak Intensity Max (Max Flux),Predicted SEP Peak Intensity Max (Max Flux) Units,Peak Intensity Max Match Status
2649,SEPMOD,min.30.0.max.-1.0.units.MeV,threshold.1.0.units.1 / (cm2 s sr),False,min.30.0.max.-1.0.units.MeV,threshold.1.0.units.1 / (cm2 s sr),model/SEPVAL2023_Europe/ENLIL+SEPMOD/jsons/SEPMOD_integral.2011-03-07T003000Z.json,2011-03-07 00:30:00,2011-03-13 23:30:00,2011-03-08 00:45:00,5.1853,1 / (cm2 s sr),25.29,1 / (cm2 s sr),SEP Event
2651,SEPMOD,min.30.0.max.-1.0.units.MeV,threshold.1.0.units.1 / (cm2 s sr),False,min.30.0.max.-1.0.units.MeV,threshold.1.0.units.1 / (cm2 s sr),model/SEPVAL2023_Europe/ENLIL+SEPMOD/jsons/SEPMOD_integral.2011-06-07T003000Z.json,2011-06-07 00:30:00,2011-06-13 23:30:00,2011-06-07 07:05:00,25.841,1 / (cm2 s sr),3.917,1 / (cm2 s sr),SEP Event
2652,SEPMOD,min.30.0.max.-1.0.units.MeV,threshold.1.0.units.1 / (cm2 s sr),False,min.30.0.max.-1.0.units.MeV,threshold.1.0.units.1 / (cm2 s sr),model/SEPVAL2023_Europe/ENLIL+SEPMOD/jsons/SEPMOD_integral.2011-08-04T003000Z.json,2011-08-04 00:30:00,2011-08-10 23:30:00,2011-08-04 04:55:00,22.037,1 / (cm2 s sr),59.88,1 / (cm2 s sr),SEP Event
2653,SEPMOD,min.30.0.max.-1.0.units.MeV,threshold.1.0.units.1 / (cm2 s sr),False,min.30.0.max.-1.0.units.MeV,threshold.1.0.units.1 / (cm2 s sr),model/SEPVAL2023_Europe/ENLIL+SEPMOD/jsons/SEPMOD_integral.2011-08-09T003000Z.json,2011-08-09 00:30:00,2011-08-15 23:30:00,2011-08-09 08:25:00,15.833,1 / (cm2 s sr),0.0,1 / (cm2 s sr),SEP Event
2654,SEPMOD,min.30.0.max.-1.0.units.MeV,threshold.1.0.units.1 / (cm2 s sr),False,min.30.0.max.-1.0.units.MeV,threshold.1.0.units.1 / (cm2 s sr),model/SEPVAL2023_Europe/ENLIL+SEPMOD/jsons/SEPMOD_integral.2012-01-23T003000Z.json,2012-01-23 00:30:00,2012-01-29 23:30:00,2012-01-23 04:45:00,447.84,1 / (cm2 s sr),8.701,1 / (cm2 s sr),SEP Event
2655,SEPMOD,min.30.0.max.-1.0.units.MeV,threshold.1.0.units.1 / (cm2 s sr),False,min.30.0.max.-1.0.units.MeV,threshold.1.0.units.1 / (cm2 s sr),model/SEPVAL2023_Europe/ENLIL+SEPMOD/jsons/SEPMOD_integral.2012-01-27T003000Z.json,2012-01-27 00:30:00,2012-02-02 23:30:00,2012-01-27 18:55:00,155.55,1 / (cm2 s sr),6.463,1 / (cm2 s sr),SEP Event
2658,SEPMOD,min.30.0.max.-1.0.units.MeV,threshold.1.0.units.1 / (cm2 s sr),False,min.30.0.max.-1.0.units.MeV,threshold.1.0.units.1 / (cm2 s sr),model/SEPVAL2023_Europe/ENLIL+SEPMOD/jsons/SEPMOD_integral.2012-03-07T003000Z.json,2012-03-07 00:30:00,2012-03-13 23:30:00,2012-03-07 03:40:00,753.13,1 / (cm2 s sr),1.343,1 / (cm2 s sr),SEP Event
2659,SEPMOD,min.30.0.max.-1.0.units.MeV,threshold.1.0.units.1 / (cm2 s sr),False,min.30.0.max.-1.0.units.MeV,threshold.1.0.units.1 / (cm2 s sr),model/SEPVAL2023_Europe/ENLIL+SEPMOD/jsons/SEPMOD_integral.2012-03-13T003000Z.json,2012-03-13 00:30:00,2012-03-19 23:30:00,2012-03-13 18:05:00,64.491,1 / (cm2 s sr),205.1,1 / (cm2 s sr),SEP Event
2660,SEPMOD,min.30.0.max.-1.0.units.MeV,threshold.1.0.units.1 / (cm2 s sr),False,min.30.0.max.-1.0.units.MeV,threshold.1.0.units.1 / (cm2 s sr),model/SEPVAL2023_Europe/ENLIL+SEPMOD/jsons/SEPMOD_integral.2012-05-17T003000Z.json,2012-05-17 00:30:00,2012-05-23 23:30:00,2012-05-17 02:00:00,123.66,1 / (cm2 s sr),3.197,1 / (cm2 s sr),SEP Event
2663,SEPMOD,min.30.0.max.-1.0.units.MeV,threshold.1.0.units.1 / (cm2 s sr),False,min.30.0.max.-1.0.units.MeV,threshold.1.0.units.1 / (cm2 s sr),model/SEPVAL2023_Europe/ENLIL+SEPMOD/jsons/SEPMOD_integral.2012-07-07T003000Z.json,2012-07-07 00:30:00,2012-07-13 23:30:00,2012-07-07 02:00:00,5.4918,1 / (cm2 s sr),0.0,1 / (cm2 s sr),SEP Event
2664,SEPMOD,min.30.0.max.-1.0.units.MeV,threshold.1.0.units.1 / (cm2 s sr),False,min.30.0.max.-1.0.units.MeV,threshold.1.0.units.1 / (cm2 s sr),model/SEPVAL2023_Europe/ENLIL+SEPMOD/jsons/SEPMOD_integral.2012-07-12T003000Z.json,2012-07-12 00:30:00,2012-07-18 23:30:00,2012-07-12 18:00:00,3.4489,1 / (cm2 s sr),0.04221,1 / (cm2 s sr),SEP Event
2665,SEPMOD,min.30.0.max.-1.0.units.MeV,threshold.1.0.units.1 / (cm2 s sr),False,min.30.0.max.-1.0.units.MeV,threshold.1.0.units.1 / (cm2 s sr),model/SEPVAL2023_Europe/ENLIL+SEPMOD/jsons/SEPMOD_integral.2012-09-28T003000Z.json,2012-09-28 00:30:00,2012-10-04 23:30:00,2012-09-28 02:20:00,3.2371,1 / (cm2 s sr),7.333,1 / (cm2 s sr),SEP Event
2666,SEPMOD,min.30.0.max.-1.0.units.MeV,threshold.1.0.units.1 / (cm2 s sr),False,min.30.0.max.-1.0.units.MeV,threshold.1.0.units.1 / (cm2 s sr),model/SEPVAL2023_Europe/ENLIL+SEPMOD/jsons/SEPMOD_integral.2013-04-11T003000Z.json,2013-04-11 00:30:00,2013-04-17 23:30:00,2013-04-11 09:10:00,23.328,1 / (cm2 s sr),0.004339,1 / (cm2 s sr),SEP Event
2667,SEPMOD,min.30.0.max.-1.0.units.MeV,threshold.1.0.units.1 / (cm2 s sr),False,min.30.0.max.-1.0.units.MeV,threshold.1.0.units.1 / (cm2 s sr),model/SEPVAL2023_Europe/ENLIL+SEPMOD/jsons/SEPMOD_integral.2013-05-22T003000Z.json,2013-05-22 00:30:00,2013-05-28 23:30:00,2013-05-22 14:25:00,124.67,1 / (cm2 s sr),193.8,1 / (cm2 s sr),SEP Event
2670,SEPMOD,min.30.0.max.-1.0.units.MeV,threshold.1.0.units.1 / (cm2 s sr),False,min.30.0.max.-1.0.units.MeV,threshold.1.0.units.1 / (cm2 s sr),model/SEPVAL2023_Europe/ENLIL+SEPMOD/jsons/SEPMOD_integral.2013-09-29T003000Z.json,2013-09-29 00:30:00,2013-10-05 23:30:00,2013-09-30 03:00:00,8.573,1 / (cm2 s sr),4.315,1 / (cm2 s sr),SEP Event
2671,SEPMOD,min.30.0.max.-1.0.units.MeV,threshold.1.0.units.1 / (cm2 s sr),False,min.30.0.max.-1.0.units.MeV,threshold.1.0.units.1 / (cm2 s sr),model/SEPVAL2023_Europe/ENLIL+SEPMOD/jsons/SEPMOD_integral.2014-01-06T003000Z.json,2014-01-06 00:30:00,2014-01-12 23:30:00,2014-01-06 08:20:00,20.069,1 / (cm2 s sr),0.1112,1 / (cm2 s sr),SEP Event
2672,SEPMOD,min.30.0.max.-1.0.units.MeV,threshold.1.0.units.1 / (cm2 s sr),False,min.30.0.max.-1.0.units.MeV,threshold.1.0.units.1 / (cm2 s sr),model/SEPVAL2023_Europe/ENLIL+SEPMOD/jsons/SEPMOD_integral.2014-01-07T003000Z.json,2014-01-07 00:30:00,2014-01-13 23:30:00,2014-01-07 19:20:00,203.7,1 / (cm2 s sr),0.0851,1 / (cm2 s sr),SEP Event
2673,SEPMOD,min.30.0.max.-1.0.units.MeV,threshold.1.0.units.1 / (cm2 s sr),False,min.30.0.max.-1.0.units.MeV,threshold.1.0.units.1 / (cm2 s sr),model/SEPVAL2023_Europe/ENLIL+SEPMOD/jsons/SEPMOD_integral.2014-02-25T003000Z.json,2014-02-25 00:30:00,2014-03-03 23:30:00,2014-02-25 06:55:00,7.4135,1 / (cm2 s sr),0.01644,1 / (cm2 s sr),SEP Event
2674,SEPMOD,min.30.0.max.-1.0.units.MeV,threshold.1.0.units.1 / (cm2 s sr),False,min.30.0.max.-1.0.units.MeV,threshold.1.0.units.1 / (cm2 s sr),model/SEPVAL2023_Europe/ENLIL+SEPMOD/jsons/SEPMOD_integral.2014-04-18T003000Z.json,2014-04-18 00:30:00,2014-04-24 23:30:00,2014-04-18 14:10:00,6.8519,1 / (cm2 s sr),2.365,1 / (cm2 s sr),SEP Event
2676,SEPMOD,min.30.0.max.-1.0.units.MeV,threshold.1.0.units.1 / (cm2 s sr),False,min.30.0.max.-1.0.units.MeV,threshold.1.0.units.1 / (cm2 s sr),model/SEPVAL2023_Europe/ENLIL+SEPMOD/jsons/SEPMOD_integral.2014-09-10T003000Z.json,2014-09-10 00:30:00,2014-09-16 23:30:00,2014-09-10 22:50:00,9.7944,1 / (cm2 s sr),4.2,1 / (cm2 s sr),SEP Event
2682,SEPMOD,min.30.0.max.-1.0.units.MeV,threshold.1.0.units.1 / (cm2 s sr),False,min.30.0.max.-1.0.units.MeV,threshold.1.0.units.1 / (cm2 s sr),model/SEPVAL2023_Europe/ENLIL+SEPMOD/jsons/SEPMOD_integral.2015-10-29T015916Z.json,2015-10-29 01:59:16,2015-11-05 00:59:16,2015-10-29 03:50:00,9.7599,1 / (cm2 s sr),0.0,1 / (cm2 s sr),SEP Event
2685,SEPMOD,min.30.0.max.-1.0.units.MeV,threshold.1.0.units.1 / (cm2 s sr),False,min.30.0.max.-1.0.units.MeV,threshold.1.0.units.1 / (cm2 s sr),model/SEPVAL2023_Europe/ENLIL+SEPMOD/jsons/SEPMOD_integral.2017-09-04T003000Z.json,2017-09-04 00:30:00,2017-09-10 23:30:00,2017-09-05 04:30:00,2.1547,1 / (cm2 s sr),0.02043,1 / (cm2 s sr),SEP Event
2686,SEPMOD,min.30.0.max.-1.0.units.MeV,threshold.1.0.units.1 / (cm2 s sr),False,min.30.0.max.-1.0.units.MeV,threshold.1.0.units.1 / (cm2 s sr),model/SEPVAL2023_Europe/ENLIL+SEPMOD/jsons/SEPMOD_integral.2017-09-06T003000Z.json,2017-09-06 00:30:00,2017-09-12 23:30:00,2017-09-06 12:55:00,42.064,1 / (cm2 s sr),18.17,1 / (cm2 s sr),SEP Event
2687,SEPMOD,min.30.0.max.-1.0.units.MeV,threshold.1.0.units.1 / (cm2 s sr),False,min.30.0.max.-1.0.units.MeV,threshold.1.0.units.1 / (cm2 s sr),model/SEPVAL2023_Europe/ENLIL+SEPMOD/jsons/SEPMOD_integral.2021-05-29T003000Z.json,2021-05-29 00:30:00,2021-06-04 23:30:00,2021-05-29 00:55:00,1.158363,1 / (cm2 s sr),1.008,1 / (cm2 s sr),SEP Event
2688,SEPMOD,min.30.0.max.-1.0.units.MeV,threshold.1.0.units.1 / (cm2 s sr),False,min.30.0.max.-1.0.units.MeV,threshold.1.0.units.1 / (cm2 s sr),model/SEPVAL2023_Europe/ENLIL+SEPMOD/jsons/SEPMOD_integral.2021-10-28T003000Z.json,2021-10-28 00:30:00,2021-11-03 23:30:00,2021-10-28 16:30:00,16.265814,1 / (cm2 s sr),2.782,1 / (cm2 s sr),SEP Event
2692,SEPMOD,min.30.0.max.-1.0.units.MeV,threshold.1.0.units.1 / (cm2 s sr),False,min.30.0.max.-1.0.units.MeV,threshold.1.0.units.1 / (cm2 s sr),model/SEPVAL2023_Europe/ENLIL+SEPMOD/jsons/SEPMOD_integral.2022-01-20T003000Z.json,2022-01-20 00:30:00,2022-01-26 23:30:00,2022-01-20 06:50:00,7.164104,1 / (cm2 s sr),0.0,1 / (cm2 s sr),SEP Event
2693,SEPMOD,min.30.0.max.-1.0.units.MeV,threshold.1.0.units.1 / (cm2 s sr),False,min.30.0.max.-1.0.units.MeV,threshold.1.0.units.1 / (cm2 s sr),model/SEPVAL2023_Europe/ENLIL+SEPMOD/jsons/SEPMOD_integral.2022-03-28T003000Z.json,2022-03-28 00:30:00,2022-04-03 23:30:00,2022-03-28 12:20:00,7.075072,1 / (cm2 s sr),0.08007,1 / (cm2 s sr),SEP Event
2694,SEPMOD,min.30.0.max.-1.0.units.MeV,threshold.1.0.units.1 / (cm2 s sr),False,min.30.0.max.-1.0.units.MeV,threshold.1.0.units.1 / (cm2 s sr),model/SEPVAL2023_Europe/ENLIL+SEPMOD/jsons/SEPMOD_integral.2022-04-02T003126Z.json,2022-04-02 00:31:26,2022-04-08 23:30:00,2022-04-02 14:00:00,8.96671,1 / (cm2 s sr),6.409,1 / (cm2 s sr),SEP Event
2702,SEPMOD,min.30.0.max.-1.0.units.MeV,threshold.1.0.units.1 / (cm2 s sr),False,min.30.0.max.-1.0.units.MeV,threshold.1.0.units.1 / (cm2 s sr),model/SEPVAL2023_Europe/ENLIL+SEPMOD/jsons/SEPMOD_integral.2022-08-27T003000Z.json,2022-08-27 00:30:00,2022-09-02 23:30:00,2022-08-27 13:40:00,1.348694,1 / (cm2 s sr),1.834,1 / (cm2 s sr),SEP Event
2706,SEPMOD,min.30.0.max.-1.0.units.MeV,threshold.1.0.units.1 / (cm2 s sr),False,min.30.0.max.-1.0.units.MeV,threshold.1.0.units.1 / (cm2 s sr),model/SEPVAL2023_Europe/ENLIL+SEPMOD/jsons/SEPMOD_integral.2023-02-25T003000Z.json,2023-02-25 00:30:00,2023-03-03 23:30:00,2023-02-25 20:50:00,7.749011,1 / (cm2 s sr),1.079,1 / (cm2 s sr),SEP Event
