,Model,Energy Channel Key,Threshold Key,Mismatch Allowed,Prediction Energy Channel Key,Prediction Threshold Key,Forecast Source,Prediction Window Start,Prediction Window End,Observed SEP Threshold Crossing Time,Observed SEP Peak Intensity Max (Max Flux),Observed SEP Peak Intensity Max (Max Flux) Units,Predicted SEP Peak Intensity Max (Max Flux),Predicted SEP Peak Intensity Max (Max Flux) Units,Peak Intensity Max Match Status
2778,STAT,min.10.0.max.-1.0.units.MeV,threshold.10.0.units.1 / (cm2 s sr),False,min.10.0.max.-1.0.units.MeV,threshold.10.0.units.1 / (cm2 s sr),model/SEPVAL2023_Europe/STAT/jsons/STAT_integral.2012-03-07T001000Z.json,2012-03-07 00:10:00,2012-03-07 08:59:55,2012-03-07 05:10:00,6529.8,1 / (cm2 s sr),5.483,1 / (cm2 s sr),SEP Event
2779,STAT,min.10.0.max.-1.0.units.MeV,threshold.10.0.units.1 / (cm2 s sr),False,min.10.0.max.-1.0.units.MeV,threshold.10.0.units.1 / (cm2 s sr),model/SEPVAL2023_Europe/STAT/jsons/STAT_integral.2012-07-12T164900Z.json,2012-07-12 16:49:00,2012-07-13 00:02:16,2012-07-12 18:35:00,96.08,1 / (cm2 s sr),200.3,1 / (cm2 s sr),SEP Event
2780,STAT,min.10.0.max.-1.0.units.MeV,threshold.10.0.units.1 / (cm2 s sr),False,min.10.0.max.-1.0.units.MeV,threshold.10.0.units.1 / (cm2 s sr),model/SEPVAL2023_Europe/STAT/jsons/STAT_integral.2014-01-07T181000Z.json,2014-01-07 18:10:00,2014-01-08 02:35:48,2014-01-07 19:20:00,1026.1,1 / (cm2 s sr),34.33,1 / (cm2 s sr),SEP Event
2781,STAT,min.10.0.max.-1.0.units.MeV,threshold.10.0.units.1 / (cm2 s sr),False,min.10.0.max.-1.0.units.MeV,threshold.10.0.units.1 / (cm2 s sr),model/SEPVAL2023_Europe/STAT/jsons/STAT_integral.2017-07-14T030000Z.json,2017-07-14 03:00:00,2017-07-14 11:49:54,2017-07-14 09:00:00,22.374,1 / (cm2 s sr),7.096,1 / (cm2 s sr),SEP Event
2782,STAT,min.10.0.max.-1.0.units.MeV,threshold.10.0.units.1 / (cm2 s sr),False,min.10.0.max.-1.0.units.MeV,threshold.10.0.units.1 / (cm2 s sr),model/SEPVAL2023_Europe/STAT/jsons/STAT_integral.2017-09-10T154600Z.json,2017-09-10 15:46:00,2017-09-11 00:35:55,2017-09-10 16:45:00,1493.5,1 / (cm2 s sr),1195.0,1 / (cm2 s sr),SEP Event
2783,STAT,min.10.0.max.-1.0.units.MeV,threshold.10.0.units.1 / (cm2 s sr),False,min.10.0.max.-1.0.units.MeV,threshold.10.0.units.1 / (cm2 s sr),model/SEPVAL2023_Europe/STAT/jsons/STAT_integral.2021-10-28T153000Z.json,2021-10-28 15:30:00,2021-10-29 07:33:55,2021-10-28 17:40:00,28.950766,1 / (cm2 s sr),5.514,1 / (cm2 s sr),SEP Event
