,Model,Energy Channel Key,Threshold Key,Mismatch Allowed,Prediction Energy Channel Key,Prediction Threshold Key,Forecast Source,Prediction Window Start,Prediction Window End,Observed SEP Threshold Crossing Time,Observed SEP Peak Intensity Max (Max Flux),Observed SEP Peak Intensity Max (Max Flux) Units,Predicted SEP Peak Intensity (Onset Peak),Predicted SEP Peak Intensity (Onset Peak) Units,Peak Intensity Match Status
4611,SAWS-ASPECS CME_SOHO 90%,min.100.0.max.-1.0.units.MeV,threshold.1.0.units.1 / (cm2 s sr),False,min.100.0.max.-1.0.units.MeV,threshold.1.0.units.1 / (cm2 s sr),model/SEPVAL2023_Europe/ASPECS/aspecs_jsons/2023/10/31/cme_soho/SAWS_ASPECS_CME_SOHO_90.2011-06-07T065000Z.2011-06-07T061600Z.json,2011-06-07 06:50:00,2011-06-09 12:20:00,2011-06-07 07:20:00,4.5281,1 / (cm2 s sr),0.060299,1 / (cm2 s sr),SEP Event
4612,SAWS-ASPECS CME_SOHO 90%,min.100.0.max.-1.0.units.MeV,threshold.1.0.units.1 / (cm2 s sr),False,min.100.0.max.-1.0.units.MeV,threshold.1.0.units.1 / (cm2 s sr),model/SEPVAL2023_Europe/ASPECS/aspecs_jsons/2023/10/31/cme_soho/SAWS_ASPECS_CME_SOHO_90.2011-08-04T041500Z.2011-08-04T034100Z.json,2011-08-04 04:15:00,2011-08-06 09:45:00,2011-08-04 05:10:00,1.7984,1 / (cm2 s sr),10.945,1 / (cm2 s sr),SEP Event
4613,SAWS-ASPECS CME_SOHO 90%,min.100.0.max.-1.0.units.MeV,threshold.1.0.units.1 / (cm2 s sr),False,min.100.0.max.-1.0.units.MeV,threshold.1.0.units.1 / (cm2 s sr),model/SEPVAL2023_Europe/ASPECS/aspecs_jsons/2023/10/31/cme_soho/SAWS_ASPECS_CME_SOHO_90.2011-08-09T082000Z.2011-08-09T074800Z.json,2011-08-09 08:20:00,2011-08-11 13:50:00,2011-08-09 08:25:00,2.6732,1 / (cm2 s sr),165.18,1 / (cm2 s sr),SEP Event
4614,SAWS-ASPECS CME_SOHO 90%,min.100.0.max.-1.0.units.MeV,threshold.1.0.units.1 / (cm2 s sr),False,min.100.0.max.-1.0.units.MeV,threshold.1.0.units.1 / (cm2 s sr),model/SEPVAL2023_Europe/ASPECS/aspecs_jsons/2023/10/31/cme_soho/SAWS_ASPECS_CME_SOHO_90.2012-01-23T041000Z.2012-01-23T033800Z.json,2012-01-23 04:10:00,2012-01-25 09:40:00,2012-01-23 04:45:00,2.3859,1 / (cm2 s sr),9.5446,1 / (cm2 s sr),SEP Event
4615,SAWS-ASPECS CME_SOHO 90%,min.100.0.max.-1.0.units.MeV,threshold.1.0.units.1 / (cm2 s sr),False,min.100.0.max.-1.0.units.MeV,threshold.1.0.units.1 / (cm2 s sr),model/SEPVAL2023_Europe/ASPECS/aspecs_jsons/2023/10/31/cme_soho/SAWS_ASPECS_CME_SOHO_90.2012-01-27T181000Z.2012-01-27T173700Z.json,2012-01-27 18:10:00,2012-01-29 23:40:00,2012-01-27 19:00:00,11.88,1 / (cm2 s sr),69.846,1 / (cm2 s sr),SEP Event
4618,SAWS-ASPECS CME_SOHO 90%,min.100.0.max.-1.0.units.MeV,threshold.1.0.units.1 / (cm2 s sr),False,min.100.0.max.-1.0.units.MeV,threshold.1.0.units.1 / (cm2 s sr),model/SEPVAL2023_Europe/ASPECS/aspecs_jsons/2023/10/31/cme_soho/SAWS_ASPECS_CME_SOHO_90.2012-03-07T013500Z.2012-03-07T010500Z.json,2012-03-07 01:35:00,2012-03-09 07:05:00,2012-03-07 04:05:00,69.272,1 / (cm2 s sr),5.8444,1 / (cm2 s sr),SEP Event
4619,SAWS-ASPECS CME_SOHO 90%,min.100.0.max.-1.0.units.MeV,threshold.1.0.units.1 / (cm2 s sr),False,min.100.0.max.-1.0.units.MeV,threshold.1.0.units.1 / (cm2 s sr),model/SEPVAL2023_Europe/ASPECS/aspecs_jsons/2023/10/31/cme_soho/SAWS_ASPECS_CME_SOHO_90.2012-03-13T165500Z.2012-03-13T162100Z.json,2012-03-13 16:55:00,2012-03-15 22:25:00,2012-03-13 18:10:00,1.8856,1 / (cm2 s sr),5.0142,1 / (cm2 s sr),SEP Event
4620,SAWS-ASPECS CME_SOHO 90%,min.100.0.max.-1.0.units.MeV,threshold.1.0.units.1 / (cm2 s sr),False,min.100.0.max.-1.0.units.MeV,threshold.1.0.units.1 / (cm2 s sr),model/SEPVAL2023_Europe/ASPECS/aspecs_jsons/2023/10/31/cme_soho/SAWS_ASPECS_CME_SOHO_90.2012-05-17T015500Z.2012-05-17T012500Z.json,2012-05-17 01:55:00,2012-05-19 07:25:00,2012-05-17 02:00:00,20.445,1 / (cm2 s sr),0.77202,1 / (cm2 s sr),SEP Event
4627,SAWS-ASPECS CME_SOHO 90%,min.100.0.max.-1.0.units.MeV,threshold.1.0.units.1 / (cm2 s sr),False,min.100.0.max.-1.0.units.MeV,threshold.1.0.units.1 / (cm2 s sr),model/SEPVAL2023_Europe/ASPECS/aspecs_jsons/2023/10/31/cme_soho/SAWS_ASPECS_CME_SOHO_90.2013-04-11T072500Z.2013-04-11T065500Z.json,2013-04-11 07:25:00,2013-04-13 12:55:00,2013-04-11 09:40:00,2.0297,1 / (cm2 s sr),3.1869,1 / (cm2 s sr),SEP Event
4628,SAWS-ASPECS CME_SOHO 90%,min.100.0.max.-1.0.units.MeV,threshold.1.0.units.1 / (cm2 s sr),False,min.100.0.max.-1.0.units.MeV,threshold.1.0.units.1 / (cm2 s sr),model/SEPVAL2023_Europe/ASPECS/aspecs_jsons/2023/10/31/cme_soho/SAWS_ASPECS_CME_SOHO_90.2013-05-22T130000Z.2013-05-22T123000Z.json,2013-05-22 13:00:00,2013-05-24 18:30:00,2013-05-22 14:35:00,3.5818,1 / (cm2 s sr),0.74082,1 / (cm2 s sr),SEP Event
4632,SAWS-ASPECS CME_SOHO 90%,min.100.0.max.-1.0.units.MeV,threshold.1.0.units.1 / (cm2 s sr),False,min.100.0.max.-1.0.units.MeV,threshold.1.0.units.1 / (cm2 s sr),model/SEPVAL2023_Europe/ASPECS/aspecs_jsons/2023/10/31/cme_soho/SAWS_ASPECS_CME_SOHO_90.2014-01-06T083000Z.2014-01-06T080000Z.json,2014-01-06 08:30:00,2014-01-08 14:00:00,2014-01-06 08:30:00,4.079,1 / (cm2 s sr),0.040186,1 / (cm2 s sr),SEP Event
4633,SAWS-ASPECS CME_SOHO 90%,min.100.0.max.-1.0.units.MeV,threshold.1.0.units.1 / (cm2 s sr),False,min.100.0.max.-1.0.units.MeV,threshold.1.0.units.1 / (cm2 s sr),model/SEPVAL2023_Europe/ASPECS/aspecs_jsons/2023/10/31/cme_soho/SAWS_ASPECS_CME_SOHO_90.2014-01-07T195000Z.2014-01-07T180400Z.json,2014-01-07 19:50:00,2014-01-10 00:49:00,2014-01-07 20:30:00,4.2687,1 / (cm2 s sr),5.8101,1 / (cm2 s sr),SEP Event
4644,SAWS-ASPECS CME_SOHO 90%,min.100.0.max.-1.0.units.MeV,threshold.1.0.units.1 / (cm2 s sr),False,min.100.0.max.-1.0.units.MeV,threshold.1.0.units.1 / (cm2 s sr),model/SEPVAL2023_Europe/ASPECS/aspecs_jsons/2023/10/31/cme_soho/SAWS_ASPECS_CME_SOHO_90.2015-10-29T031000Z.2015-10-29T023600Z.json,2015-10-29 03:10:00,2015-10-31 08:40:00,2015-10-29 04:35:00,2.0277,1 / (cm2 s sr),0.038971,1 / (cm2 s sr),SEP Event
4649,SAWS-ASPECS CME_SOHO 90%,min.100.0.max.-1.0.units.MeV,threshold.1.0.units.1 / (cm2 s sr),False,min.100.0.max.-1.0.units.MeV,threshold.1.0.units.1 / (cm2 s sr),model/SEPVAL2023_Europe/ASPECS/aspecs_jsons/2023/10/31/cme_soho/SAWS_ASPECS_CME_SOHO_90.2017-09-10T160500Z.2017-09-10T153500Z.json,2017-09-10 16:05:00,2017-09-12 21:35:00,2017-09-10 16:25:00,68.128,1 / (cm2 s sr),214.2,1 / (cm2 s sr),SEP Event
4651,SAWS-ASPECS CME_SOHO 90%,min.100.0.max.-1.0.units.MeV,threshold.1.0.units.1 / (cm2 s sr),False,min.100.0.max.-1.0.units.MeV,threshold.1.0.units.1 / (cm2 s sr),model/SEPVAL2023_Europe/ASPECS/aspecs_jsons/2023/10/31/cme_soho/SAWS_ASPECS_CME_SOHO_90.2021-10-28T155000Z.2021-10-28T151700Z.json,2021-10-28 15:50:00,2021-10-30 21:20:00,2021-10-28 16:35:00,7.327305,1 / (cm2 s sr),5.359,1 / (cm2 s sr),SEP Event
4655,SAWS-ASPECS CME_SOHO 90%,min.100.0.max.-1.0.units.MeV,threshold.1.0.units.1 / (cm2 s sr),False,min.100.0.max.-1.0.units.MeV,threshold.1.0.units.1 / (cm2 s sr),model/SEPVAL2023_Europe/ASPECS/aspecs_jsons/2023/10/31/cme_soho/SAWS_ASPECS_CME_SOHO_90.2022-01-20T061500Z.2022-01-20T054100Z.json,2022-01-20 06:15:00,2022-01-22 11:45:00,2022-01-20 07:45:00,1.126116,1 / (cm2 s sr),0.89589,1 / (cm2 s sr),SEP Event
4656,SAWS-ASPECS CME_SOHO 90%,min.100.0.max.-1.0.units.MeV,threshold.1.0.units.1 / (cm2 s sr),False,min.100.0.max.-1.0.units.MeV,threshold.1.0.units.1 / (cm2 s sr),model/SEPVAL2023_Europe/ASPECS/aspecs_jsons/2023/10/31/cme_soho/SAWS_ASPECS_CME_SOHO_90.2022-03-28T113000Z.2022-03-28T105800Z.json,2022-03-28 11:30:00,2022-03-30 17:00:00,2022-03-28 12:45:00,1.269069,1 / (cm2 s sr),0.37982,1 / (cm2 s sr),SEP Event
