,Model,Energy Channel Key,Threshold Key,Mismatch Allowed,Prediction Energy Channel Key,Prediction Threshold Key,Forecast Source,Prediction Window Start,Prediction Window End,Observed SEP Threshold Crossing Time,Observed SEP Peak Intensity Max (Max Flux),Observed SEP Peak Intensity Max (Max Flux) Units,Predicted SEP Peak Intensity Max (Max Flux),Predicted SEP Peak Intensity Max (Max Flux) Units,Peak Intensity Max Match Status
2305,ZEUS+iPATH_CME,min.10.0.max.-1.0.units.MeV,threshold.10.0.units.1 / (cm2 s sr),False,min.10.0.max.-1.0.units.MeV,threshold.10.0.units.1 / (cm2 s sr),./model/SEPVAL2023_Europe/iPATH/jsons/ZEUS+iPATH_CME_differential.2011-03-07T214120Z.2023-08-29T091225Z.json,2011-03-07 21:41:20,2011-03-10 20:41:20,2011-03-08 01:05:00,50.386,1 / (cm2 s sr),2555.6399261707643,1 / (cm2 s sr),SEP Event
2308,ZEUS+iPATH_CME,min.10.0.max.-1.0.units.MeV,threshold.10.0.units.1 / (cm2 s sr),False,min.10.0.max.-1.0.units.MeV,threshold.10.0.units.1 / (cm2 s sr),./model/SEPVAL2023_Europe/iPATH/jsons/ZEUS+iPATH_CME_differential.2011-08-04T054140Z.2023-08-29T091230Z.json,2011-08-04 05:41:40,2011-08-07 04:41:40,2011-08-04 06:35:00,96.379,1 / (cm2 s sr),3529.6472506014375,1 / (cm2 s sr),SEP Event
2310,ZEUS+iPATH_CME,min.10.0.max.-1.0.units.MeV,threshold.10.0.units.1 / (cm2 s sr),False,min.10.0.max.-1.0.units.MeV,threshold.10.0.units.1 / (cm2 s sr),./model/SEPVAL2023_Europe/iPATH/jsons/ZEUS+iPATH_CME_differential.2012-01-23T052640Z.2023-08-29T091235Z.json,2012-01-23 05:26:40,2012-01-26 04:26:40,2012-01-23 05:30:00,6314.1,1 / (cm2 s sr),17272.043081610263,1 / (cm2 s sr),SEP Event
2311,ZEUS+iPATH_CME,min.10.0.max.-1.0.units.MeV,threshold.10.0.units.1 / (cm2 s sr),False,min.10.0.max.-1.0.units.MeV,threshold.10.0.units.1 / (cm2 s sr),./model/SEPVAL2023_Europe/iPATH/jsons/ZEUS+iPATH_CME_differential.2012-01-27T184600Z.2023-08-29T091238Z.json,2012-01-27 18:46:00,2012-01-30 17:46:00,2012-01-27 19:05:00,795.55,1 / (cm2 s sr),1146.7699511655424,1 / (cm2 s sr),SEP Event
2318,ZEUS+iPATH_CME,min.10.0.max.-1.0.units.MeV,threshold.10.0.units.1 / (cm2 s sr),False,min.10.0.max.-1.0.units.MeV,threshold.10.0.units.1 / (cm2 s sr),./model/SEPVAL2023_Europe/iPATH/jsons/ZEUS+iPATH_CME_differential.2012-07-23T040720Z.2023-08-29T091245Z.json,2012-07-23 04:07:20,2012-07-26 03:07:20,2012-07-23 15:45:00,12.768,1 / (cm2 s sr),26.538439408057,1 / (cm2 s sr),SEP Event
2320,ZEUS+iPATH_CME,min.10.0.max.-1.0.units.MeV,threshold.10.0.units.1 / (cm2 s sr),False,min.10.0.max.-1.0.units.MeV,threshold.10.0.units.1 / (cm2 s sr),./model/SEPVAL2023_Europe/iPATH/jsons/ZEUS+iPATH_CME_differential.2013-04-11T100900Z.2023-08-29T091157Z.json,2013-04-11 10:09:00,2013-04-14 09:09:00,2013-04-11 10:55:00,113.55,1 / (cm2 s sr),0.39832126893314806,1 / (cm2 s sr),SEP Event
2323,ZEUS+iPATH_CME,min.10.0.max.-1.0.units.MeV,threshold.10.0.units.1 / (cm2 s sr),False,min.10.0.max.-1.0.units.MeV,threshold.10.0.units.1 / (cm2 s sr),./model/SEPVAL2023_Europe/iPATH/jsons/ZEUS+iPATH_CME_differential.2013-09-30T002640Z.2023-08-29T091252Z.json,2013-09-30 00:26:40,2013-10-02 23:26:40,2013-09-30 05:05:00,181.81,1 / (cm2 s sr),101.21203223652162,1 / (cm2 s sr),SEP Event
2326,ZEUS+iPATH_CME,min.10.0.max.-1.0.units.MeV,threshold.10.0.units.1 / (cm2 s sr),False,min.10.0.max.-1.0.units.MeV,threshold.10.0.units.1 / (cm2 s sr),./model/SEPVAL2023_Europe/iPATH/jsons/ZEUS+iPATH_CME_differential.2014-02-25T025340Z.2023-08-29T091255Z.json,2014-02-25 02:53:40,2014-02-28 01:53:40,2014-02-25 14:10:00,102.64,1 / (cm2 s sr),2.689234819369322,1 / (cm2 s sr),SEP Event
2327,ZEUS+iPATH_CME,min.10.0.max.-1.0.units.MeV,threshold.10.0.units.1 / (cm2 s sr),False,min.10.0.max.-1.0.units.MeV,threshold.10.0.units.1 / (cm2 s sr),./model/SEPVAL2023_Europe/iPATH/jsons/ZEUS+iPATH_CME_differential.2014-04-18T145320Z.2023-08-29T091257Z.json,2014-04-18 14:53:20,2014-04-21 13:53:20,2014-04-18 15:25:00,58.47,1 / (cm2 s sr),145.96549131798685,1 / (cm2 s sr),SEP Event
2328,ZEUS+iPATH_CME,min.10.0.max.-1.0.units.MeV,threshold.10.0.units.1 / (cm2 s sr),False,min.10.0.max.-1.0.units.MeV,threshold.10.0.units.1 / (cm2 s sr),./model/SEPVAL2023_Europe/iPATH/jsons/ZEUS+iPATH_CME_differential.2014-09-10T195200Z.2023-08-29T091300Z.json,2014-09-10 19:52:00,2014-09-13 18:52:00,2014-09-11 02:55:00,126.09,1 / (cm2 s sr),346.28511222133386,1 / (cm2 s sr),SEP Event
2335,ZEUS+iPATH_CME,min.10.0.max.-1.0.units.MeV,threshold.10.0.units.1 / (cm2 s sr),False,min.10.0.max.-1.0.units.MeV,threshold.10.0.units.1 / (cm2 s sr),./model/SEPVAL2023_Europe/iPATH/jsons/ZEUS+iPATH_CME_differential.2017-07-14T035340Z.2023-08-29T091155Z.json,2017-07-14 03:53:40,2017-07-17 02:53:40,2017-07-14 09:00:00,22.374,1 / (cm2 s sr),42.235062673669,1 / (cm2 s sr),SEP Event
2336,ZEUS+iPATH_CME,min.10.0.max.-1.0.units.MeV,threshold.10.0.units.1 / (cm2 s sr),False,min.10.0.max.-1.0.units.MeV,threshold.10.0.units.1 / (cm2 s sr),./model/SEPVAL2023_Europe/iPATH/jsons/ZEUS+iPATH_CME_differential.2017-09-04T222540Z.2023-08-29T091205Z.json,2017-09-04 22:25:40,2017-09-07 21:25:40,2017-09-05 00:40:00,210.19,1 / (cm2 s sr),233.6545394001027,1 / (cm2 s sr),SEP Event
2339,ZEUS+iPATH_CME,min.10.0.max.-1.0.units.MeV,threshold.10.0.units.1 / (cm2 s sr),False,min.10.0.max.-1.0.units.MeV,threshold.10.0.units.1 / (cm2 s sr),./model/SEPVAL2023_Europe/iPATH/jsons/ZEUS+iPATH_CME_differential.2021-05-29T013320Z.2023-08-29T091734Z.json,2021-05-29 01:33:20,2021-06-01 00:33:20,2021-05-29 03:00:00,15.560695,1 / (cm2 s sr),228.20977492193143,1 / (cm2 s sr),SEP Event
2344,ZEUS+iPATH_CME,min.10.0.max.-1.0.units.MeV,threshold.10.0.units.1 / (cm2 s sr),False,min.10.0.max.-1.0.units.MeV,threshold.10.0.units.1 / (cm2 s sr),./model/SEPVAL2023_Europe/iPATH/jsons/ZEUS+iPATH_CME_differential.2022-01-20T075700Z.2023-08-29T090708Z.json,2022-01-20 07:57:00,2022-01-23 06:57:00,2022-01-20 08:00:00,22.678768,1 / (cm2 s sr),43.89327954176203,1 / (cm2 s sr),SEP Event
2354,ZEUS+iPATH_CME,min.10.0.max.-1.0.units.MeV,threshold.10.0.units.1 / (cm2 s sr),False,min.10.0.max.-1.0.units.MeV,threshold.10.0.units.1 / (cm2 s sr),./model/SEPVAL2023_Europe/iPATH/jsons/ZEUS+iPATH_CME_differential.2022-08-27T041420Z.2023-08-29T090716Z.json,2022-08-27 04:14:20,2022-08-30 03:14:20,2022-08-27 11:55:00,27.487036,1 / (cm2 s sr),1812.4684934893155,1 / (cm2 s sr),SEP Event
