,Model,Energy Channel Key,Threshold Key,Mismatch Allowed,Prediction Energy Channel Key,Prediction Threshold Key,Forecast Source,Prediction Window Start,Prediction Window End,Observed SEP Threshold Crossing Time,Observed SEP Peak Intensity Max (Max Flux),Observed SEP Peak Intensity Max (Max Flux) Units,Predicted SEP Peak Intensity (Onset Peak),Predicted SEP Peak Intensity (Onset Peak) Units,Peak Intensity Match Status
3038,ADEPT-AFRL,min.10.0.max.-1.0.units.MeV,threshold.10.0.units.1 / (cm2 s sr),False,min.10.0.max.-1.0.units.MeV,threshold.10.0.units.1 / (cm2 s sr),model/SEPVAL2023_Europe/ADEPT/1hr/adept_forecast_1hr_110308_0800.json,2011-03-07 23:50:00,2011-03-09 14:40:00,2011-03-08 01:05:00,50.386,1 / (cm2 s sr),36.0,1 / (cm2 s sr),SEP Event
3040,ADEPT-AFRL,min.10.0.max.-1.0.units.MeV,threshold.10.0.units.1 / (cm2 s sr),False,min.10.0.max.-1.0.units.MeV,threshold.10.0.units.1 / (cm2 s sr),model/SEPVAL2023_Europe/ADEPT/1hr/adept_forecast_1hr_110805_2150.json,2011-08-04 05:35:00,2011-08-05 22:25:00,2011-08-04 06:35:00,96.379,1 / (cm2 s sr),85.0,1 / (cm2 s sr),SEP Event
3042,ADEPT-AFRL,min.10.0.max.-1.0.units.MeV,threshold.10.0.units.1 / (cm2 s sr),False,min.10.0.max.-1.0.units.MeV,threshold.10.0.units.1 / (cm2 s sr),model/SEPVAL2023_Europe/ADEPT/1hr/adept_forecast_1hr_120124_1530.json,2012-01-23 04:25:00,2012-01-24 22:40:00,2012-01-23 05:30:00,6314.1,1 / (cm2 s sr),9.0,1 / (cm2 s sr),SEP Event
3044,ADEPT-AFRL,min.10.0.max.-1.0.units.MeV,threshold.10.0.units.1 / (cm2 s sr),False,min.10.0.max.-1.0.units.MeV,threshold.10.0.units.1 / (cm2 s sr),model/SEPVAL2023_Europe/ADEPT/1hr/adept_forecast_1hr_120308_1115.json,2012-03-07 05:05:00,2012-03-08 19:05:00,2012-03-07 05:10:00,6529.8,1 / (cm2 s sr),227.0,1 / (cm2 s sr),SEP Event
3047,ADEPT-AFRL,min.10.0.max.-1.0.units.MeV,threshold.10.0.units.1 / (cm2 s sr),False,min.10.0.max.-1.0.units.MeV,threshold.10.0.units.1 / (cm2 s sr),model/SEPVAL2023_Europe/ADEPT/1hr/adept_forecast_1hr_120707_0745.json,2012-07-07 01:40:00,2012-07-08 17:45:00,2012-07-07 04:00:00,25.241,1 / (cm2 s sr),22.0,1 / (cm2 s sr),SEP Event
3049,ADEPT-AFRL,min.10.0.max.-1.0.units.MeV,threshold.10.0.units.1 / (cm2 s sr),False,min.10.0.max.-1.0.units.MeV,threshold.10.0.units.1 / (cm2 s sr),model/SEPVAL2023_Europe/ADEPT/1hr/adept_forecast_1hr_120723_2145.json,2012-07-23 09:55:00,2012-07-25 00:10:00,2012-07-23 15:45:00,12.768,1 / (cm2 s sr),22.0,1 / (cm2 s sr),SEP Event
3050,ADEPT-AFRL,min.10.0.max.-1.0.units.MeV,threshold.10.0.units.1 / (cm2 s sr),False,min.10.0.max.-1.0.units.MeV,threshold.10.0.units.1 / (cm2 s sr),model/SEPVAL2023_Europe/ADEPT/1hr/adept_forecast_1hr_120928_0445.json,2012-09-28 02:15:00,2012-09-29 18:35:00,2012-09-28 03:00:00,28.431,1 / (cm2 s sr),59.0,1 / (cm2 s sr),SEP Event
3051,ADEPT-AFRL,min.10.0.max.-1.0.units.MeV,threshold.10.0.units.1 / (cm2 s sr),False,min.10.0.max.-1.0.units.MeV,threshold.10.0.units.1 / (cm2 s sr),model/SEPVAL2023_Europe/ADEPT/1hr/adept_forecast_1hr_130411_1645.json,2013-04-11 09:50:00,2013-04-13 01:55:00,2013-04-11 10:55:00,113.55,1 / (cm2 s sr),75.0,1 / (cm2 s sr),SEP Event
3052,ADEPT-AFRL,min.10.0.max.-1.0.units.MeV,threshold.10.0.units.1 / (cm2 s sr),False,min.10.0.max.-1.0.units.MeV,threshold.10.0.units.1 / (cm2 s sr),model/SEPVAL2023_Europe/ADEPT/1hr/adept_forecast_1hr_130930_2005.json,2013-09-30 01:50:00,2013-10-01 18:20:00,2013-09-30 05:05:00,181.81,1 / (cm2 s sr),23.0,1 / (cm2 s sr),SEP Event
3053,ADEPT-AFRL,min.10.0.max.-1.0.units.MeV,threshold.10.0.units.1 / (cm2 s sr),False,min.10.0.max.-1.0.units.MeV,threshold.10.0.units.1 / (cm2 s sr),model/SEPVAL2023_Europe/ADEPT/1hr/adept_forecast_1hr_140106_1600.json,2014-01-06 09:15:00,2014-01-07 23:00:00,2014-01-06 09:15:00,42.17,1 / (cm2 s sr),59.0,1 / (cm2 s sr),SEP Event
3054,ADEPT-AFRL,min.10.0.max.-1.0.units.MeV,threshold.10.0.units.1 / (cm2 s sr),False,min.10.0.max.-1.0.units.MeV,threshold.10.0.units.1 / (cm2 s sr),model/SEPVAL2023_Europe/ADEPT/1hr/adept_forecast_1hr_140109_0340.json,2014-01-07 16:40:00,2014-01-09 13:10:00,2014-01-07 19:20:00,1026.1,1 / (cm2 s sr),5.0,1 / (cm2 s sr),SEP Event
3055,ADEPT-AFRL,min.10.0.max.-1.0.units.MeV,threshold.10.0.units.1 / (cm2 s sr),False,min.10.0.max.-1.0.units.MeV,threshold.10.0.units.1 / (cm2 s sr),model/SEPVAL2023_Europe/ADEPT/1hr/adept_forecast_1hr_140228_0845.json,2014-02-25 06:20:00,2014-02-26 20:05:00,2014-02-25 14:10:00,102.64,1 / (cm2 s sr),36.0,1 / (cm2 s sr),SEP Event
3056,ADEPT-AFRL,min.10.0.max.-1.0.units.MeV,threshold.10.0.units.1 / (cm2 s sr),False,min.10.0.max.-1.0.units.MeV,threshold.10.0.units.1 / (cm2 s sr),model/SEPVAL2023_Europe/ADEPT/1hr/adept_forecast_1hr_140419_0105.json,2014-04-18 14:55:00,2014-04-20 07:40:00,2014-04-18 15:25:00,58.47,1 / (cm2 s sr),59.0,1 / (cm2 s sr),SEP Event
3057,ADEPT-AFRL,min.10.0.max.-1.0.units.MeV,threshold.10.0.units.1 / (cm2 s sr),False,min.10.0.max.-1.0.units.MeV,threshold.10.0.units.1 / (cm2 s sr),model/SEPVAL2023_Europe/ADEPT/1hr/adept_forecast_1hr_140912_1555.json,2014-09-10 22:55:00,2014-09-12 12:10:00,2014-09-11 02:55:00,126.09,1 / (cm2 s sr),29.0,1 / (cm2 s sr),SEP Event
3058,ADEPT-AFRL,min.10.0.max.-1.0.units.MeV,threshold.10.0.units.1 / (cm2 s sr),False,min.10.0.max.-1.0.units.MeV,threshold.10.0.units.1 / (cm2 s sr),model/SEPVAL2023_Europe/ADEPT/1hr/adept_forecast_1hr_151029_1000.json,2015-10-29 04:30:00,2015-10-30 20:00:00,2015-10-29 05:50:00,23.508,1 / (cm2 s sr),21.0,1 / (cm2 s sr),SEP Event
3059,ADEPT-AFRL,min.10.0.max.-1.0.units.MeV,threshold.10.0.units.1 / (cm2 s sr),False,min.10.0.max.-1.0.units.MeV,threshold.10.0.units.1 / (cm2 s sr),model/SEPVAL2023_Europe/ADEPT/1hr/adept_forecast_1hr_170714_2320.json,2017-07-14 04:50:00,2017-07-15 12:00:00,2017-07-14 09:00:00,22.374,1 / (cm2 s sr),20.0,1 / (cm2 s sr),SEP Event
3060,ADEPT-AFRL,min.10.0.max.-1.0.units.MeV,threshold.10.0.units.1 / (cm2 s sr),False,min.10.0.max.-1.0.units.MeV,threshold.10.0.units.1 / (cm2 s sr),model/SEPVAL2023_Europe/ADEPT/1hr/adept_forecast_1hr_170905_1930.json,2017-09-04 23:45:00,2017-09-06 12:00:00,2017-09-05 00:40:00,210.19,1 / (cm2 s sr),55.0,1 / (cm2 s sr),SEP Event
3078,ADEPT-AFRL,min.10.0.max.-1.0.units.MeV,threshold.10.0.units.1 / (cm2 s sr),False,min.10.0.max.-1.0.units.MeV,threshold.10.0.units.1 / (cm2 s sr),model/SEPVAL2023_Europe/ADEPT/6hr/adept_forecast_6hr_140106_1600.json,2014-01-06 14:15:00,2014-01-07 23:00:00,2014-01-07 19:20:00,42.17,1 / (cm2 s sr),56.0,1 / (cm2 s sr),SEP Event
3080,ADEPT-AFRL,min.10.0.max.-1.0.units.MeV,threshold.10.0.units.1 / (cm2 s sr),False,min.10.0.max.-1.0.units.MeV,threshold.10.0.units.1 / (cm2 s sr),model/SEPVAL2023_Europe/ADEPT/6hr/adept_forecast_6hr_140228_0845.json,2014-02-25 11:20:00,2014-02-26 20:05:00,2014-02-25 14:10:00,102.64,1 / (cm2 s sr),12.0,1 / (cm2 s sr),SEP Event
