,Model,Energy Channel Key,Threshold Key,Mismatch Allowed,Prediction Energy Channel Key,Prediction Threshold Key,Forecast Source,Prediction Window Start,Prediction Window End,Observed SEP Threshold Crossing Time,Observed SEP Peak Intensity Max (Max Flux) Time,Predicted SEP Peak Intensity Max (Max Flux) Time,Peak Intensity Max Match Status
8964,SEPSAT,min.100.0.max.-1.0.units.MeV,threshold.1.0.units.1 / (cm2 s sr),False,min.100.0.max.-1.0.units.MeV,threshold.1.0.units.1 / (cm2 s sr),model/SEPVAL2023_Europe/Zhang/SEPSAT/events/SEPSAT_differential.2011-06-07T062400Z.2023-10-26T115958Z.json,2011-06-07 06:24:00,2011-06-08 06:24:00,2011-06-07 07:20:00,2011-06-07 10:25:00,2011-06-07 06:24:00,SEP Event
8965,SEPSAT,min.100.0.max.-1.0.units.MeV,threshold.1.0.units.1 / (cm2 s sr),False,min.100.0.max.-1.0.units.MeV,threshold.1.0.units.1 / (cm2 s sr),model/SEPVAL2023_Europe/Zhang/SEPSAT/events/SEPSAT_differential.2011-08-04T035359Z.2023-10-26T120000Z.json,2011-08-04 03:53:59,2011-08-05 03:53:59,2011-08-04 05:10:00,2011-08-04 07:40:00,2011-08-04 03:53:59,SEP Event
8966,SEPSAT,min.100.0.max.-1.0.units.MeV,threshold.1.0.units.1 / (cm2 s sr),False,min.100.0.max.-1.0.units.MeV,threshold.1.0.units.1 / (cm2 s sr),model/SEPVAL2023_Europe/Zhang/SEPSAT/events/SEPSAT_differential.2011-08-09T075400Z.2023-10-26T120003Z.json,2011-08-09 07:54:00,2011-08-10 07:54:00,2011-08-09 08:25:00,2011-08-09 08:55:00,2011-08-09 07:54:00,SEP Event
8967,SEPSAT,min.100.0.max.-1.0.units.MeV,threshold.1.0.units.1 / (cm2 s sr),False,min.100.0.max.-1.0.units.MeV,threshold.1.0.units.1 / (cm2 s sr),model/SEPVAL2023_Europe/Zhang/SEPSAT/events/SEPSAT_differential.2012-01-23T035400Z.2023-10-26T120005Z.json,2012-01-23 03:54:00,2012-01-24 03:54:00,2012-01-23 04:45:00,2012-01-23 07:50:00,2012-01-23 03:54:00,SEP Event
8968,SEPSAT,min.100.0.max.-1.0.units.MeV,threshold.1.0.units.1 / (cm2 s sr),False,min.100.0.max.-1.0.units.MeV,threshold.1.0.units.1 / (cm2 s sr),model/SEPVAL2023_Europe/Zhang/SEPSAT/events/SEPSAT_differential.2012-01-27T183359Z.2023-10-26T120008Z.json,2012-01-27 18:33:59,2012-01-28 18:33:59,2012-01-27 19:00:00,2012-01-27 21:40:00,2012-01-27 18:33:59,SEP Event
8969,SEPSAT,min.100.0.max.-1.0.units.MeV,threshold.1.0.units.1 / (cm2 s sr),False,min.100.0.max.-1.0.units.MeV,threshold.1.0.units.1 / (cm2 s sr),model/SEPVAL2023_Europe/Zhang/SEPSAT/events/SEPSAT_differential.2012-03-07aT011400Z.2023-10-26T115913Z.json,2012-03-07 01:14:00,2012-03-08 01:14:00,2012-03-07 04:05:00,2012-03-07 15:25:00,2012-03-07 01:14:00,SEP Event
8970,SEPSAT,min.100.0.max.-1.0.units.MeV,threshold.1.0.units.1 / (cm2 s sr),False,min.100.0.max.-1.0.units.MeV,threshold.1.0.units.1 / (cm2 s sr),model/SEPVAL2023_Europe/Zhang/SEPSAT/events/SEPSAT_differential.2012-03-07bT011400Z.2023-10-26T115916Z.json,2012-03-07 01:14:00,2012-03-08 01:14:00,2012-03-07 04:05:00,2012-03-07 15:25:00,2012-03-07 01:14:00,SEP Event
8971,SEPSAT,min.100.0.max.-1.0.units.MeV,threshold.1.0.units.1 / (cm2 s sr),False,min.100.0.max.-1.0.units.MeV,threshold.1.0.units.1 / (cm2 s sr),model/SEPVAL2023_Europe/Zhang/SEPSAT/events/SEPSAT_differential.2012-03-13T172359Z.2023-10-26T120010Z.json,2012-03-13 17:23:59,2012-03-14 17:23:59,2012-03-13 18:10:00,2012-03-13 19:05:00,2012-03-13 17:23:59,SEP Event
8972,SEPSAT,min.100.0.max.-1.0.units.MeV,threshold.1.0.units.1 / (cm2 s sr),False,min.100.0.max.-1.0.units.MeV,threshold.1.0.units.1 / (cm2 s sr),model/SEPVAL2023_Europe/Zhang/SEPSAT/events/SEPSAT_differential.2012-05-17T015400Z.2023-10-26T115918Z.json,2012-05-17 01:54:00,2012-05-18 01:54:00,2012-05-17 02:00:00,2012-05-17 02:30:00,2012-05-17 01:54:00,SEP Event
8977,SEPSAT,min.100.0.max.-1.0.units.MeV,threshold.1.0.units.1 / (cm2 s sr),False,min.100.0.max.-1.0.units.MeV,threshold.1.0.units.1 / (cm2 s sr),model/SEPVAL2023_Europe/Zhang/SEPSAT/events/SEPSAT_differential.2013-04-11T073400Z.2023-10-26T115923Z.json,2013-04-11 07:34:00,2013-04-12 07:34:00,2013-04-11 09:40:00,2013-04-11 14:00:00,2013-04-11 07:34:00,SEP Event
8978,SEPSAT,min.100.0.max.-1.0.units.MeV,threshold.1.0.units.1 / (cm2 s sr),False,min.100.0.max.-1.0.units.MeV,threshold.1.0.units.1 / (cm2 s sr),model/SEPVAL2023_Europe/Zhang/SEPSAT/events/SEPSAT_differential.2013-05-22T131400Z.2023-10-26T120020Z.json,2013-05-22 13:14:00,2013-05-23 13:14:00,2013-05-22 14:35:00,2013-05-22 18:30:00,2013-05-22 13:14:00,SEP Event
8981,SEPSAT,min.100.0.max.-1.0.units.MeV,threshold.1.0.units.1 / (cm2 s sr),False,min.100.0.max.-1.0.units.MeV,threshold.1.0.units.1 / (cm2 s sr),model/SEPVAL2023_Europe/Zhang/SEPSAT/events/SEPSAT_differential.2014-01-07T191400Z.2023-10-26T115928Z.json,2014-01-07 19:14:00,2014-01-08 19:14:00,2014-01-07 20:30:00,2014-01-07 22:40:00,2014-01-07 19:14:00,SEP Event
8985,SEPSAT,min.100.0.max.-1.0.units.MeV,threshold.1.0.units.1 / (cm2 s sr),False,min.100.0.max.-1.0.units.MeV,threshold.1.0.units.1 / (cm2 s sr),model/SEPVAL2023_Europe/Zhang/SEPSAT/events/SEPSAT_differential.2015-10-29T011400Z.2023-10-26T120033Z.json,2015-10-29 01:14:00,2015-10-30 01:14:00,2015-10-29 04:35:00,2015-10-29 06:10:00,2015-10-29 01:14:00,SEP Event
8989,SEPSAT,min.100.0.max.-1.0.units.MeV,threshold.1.0.units.1 / (cm2 s sr),False,min.100.0.max.-1.0.units.MeV,threshold.1.0.units.1 / (cm2 s sr),model/SEPVAL2023_Europe/Zhang/SEPSAT/events/SEPSAT_differential.2017-09-10T160400Z.2023-10-26T115938Z.json,2017-09-10 16:04:00,2017-09-11 16:04:00,2017-09-10 16:25:00,2017-09-10 22:15:00,2017-09-10 16:04:00,SEP Event
8991,SEPSAT,min.100.0.max.-1.0.units.MeV,threshold.1.0.units.1 / (cm2 s sr),False,min.100.0.max.-1.0.units.MeV,threshold.1.0.units.1 / (cm2 s sr),model/SEPVAL2023_Europe/Zhang/SEPSAT/events/SEPSAT_differential.2021-10-28T154400Z.2023-10-26T115942Z.json,2021-10-28 15:44:00,2021-10-29 15:44:00,2021-10-28 16:35:00,2021-10-28 18:15:00,2021-10-28 15:44:00,SEP Event
8992,SEPSAT,min.100.0.max.-1.0.units.MeV,threshold.1.0.units.1 / (cm2 s sr),False,min.100.0.max.-1.0.units.MeV,threshold.1.0.units.1 / (cm2 s sr),model/SEPVAL2023_Europe/Zhang/SEPSAT/events/SEPSAT_differential.2022-01-20T060400Z.2023-10-26T115944Z.json,2022-01-20 06:04:00,2022-01-21 06:04:00,2022-01-20 07:45:00,2022-01-20 08:50:00,2022-01-20 06:04:00,SEP Event
8993,SEPSAT,min.100.0.max.-1.0.units.MeV,threshold.1.0.units.1 / (cm2 s sr),False,min.100.0.max.-1.0.units.MeV,threshold.1.0.units.1 / (cm2 s sr),model/SEPVAL2023_Europe/Zhang/SEPSAT/events/SEPSAT_differential.2022-03-28T111400Z.2023-10-26T115946Z.json,2022-03-28 11:14:00,2022-03-29 11:14:00,2022-03-28 12:45:00,2022-03-28 13:25:00,2022-03-28 11:14:00,SEP Event
