,Model,Energy Channel Key,Threshold Key,Mismatch Allowed,Prediction Energy Channel Key,Prediction Threshold Key,Forecast Source,Prediction Window Start,Prediction Window End,Observed SEP Threshold Crossing Time,Observed SEP Peak Intensity Max (Max Flux),Observed SEP Peak Intensity Max (Max Flux) Units,Predicted SEP Peak Intensity (Onset Peak),Predicted SEP Peak Intensity (Onset Peak) Units,Peak Intensity Match Status
63,COMESEP flare only,min.10.0.max.-1.0.units.MeV,threshold.10.0.units.1 / (cm2 s sr),False,min.10.0.max.-1.0.units.MeV,threshold.10.0.units.1 / (cm2 s sr),./model/SEPVAL2023_Europe/COMESEP/preSHINE_May_2023_COMESEP_SEPForecast_flare_only_evt_000.json,2023-02-25 19:54:00,2023-02-27 19:44:00,2023-02-25 21:10:00,58.818619,1 / (cm2 s sr),29.512092266663856,1 / (cm2 s sr),SEP Event
67,COMESEP flare only,min.10.0.max.-1.0.units.MeV,threshold.10.0.units.1 / (cm2 s sr),False,min.10.0.max.-1.0.units.MeV,threshold.10.0.units.1 / (cm2 s sr),./model/SEPVAL2023_Europe/COMESEP/preSHINE_May_2023_COMESEP_SEPForecast_flare_only_evt_004.json,2011-03-07 20:22:00,2011-03-09 20:12:00,2011-03-08 01:05:00,50.386,1 / (cm2 s sr),29.512092266663856,1 / (cm2 s sr),SEP Event
69,COMESEP flare only,min.10.0.max.-1.0.units.MeV,threshold.10.0.units.1 / (cm2 s sr),False,min.10.0.max.-1.0.units.MeV,threshold.10.0.units.1 / (cm2 s sr),./model/SEPVAL2023_Europe/COMESEP/preSHINE_May_2023_COMESEP_SEPForecast_flare_only_evt_006.json,2011-06-07 06:51:00,2011-06-09 06:41:00,2011-06-07 08:20:00,72.866,1 / (cm2 s sr),17.378008287493753,1 / (cm2 s sr),SEP Event
70,COMESEP flare only,min.10.0.max.-1.0.units.MeV,threshold.10.0.units.1 / (cm2 s sr),False,min.10.0.max.-1.0.units.MeV,threshold.10.0.units.1 / (cm2 s sr),./model/SEPVAL2023_Europe/COMESEP/preSHINE_May_2023_COMESEP_SEPForecast_flare_only_evt_007.json,2011-08-04 04:07:00,2011-08-06 03:57:00,2011-08-04 06:35:00,96.379,1 / (cm2 s sr),75.85775750291836,1 / (cm2 s sr),SEP Event
71,COMESEP flare only,min.10.0.max.-1.0.units.MeV,threshold.10.0.units.1 / (cm2 s sr),False,min.10.0.max.-1.0.units.MeV,threshold.10.0.units.1 / (cm2 s sr),./model/SEPVAL2023_Europe/COMESEP/preSHINE_May_2023_COMESEP_SEPForecast_flare_only_evt_008.json,2011-08-09 08:15:00,2011-08-11 08:05:00,2011-08-09 08:45:00,26.919,1 / (cm2 s sr),1047.1285480508996,1 / (cm2 s sr),SEP Event
72,COMESEP flare only,min.10.0.max.-1.0.units.MeV,threshold.10.0.units.1 / (cm2 s sr),False,min.10.0.max.-1.0.units.MeV,threshold.10.0.units.1 / (cm2 s sr),./model/SEPVAL2023_Europe/COMESEP/preSHINE_May_2023_COMESEP_SEPForecast_flare_only_evt_009.json,2012-01-23 04:09:00,2012-01-25 03:59:00,2012-01-23 05:30:00,6314.1,1 / (cm2 s sr),75.85775750291836,1 / (cm2 s sr),SEP Event
73,COMESEP flare only,min.10.0.max.-1.0.units.MeV,threshold.10.0.units.1 / (cm2 s sr),False,min.10.0.max.-1.0.units.MeV,threshold.10.0.units.1 / (cm2 s sr),./model/SEPVAL2023_Europe/COMESEP/preSHINE_May_2023_COMESEP_SEPForecast_flare_only_evt_010.json,2012-01-27 18:47:00,2012-01-29 18:37:00,2012-01-27 19:05:00,795.55,1 / (cm2 s sr),104.71285480508996,1 / (cm2 s sr),SEP Event
76,COMESEP flare only,min.10.0.max.-1.0.units.MeV,threshold.10.0.units.1 / (cm2 s sr),False,min.10.0.max.-1.0.units.MeV,threshold.10.0.units.1 / (cm2 s sr),./model/SEPVAL2023_Europe/COMESEP/preSHINE_May_2023_COMESEP_SEPForecast_flare_only_evt_013.json,2012-03-07 00:34:00,2012-03-09 00:24:00,2012-03-07 05:10:00,6529.8,1 / (cm2 s sr),1047.1285480508996,1 / (cm2 s sr),SEP Event
77,COMESEP flare only,min.10.0.max.-1.0.units.MeV,threshold.10.0.units.1 / (cm2 s sr),False,min.10.0.max.-1.0.units.MeV,threshold.10.0.units.1 / (cm2 s sr),./model/SEPVAL2023_Europe/COMESEP/preSHINE_May_2023_COMESEP_SEPForecast_flare_only_evt_014.json,2012-03-13 17:51:00,2012-03-15 17:41:00,2012-03-13 18:10:00,468.77,1 / (cm2 s sr),75.85775750291836,1 / (cm2 s sr),SEP Event
78,COMESEP flare only,min.10.0.max.-1.0.units.MeV,threshold.10.0.units.1 / (cm2 s sr),False,min.10.0.max.-1.0.units.MeV,threshold.10.0.units.1 / (cm2 s sr),./model/SEPVAL2023_Europe/COMESEP/preSHINE_May_2023_COMESEP_SEPForecast_flare_only_evt_015.json,2012-05-17 01:57:00,2012-05-19 01:47:00,2012-05-17 02:10:00,255.44,1 / (cm2 s sr),29.512092266663856,1 / (cm2 s sr),SEP Event
81,COMESEP flare only,min.10.0.max.-1.0.units.MeV,threshold.10.0.units.1 / (cm2 s sr),False,min.10.0.max.-1.0.units.MeV,threshold.10.0.units.1 / (cm2 s sr),./model/SEPVAL2023_Europe/COMESEP/preSHINE_May_2023_COMESEP_SEPForecast_flare_only_evt_018.json,2012-07-06 23:18:00,2012-07-08 23:08:00,2012-07-07 04:00:00,25.241,1 / (cm2 s sr),75.85775750291836,1 / (cm2 s sr),SEP Event
82,COMESEP flare only,min.10.0.max.-1.0.units.MeV,threshold.10.0.units.1 / (cm2 s sr),False,min.10.0.max.-1.0.units.MeV,threshold.10.0.units.1 / (cm2 s sr),./model/SEPVAL2023_Europe/COMESEP/preSHINE_May_2023_COMESEP_SEPForecast_flare_only_evt_019.json,2012-07-12 16:59:00,2012-07-14 16:49:00,2012-07-12 18:35:00,96.08,1 / (cm2 s sr),75.85775750291836,1 / (cm2 s sr),SEP Event
84,COMESEP flare only,min.10.0.max.-1.0.units.MeV,threshold.10.0.units.1 / (cm2 s sr),False,min.10.0.max.-1.0.units.MeV,threshold.10.0.units.1 / (cm2 s sr),./model/SEPVAL2023_Europe/COMESEP/preSHINE_May_2023_COMESEP_SEPForecast_flare_only_evt_022.json,2013-04-11 07:26:00,2013-04-13 07:16:00,2013-04-11 10:55:00,113.55,1 / (cm2 s sr),75.85775750291836,1 / (cm2 s sr),SEP Event
85,COMESEP flare only,min.10.0.max.-1.0.units.MeV,threshold.10.0.units.1 / (cm2 s sr),False,min.10.0.max.-1.0.units.MeV,threshold.10.0.units.1 / (cm2 s sr),./model/SEPVAL2023_Europe/COMESEP/preSHINE_May_2023_COMESEP_SEPForecast_flare_only_evt_023.json,2013-05-22 13:48:00,2013-05-24 13:38:00,2013-05-22 14:35:00,1655.4,1 / (cm2 s sr),29.512092266663856,1 / (cm2 s sr),SEP Event
89,COMESEP flare only,min.10.0.max.-1.0.units.MeV,threshold.10.0.units.1 / (cm2 s sr),False,min.10.0.max.-1.0.units.MeV,threshold.10.0.units.1 / (cm2 s sr),./model/SEPVAL2023_Europe/COMESEP/preSHINE_May_2023_COMESEP_SEPForecast_flare_only_evt_028.json,2014-01-07 18:42:00,2014-01-09 18:32:00,2014-01-07 19:20:00,1026.1,1 / (cm2 s sr),75.85775750291836,1 / (cm2 s sr),SEP Event
90,COMESEP flare only,min.10.0.max.-1.0.units.MeV,threshold.10.0.units.1 / (cm2 s sr),False,min.10.0.max.-1.0.units.MeV,threshold.10.0.units.1 / (cm2 s sr),./model/SEPVAL2023_Europe/COMESEP/preSHINE_May_2023_COMESEP_SEPForecast_flare_only_evt_029.json,2014-02-25 00:59:00,2014-02-27 00:49:00,2014-02-25 14:10:00,102.64,1 / (cm2 s sr),104.71285480508996,1 / (cm2 s sr),SEP Event
91,COMESEP flare only,min.10.0.max.-1.0.units.MeV,threshold.10.0.units.1 / (cm2 s sr),False,min.10.0.max.-1.0.units.MeV,threshold.10.0.units.1 / (cm2 s sr),./model/SEPVAL2023_Europe/COMESEP/preSHINE_May_2023_COMESEP_SEPForecast_flare_only_evt_030.json,2014-04-18 13:13:00,2014-04-20 13:03:00,2014-04-18 15:25:00,58.47,1 / (cm2 s sr),75.85775750291836,1 / (cm2 s sr),SEP Event
93,COMESEP flare only,min.10.0.max.-1.0.units.MeV,threshold.10.0.units.1 / (cm2 s sr),False,min.10.0.max.-1.0.units.MeV,threshold.10.0.units.1 / (cm2 s sr),./model/SEPVAL2023_Europe/COMESEP/preSHINE_May_2023_COMESEP_SEPForecast_flare_only_evt_032.json,2014-09-10 17:55:00,2014-09-12 17:45:00,2014-09-11 02:55:00,126.09,1 / (cm2 s sr),104.71285480508996,1 / (cm2 s sr),SEP Event
101,COMESEP flare only,min.10.0.max.-1.0.units.MeV,threshold.10.0.units.1 / (cm2 s sr),False,min.10.0.max.-1.0.units.MeV,threshold.10.0.units.1 / (cm2 s sr),./model/SEPVAL2023_Europe/COMESEP/preSHINE_May_2023_COMESEP_SEPForecast_flare_only_evt_041.json,2017-07-14 02:19:00,2017-07-16 02:09:00,2017-07-14 09:00:00,22.374,1 / (cm2 s sr),17.378008287493753,1 / (cm2 s sr),SEP Event
102,COMESEP flare only,min.10.0.max.-1.0.units.MeV,threshold.10.0.units.1 / (cm2 s sr),False,min.10.0.max.-1.0.units.MeV,threshold.10.0.units.1 / (cm2 s sr),./model/SEPVAL2023_Europe/COMESEP/preSHINE_May_2023_COMESEP_SEPForecast_flare_only_evt_042.json,2017-09-04 20:43:00,2017-09-06 20:33:00,2017-09-05 00:40:00,210.19,1 / (cm2 s sr),29.512092266663856,1 / (cm2 s sr),SEP Event
104,COMESEP flare only,min.10.0.max.-1.0.units.MeV,threshold.10.0.units.1 / (cm2 s sr),False,min.10.0.max.-1.0.units.MeV,threshold.10.0.units.1 / (cm2 s sr),./model/SEPVAL2023_Europe/COMESEP/preSHINE_May_2023_COMESEP_SEPForecast_flare_only_evt_044.json,2017-09-10 16:16:00,2017-09-12 16:06:00,2017-09-10 16:45:00,1493.5,1 / (cm2 s sr),1047.1285480508996,1 / (cm2 s sr),SEP Event
106,COMESEP flare only,min.10.0.max.-1.0.units.MeV,threshold.10.0.units.1 / (cm2 s sr),False,min.10.0.max.-1.0.units.MeV,threshold.10.0.units.1 / (cm2 s sr),./model/SEPVAL2023_Europe/COMESEP/preSHINE_May_2023_COMESEP_SEPForecast_flare_only_evt_046.json,2021-10-28 15:45:00,2021-10-30 15:35:00,2021-10-28 17:40:00,28.950766,1 / (cm2 s sr),75.85775750291836,1 / (cm2 s sr),SEP Event
110,COMESEP flare only,min.10.0.max.-1.0.units.MeV,threshold.10.0.units.1 / (cm2 s sr),False,min.10.0.max.-1.0.units.MeV,threshold.10.0.units.1 / (cm2 s sr),./model/SEPVAL2023_Europe/COMESEP/preSHINE_May_2023_COMESEP_SEPForecast_flare_only_evt_050.json,2022-01-20 06:11:00,2022-01-22 06:01:00,2022-01-20 08:00:00,22.678768,1 / (cm2 s sr),29.512092266663856,1 / (cm2 s sr),SEP Event
111,COMESEP flare only,min.10.0.max.-1.0.units.MeV,threshold.10.0.units.1 / (cm2 s sr),False,min.10.0.max.-1.0.units.MeV,threshold.10.0.units.1 / (cm2 s sr),./model/SEPVAL2023_Europe/COMESEP/preSHINE_May_2023_COMESEP_SEPForecast_flare_only_evt_051.json,2022-03-28 11:39:00,2022-03-30 11:29:00,2022-03-28 13:25:00,18.683397,1 / (cm2 s sr),29.512092266663856,1 / (cm2 s sr),SEP Event
112,COMESEP flare only,min.10.0.max.-1.0.units.MeV,threshold.10.0.units.1 / (cm2 s sr),False,min.10.0.max.-1.0.units.MeV,threshold.10.0.units.1 / (cm2 s sr),./model/SEPVAL2023_Europe/COMESEP/preSHINE_May_2023_COMESEP_SEPForecast_flare_only_evt_052.json,2022-04-02 14:05:00,2022-04-04 13:55:00,2022-04-02 14:40:00,32.182705,1 / (cm2 s sr),29.512092266663856,1 / (cm2 s sr),SEP Event
120,COMESEP flare only,min.10.0.max.-1.0.units.MeV,threshold.10.0.units.1 / (cm2 s sr),False,min.10.0.max.-1.0.units.MeV,threshold.10.0.units.1 / (cm2 s sr),./model/SEPVAL2023_Europe/COMESEP/preSHINE_May_2023_COMESEP_SEPForecast_flare_only_evt_060.json,2022-08-27 02:50:00,2022-08-29 02:40:00,2022-08-27 11:55:00,27.487036,1 / (cm2 s sr),29.512092266663856,1 / (cm2 s sr),SEP Event
