,Model,Energy Channel Key,Threshold Key,Mismatch Allowed,Prediction Energy Channel Key,Prediction Threshold Key,Forecast Source,Prediction Window Start,Prediction Window End,Observed SEP Threshold Crossing Time,Observed SEP Peak Intensity Max (Max Flux),Observed SEP Peak Intensity Max (Max Flux) Units,Predicted SEP Peak Intensity Max (Max Flux),Predicted SEP Peak Intensity Max (Max Flux) Units,Peak Intensity Max Match Status
2711,SEPMOD,min.50.0.max.-1.0.units.MeV,threshold.1.0.units.1 / (cm2 s sr),False,min.50.0.max.-1.0.units.MeV,threshold.1.0.units.1 / (cm2 s sr),model/SEPVAL2023_Europe/ENLIL+SEPMOD/jsons/SEPMOD_integral.2011-06-07T003000Z.json,2011-06-07 00:30:00,2011-06-13 23:30:00,2011-06-07 07:15:00,14.403,1 / (cm2 s sr),1.307,1 / (cm2 s sr),SEP Event
2712,SEPMOD,min.50.0.max.-1.0.units.MeV,threshold.1.0.units.1 / (cm2 s sr),False,min.50.0.max.-1.0.units.MeV,threshold.1.0.units.1 / (cm2 s sr),model/SEPVAL2023_Europe/ENLIL+SEPMOD/jsons/SEPMOD_integral.2011-08-04T003000Z.json,2011-08-04 00:30:00,2011-08-10 23:30:00,2011-08-04 04:55:00,8.4293,1 / (cm2 s sr),27.9,1 / (cm2 s sr),SEP Event
2713,SEPMOD,min.50.0.max.-1.0.units.MeV,threshold.1.0.units.1 / (cm2 s sr),False,min.50.0.max.-1.0.units.MeV,threshold.1.0.units.1 / (cm2 s sr),model/SEPVAL2023_Europe/ENLIL+SEPMOD/jsons/SEPMOD_integral.2011-08-09T003000Z.json,2011-08-09 00:30:00,2011-08-15 23:30:00,2011-08-09 08:25:00,8.6474,1 / (cm2 s sr),0.0,1 / (cm2 s sr),SEP Event
2714,SEPMOD,min.50.0.max.-1.0.units.MeV,threshold.1.0.units.1 / (cm2 s sr),False,min.50.0.max.-1.0.units.MeV,threshold.1.0.units.1 / (cm2 s sr),model/SEPVAL2023_Europe/ENLIL+SEPMOD/jsons/SEPMOD_integral.2012-01-23T003000Z.json,2012-01-23 00:30:00,2012-01-29 23:30:00,2012-01-23 04:45:00,76.18,1 / (cm2 s sr),3.463,1 / (cm2 s sr),SEP Event
2715,SEPMOD,min.50.0.max.-1.0.units.MeV,threshold.1.0.units.1 / (cm2 s sr),False,min.50.0.max.-1.0.units.MeV,threshold.1.0.units.1 / (cm2 s sr),model/SEPVAL2023_Europe/ENLIL+SEPMOD/jsons/SEPMOD_integral.2012-01-27T003000Z.json,2012-01-27 00:30:00,2012-02-02 23:30:00,2012-01-27 19:00:00,47.197,1 / (cm2 s sr),2.769,1 / (cm2 s sr),SEP Event
2718,SEPMOD,min.50.0.max.-1.0.units.MeV,threshold.1.0.units.1 / (cm2 s sr),False,min.50.0.max.-1.0.units.MeV,threshold.1.0.units.1 / (cm2 s sr),model/SEPVAL2023_Europe/ENLIL+SEPMOD/jsons/SEPMOD_integral.2012-03-07T003000Z.json,2012-03-07 00:30:00,2012-03-13 23:30:00,2012-03-07 03:50:00,299.6,1 / (cm2 s sr),0.5396,1 / (cm2 s sr),SEP Event
2719,SEPMOD,min.50.0.max.-1.0.units.MeV,threshold.1.0.units.1 / (cm2 s sr),False,min.50.0.max.-1.0.units.MeV,threshold.1.0.units.1 / (cm2 s sr),model/SEPVAL2023_Europe/ENLIL+SEPMOD/jsons/SEPMOD_integral.2012-03-13T003000Z.json,2012-03-13 00:30:00,2012-03-19 23:30:00,2012-03-13 18:05:00,17.867,1 / (cm2 s sr),84.93,1 / (cm2 s sr),SEP Event
2720,SEPMOD,min.50.0.max.-1.0.units.MeV,threshold.1.0.units.1 / (cm2 s sr),False,min.50.0.max.-1.0.units.MeV,threshold.1.0.units.1 / (cm2 s sr),model/SEPVAL2023_Europe/ENLIL+SEPMOD/jsons/SEPMOD_integral.2012-05-17T003000Z.json,2012-05-17 00:30:00,2012-05-23 23:30:00,2012-05-17 02:00:00,78.292,1 / (cm2 s sr),1.339,1 / (cm2 s sr),SEP Event
2723,SEPMOD,min.50.0.max.-1.0.units.MeV,threshold.1.0.units.1 / (cm2 s sr),False,min.50.0.max.-1.0.units.MeV,threshold.1.0.units.1 / (cm2 s sr),model/SEPVAL2023_Europe/ENLIL+SEPMOD/jsons/SEPMOD_integral.2012-07-07T003000Z.json,2012-07-07 00:30:00,2012-07-13 23:30:00,2012-07-07 04:10:00,1.8279,1 / (cm2 s sr),0.0,1 / (cm2 s sr),SEP Event
2726,SEPMOD,min.50.0.max.-1.0.units.MeV,threshold.1.0.units.1 / (cm2 s sr),False,min.50.0.max.-1.0.units.MeV,threshold.1.0.units.1 / (cm2 s sr),model/SEPVAL2023_Europe/ENLIL+SEPMOD/jsons/SEPMOD_integral.2013-04-11T003000Z.json,2013-04-11 00:30:00,2013-04-17 23:30:00,2013-04-11 09:10:00,8.419,1 / (cm2 s sr),0.002581,1 / (cm2 s sr),SEP Event
2727,SEPMOD,min.50.0.max.-1.0.units.MeV,threshold.1.0.units.1 / (cm2 s sr),False,min.50.0.max.-1.0.units.MeV,threshold.1.0.units.1 / (cm2 s sr),model/SEPVAL2023_Europe/ENLIL+SEPMOD/jsons/SEPMOD_integral.2013-05-22T003000Z.json,2013-05-22 00:30:00,2013-05-28 23:30:00,2013-05-22 14:30:00,22.896,1 / (cm2 s sr),74.2,1 / (cm2 s sr),SEP Event
2730,SEPMOD,min.50.0.max.-1.0.units.MeV,threshold.1.0.units.1 / (cm2 s sr),False,min.50.0.max.-1.0.units.MeV,threshold.1.0.units.1 / (cm2 s sr),model/SEPVAL2023_Europe/ENLIL+SEPMOD/jsons/SEPMOD_integral.2013-09-29T003000Z.json,2013-09-29 00:30:00,2013-10-05 23:30:00,2013-09-30 05:10:00,1.8281,1 / (cm2 s sr),1.088,1 / (cm2 s sr),SEP Event
2731,SEPMOD,min.50.0.max.-1.0.units.MeV,threshold.1.0.units.1 / (cm2 s sr),False,min.50.0.max.-1.0.units.MeV,threshold.1.0.units.1 / (cm2 s sr),model/SEPVAL2023_Europe/ENLIL+SEPMOD/jsons/SEPMOD_integral.2014-01-06T003000Z.json,2014-01-06 00:30:00,2014-01-12 23:30:00,2014-01-06 08:25:00,11.902,1 / (cm2 s sr),0.03512,1 / (cm2 s sr),SEP Event
2732,SEPMOD,min.50.0.max.-1.0.units.MeV,threshold.1.0.units.1 / (cm2 s sr),False,min.50.0.max.-1.0.units.MeV,threshold.1.0.units.1 / (cm2 s sr),model/SEPVAL2023_Europe/ENLIL+SEPMOD/jsons/SEPMOD_integral.2014-01-07T003000Z.json,2014-01-07 00:30:00,2014-01-13 23:30:00,2014-01-07 20:00:00,48.093,1 / (cm2 s sr),0.04983,1 / (cm2 s sr),SEP Event
2733,SEPMOD,min.50.0.max.-1.0.units.MeV,threshold.1.0.units.1 / (cm2 s sr),False,min.50.0.max.-1.0.units.MeV,threshold.1.0.units.1 / (cm2 s sr),model/SEPVAL2023_Europe/ENLIL+SEPMOD/jsons/SEPMOD_integral.2014-02-25T003000Z.json,2014-02-25 00:30:00,2014-03-03 23:30:00,2014-02-25 07:35:00,3.2721,1 / (cm2 s sr),0.007029,1 / (cm2 s sr),SEP Event
2734,SEPMOD,min.50.0.max.-1.0.units.MeV,threshold.1.0.units.1 / (cm2 s sr),False,min.50.0.max.-1.0.units.MeV,threshold.1.0.units.1 / (cm2 s sr),model/SEPVAL2023_Europe/ENLIL+SEPMOD/jsons/SEPMOD_integral.2014-04-18T003000Z.json,2014-04-18 00:30:00,2014-04-24 23:30:00,2014-04-18 14:10:00,2.2576,1 / (cm2 s sr),1.017,1 / (cm2 s sr),SEP Event
2736,SEPMOD,min.50.0.max.-1.0.units.MeV,threshold.1.0.units.1 / (cm2 s sr),False,min.50.0.max.-1.0.units.MeV,threshold.1.0.units.1 / (cm2 s sr),model/SEPVAL2023_Europe/ENLIL+SEPMOD/jsons/SEPMOD_integral.2014-09-10T003000Z.json,2014-09-10 00:30:00,2014-09-16 23:30:00,2014-09-11 00:15:00,4.4685,1 / (cm2 s sr),1.626,1 / (cm2 s sr),SEP Event
2742,SEPMOD,min.50.0.max.-1.0.units.MeV,threshold.1.0.units.1 / (cm2 s sr),False,min.50.0.max.-1.0.units.MeV,threshold.1.0.units.1 / (cm2 s sr),model/SEPVAL2023_Europe/ENLIL+SEPMOD/jsons/SEPMOD_integral.2015-10-29T015916Z.json,2015-10-29 01:59:16,2015-11-05 00:59:16,2015-10-29 04:00:00,5.7064,1 / (cm2 s sr),0.0,1 / (cm2 s sr),SEP Event
2746,SEPMOD,min.50.0.max.-1.0.units.MeV,threshold.1.0.units.1 / (cm2 s sr),False,min.50.0.max.-1.0.units.MeV,threshold.1.0.units.1 / (cm2 s sr),model/SEPVAL2023_Europe/ENLIL+SEPMOD/jsons/SEPMOD_integral.2017-09-06T003000Z.json,2017-09-06 00:30:00,2017-09-12 23:30:00,2017-09-06 13:00:00,2.0236,1 / (cm2 s sr),7.052,1 / (cm2 s sr),SEP Event
2748,SEPMOD,min.50.0.max.-1.0.units.MeV,threshold.1.0.units.1 / (cm2 s sr),False,min.50.0.max.-1.0.units.MeV,threshold.1.0.units.1 / (cm2 s sr),model/SEPVAL2023_Europe/ENLIL+SEPMOD/jsons/SEPMOD_integral.2021-10-28T003000Z.json,2021-10-28 00:30:00,2021-11-03 23:30:00,2021-10-28 16:30:00,12.404954,1 / (cm2 s sr),1.238,1 / (cm2 s sr),SEP Event
2752,SEPMOD,min.50.0.max.-1.0.units.MeV,threshold.1.0.units.1 / (cm2 s sr),False,min.50.0.max.-1.0.units.MeV,threshold.1.0.units.1 / (cm2 s sr),model/SEPVAL2023_Europe/ENLIL+SEPMOD/jsons/SEPMOD_integral.2022-01-20T003000Z.json,2022-01-20 00:30:00,2022-01-26 23:30:00,2022-01-20 07:05:00,3.890094,1 / (cm2 s sr),0.0,1 / (cm2 s sr),SEP Event
2753,SEPMOD,min.50.0.max.-1.0.units.MeV,threshold.1.0.units.1 / (cm2 s sr),False,min.50.0.max.-1.0.units.MeV,threshold.1.0.units.1 / (cm2 s sr),model/SEPVAL2023_Europe/ENLIL+SEPMOD/jsons/SEPMOD_integral.2022-03-28T003000Z.json,2022-03-28 00:30:00,2022-04-03 23:30:00,2022-03-28 12:20:00,3.59307,1 / (cm2 s sr),0.03494,1 / (cm2 s sr),SEP Event
2754,SEPMOD,min.50.0.max.-1.0.units.MeV,threshold.1.0.units.1 / (cm2 s sr),False,min.50.0.max.-1.0.units.MeV,threshold.1.0.units.1 / (cm2 s sr),model/SEPVAL2023_Europe/ENLIL+SEPMOD/jsons/SEPMOD_integral.2022-04-02T003126Z.json,2022-04-02 00:31:26,2022-04-08 23:30:00,2022-04-02 14:00:00,3.308041,1 / (cm2 s sr),2.811,1 / (cm2 s sr),SEP Event
2766,SEPMOD,min.50.0.max.-1.0.units.MeV,threshold.1.0.units.1 / (cm2 s sr),False,min.50.0.max.-1.0.units.MeV,threshold.1.0.units.1 / (cm2 s sr),model/SEPVAL2023_Europe/ENLIL+SEPMOD/jsons/SEPMOD_integral.2023-02-25T003000Z.json,2023-02-25 00:30:00,2023-03-03 23:30:00,2023-02-25 21:20:00,1.936013,1 / (cm2 s sr),0.4385,1 / (cm2 s sr),SEP Event
