,Model,Energy Channel Key,Threshold Key,Mismatch Allowed,Prediction Energy Channel Key,Prediction Threshold Key,Forecast Source,Prediction Window Start,Prediction Window End,Observed SEP Threshold Crossing Time,Observed SEP Peak Intensity Max (Max Flux),Observed SEP Peak Intensity Max (Max Flux) Units,Predicted SEP Peak Intensity (Onset Peak),Predicted SEP Peak Intensity (Onset Peak) Units,Peak Intensity Match Status
2796,SFS-Update,min.10.0.max.-1.0.units.MeV,threshold.10.0.units.1 / (cm2 s sr),False,min.10.0.max.-1.0.units.MeV,threshold.10.0.units.1 / (cm2 s sr),model/SEPVAL2023_Europe/PPS/PPSUpdate/Evt/ppsupdate_forecast_110307_2012.json,2011-03-07 20:15:00,2011-03-08 20:12:00,2011-03-08 01:05:00,50.386,1 / (cm2 s sr),21.0,1 / (cm2 s sr),SEP Event
2797,SFS-Update,min.10.0.max.-1.0.units.MeV,threshold.10.0.units.1 / (cm2 s sr),False,min.10.0.max.-1.0.units.MeV,threshold.10.0.units.1 / (cm2 s sr),model/SEPVAL2023_Europe/PPS/PPSUpdate/Evt/ppsupdate_forecast_110607_0641.json,2011-06-07 06:44:00,2011-06-08 06:41:00,2011-06-07 08:20:00,72.866,1 / (cm2 s sr),14.0,1 / (cm2 s sr),SEP Event
2798,SFS-Update,min.10.0.max.-1.0.units.MeV,threshold.10.0.units.1 / (cm2 s sr),False,min.10.0.max.-1.0.units.MeV,threshold.10.0.units.1 / (cm2 s sr),model/SEPVAL2023_Europe/PPS/PPSUpdate/Evt/ppsupdate_forecast_110804_0357.json,2011-08-04 04:00:00,2011-08-05 03:57:00,2011-08-04 06:35:00,96.379,1 / (cm2 s sr),26.0,1 / (cm2 s sr),SEP Event
2799,SFS-Update,min.10.0.max.-1.0.units.MeV,threshold.10.0.units.1 / (cm2 s sr),False,min.10.0.max.-1.0.units.MeV,threshold.10.0.units.1 / (cm2 s sr),model/SEPVAL2023_Europe/PPS/PPSUpdate/Evt/ppsupdate_forecast_110809_0805.json,2011-08-09 08:08:00,2011-08-10 08:05:00,2011-08-09 08:45:00,26.919,1 / (cm2 s sr),128.0,1 / (cm2 s sr),SEP Event
2800,SFS-Update,min.10.0.max.-1.0.units.MeV,threshold.10.0.units.1 / (cm2 s sr),False,min.10.0.max.-1.0.units.MeV,threshold.10.0.units.1 / (cm2 s sr),model/SEPVAL2023_Europe/PPS/PPSUpdate/Evt/ppsupdate_forecast_120123_0359.json,2012-01-23 04:02:00,2012-01-24 03:59:00,2012-01-23 05:30:00,6314.1,1 / (cm2 s sr),31.0,1 / (cm2 s sr),SEP Event
2801,SFS-Update,min.10.0.max.-1.0.units.MeV,threshold.10.0.units.1 / (cm2 s sr),False,min.10.0.max.-1.0.units.MeV,threshold.10.0.units.1 / (cm2 s sr),model/SEPVAL2023_Europe/PPS/PPSUpdate/Evt/ppsupdate_forecast_120127_1837.json,2012-01-27 18:40:00,2012-01-28 18:37:00,2012-01-27 19:05:00,795.55,1 / (cm2 s sr),120.0,1 / (cm2 s sr),SEP Event
2802,SFS-Update,min.10.0.max.-1.0.units.MeV,threshold.10.0.units.1 / (cm2 s sr),False,min.10.0.max.-1.0.units.MeV,threshold.10.0.units.1 / (cm2 s sr),model/SEPVAL2023_Europe/PPS/PPSUpdate/Evt/ppsupdate_forecast_120307_0024.json,2012-03-07 00:27:00,2012-03-08 00:24:00,2012-03-07 05:10:00,6529.8,1 / (cm2 s sr),129.0,1 / (cm2 s sr),SEP Event
2803,SFS-Update,min.10.0.max.-1.0.units.MeV,threshold.10.0.units.1 / (cm2 s sr),False,min.10.0.max.-1.0.units.MeV,threshold.10.0.units.1 / (cm2 s sr),model/SEPVAL2023_Europe/PPS/PPSUpdate/Evt/ppsupdate_forecast_120307_0114.json,2012-03-07 01:17:00,2012-03-08 01:14:00,2012-03-07 05:10:00,6529.8,1 / (cm2 s sr),22.0,1 / (cm2 s sr),SEP Event
2804,SFS-Update,min.10.0.max.-1.0.units.MeV,threshold.10.0.units.1 / (cm2 s sr),False,min.10.0.max.-1.0.units.MeV,threshold.10.0.units.1 / (cm2 s sr),model/SEPVAL2023_Europe/PPS/PPSUpdate/Evt/ppsupdate_forecast_120313_1741.json,2012-03-13 17:44:00,2012-03-14 17:41:00,2012-03-13 18:10:00,468.77,1 / (cm2 s sr),80.0,1 / (cm2 s sr),SEP Event
2805,SFS-Update,min.10.0.max.-1.0.units.MeV,threshold.10.0.units.1 / (cm2 s sr),False,min.10.0.max.-1.0.units.MeV,threshold.10.0.units.1 / (cm2 s sr),model/SEPVAL2023_Europe/PPS/PPSUpdate/Evt/ppsupdate_forecast_120517_0147.json,2012-05-17 01:50:00,2012-05-18 01:47:00,2012-05-17 02:10:00,255.44,1 / (cm2 s sr),21.0,1 / (cm2 s sr),SEP Event
2806,SFS-Update,min.10.0.max.-1.0.units.MeV,threshold.10.0.units.1 / (cm2 s sr),False,min.10.0.max.-1.0.units.MeV,threshold.10.0.units.1 / (cm2 s sr),model/SEPVAL2023_Europe/PPS/PPSUpdate/Evt/ppsupdate_forecast_120706_2308.json,2012-07-06 23:11:00,2012-07-07 23:08:00,2012-07-07 04:00:00,25.241,1 / (cm2 s sr),16.0,1 / (cm2 s sr),SEP Event
2807,SFS-Update,min.10.0.max.-1.0.units.MeV,threshold.10.0.units.1 / (cm2 s sr),False,min.10.0.max.-1.0.units.MeV,threshold.10.0.units.1 / (cm2 s sr),model/SEPVAL2023_Europe/PPS/PPSUpdate/Evt/ppsupdate_forecast_120712_1649.json,2012-07-12 16:52:00,2012-07-13 16:49:00,2012-07-12 18:35:00,96.08,1 / (cm2 s sr),114.0,1 / (cm2 s sr),SEP Event
2808,SFS-Update,min.10.0.max.-1.0.units.MeV,threshold.10.0.units.1 / (cm2 s sr),False,min.10.0.max.-1.0.units.MeV,threshold.10.0.units.1 / (cm2 s sr),model/SEPVAL2023_Europe/PPS/PPSUpdate/Evt/ppsupdate_forecast_120927_2357.json,2012-09-28 00:00:00,2012-09-28 23:57:00,2012-09-28 03:00:00,28.431,1 / (cm2 s sr),3.0,1 / (cm2 s sr),SEP Event
2809,SFS-Update,min.10.0.max.-1.0.units.MeV,threshold.10.0.units.1 / (cm2 s sr),False,min.10.0.max.-1.0.units.MeV,threshold.10.0.units.1 / (cm2 s sr),model/SEPVAL2023_Europe/PPS/PPSUpdate/Evt/ppsupdate_forecast_130411_0716.json,2013-04-11 07:19:00,2013-04-12 07:16:00,2013-04-11 10:55:00,113.55,1 / (cm2 s sr),25.0,1 / (cm2 s sr),SEP Event
2810,SFS-Update,min.10.0.max.-1.0.units.MeV,threshold.10.0.units.1 / (cm2 s sr),False,min.10.0.max.-1.0.units.MeV,threshold.10.0.units.1 / (cm2 s sr),model/SEPVAL2023_Europe/PPS/PPSUpdate/Evt/ppsupdate_forecast_130522_1338.json,2013-05-22 13:41:00,2013-05-23 13:38:00,2013-05-22 14:35:00,1655.4,1 / (cm2 s sr),50.0,1 / (cm2 s sr),SEP Event
2811,SFS-Update,min.10.0.max.-1.0.units.MeV,threshold.10.0.units.1 / (cm2 s sr),False,min.10.0.max.-1.0.units.MeV,threshold.10.0.units.1 / (cm2 s sr),model/SEPVAL2023_Europe/PPS/PPSUpdate/Evt/ppsupdate_forecast_130929_2339.json,2013-09-29 23:42:00,2013-09-30 23:39:00,2013-09-30 05:05:00,181.81,1 / (cm2 s sr),4.0,1 / (cm2 s sr),SEP Event
2812,SFS-Update,min.10.0.max.-1.0.units.MeV,threshold.10.0.units.1 / (cm2 s sr),False,min.10.0.max.-1.0.units.MeV,threshold.10.0.units.1 / (cm2 s sr),model/SEPVAL2023_Europe/PPS/PPSUpdate/Evt/ppsupdate_forecast_140107_1832.json,2014-01-07 18:35:00,2014-01-08 18:32:00,2014-01-07 19:20:00,1026.1,1 / (cm2 s sr),49.0,1 / (cm2 s sr),SEP Event
2813,SFS-Update,min.10.0.max.-1.0.units.MeV,threshold.10.0.units.1 / (cm2 s sr),False,min.10.0.max.-1.0.units.MeV,threshold.10.0.units.1 / (cm2 s sr),model/SEPVAL2023_Europe/PPS/PPSUpdate/Evt/ppsupdate_forecast_140225_0049.json,2014-02-25 00:52:00,2014-02-26 00:49:00,2014-02-25 14:10:00,102.64,1 / (cm2 s sr),55.0,1 / (cm2 s sr),SEP Event
2814,SFS-Update,min.10.0.max.-1.0.units.MeV,threshold.10.0.units.1 / (cm2 s sr),False,min.10.0.max.-1.0.units.MeV,threshold.10.0.units.1 / (cm2 s sr),model/SEPVAL2023_Europe/PPS/PPSUpdate/Evt/ppsupdate_forecast_140418_1303.json,2014-04-18 13:06:00,2014-04-19 13:03:00,2014-04-18 15:25:00,58.47,1 / (cm2 s sr),37.0,1 / (cm2 s sr),SEP Event
2815,SFS-Update,min.10.0.max.-1.0.units.MeV,threshold.10.0.units.1 / (cm2 s sr),False,min.10.0.max.-1.0.units.MeV,threshold.10.0.units.1 / (cm2 s sr),model/SEPVAL2023_Europe/PPS/PPSUpdate/Evt/ppsupdate_forecast_140910_1745.json,2014-09-10 17:48:00,2014-09-11 17:45:00,2014-09-11 02:55:00,126.09,1 / (cm2 s sr),54.0,1 / (cm2 s sr),SEP Event
2816,SFS-Update,min.10.0.max.-1.0.units.MeV,threshold.10.0.units.1 / (cm2 s sr),False,min.10.0.max.-1.0.units.MeV,threshold.10.0.units.1 / (cm2 s sr),model/SEPVAL2023_Europe/PPS/PPSUpdate/Evt/ppsupdate_forecast_170714_0209.json,2017-07-14 02:12:00,2017-07-15 02:09:00,2017-07-14 09:00:00,22.374,1 / (cm2 s sr),26.0,1 / (cm2 s sr),SEP Event
2817,SFS-Update,min.10.0.max.-1.0.units.MeV,threshold.10.0.units.1 / (cm2 s sr),False,min.10.0.max.-1.0.units.MeV,threshold.10.0.units.1 / (cm2 s sr),model/SEPVAL2023_Europe/PPS/PPSUpdate/Evt/ppsupdate_forecast_170904_2033.json,2017-09-04 20:36:00,2017-09-05 20:33:00,2017-09-05 00:40:00,210.19,1 / (cm2 s sr),7.0,1 / (cm2 s sr),SEP Event
2819,SFS-Update,min.10.0.max.-1.0.units.MeV,threshold.10.0.units.1 / (cm2 s sr),False,min.10.0.max.-1.0.units.MeV,threshold.10.0.units.1 / (cm2 s sr),model/SEPVAL2023_Europe/PPS/PPSUpdate/Evt/ppsupdate_forecast_170910_1606.json,2017-09-10 16:09:00,2017-09-11 16:06:00,2017-09-10 16:45:00,1493.5,1 / (cm2 s sr),231.0,1 / (cm2 s sr),SEP Event
2820,SFS-Update,min.10.0.max.-1.0.units.MeV,threshold.10.0.units.1 / (cm2 s sr),False,min.10.0.max.-1.0.units.MeV,threshold.10.0.units.1 / (cm2 s sr),model/SEPVAL2023_Europe/PPS/PPSUpdate/Evt/ppsupdate_forecast_210528_2313.json,2021-05-28 23:16:00,2021-05-29 23:13:00,2021-05-29 03:00:00,15.560695,1 / (cm2 s sr),12.0,1 / (cm2 s sr),SEP Event
2821,SFS-Update,min.10.0.max.-1.0.units.MeV,threshold.10.0.units.1 / (cm2 s sr),False,min.10.0.max.-1.0.units.MeV,threshold.10.0.units.1 / (cm2 s sr),model/SEPVAL2023_Europe/PPS/PPSUpdate/Evt/ppsupdate_forecast_211028_1535.json,2021-10-28 15:38:00,2021-10-29 15:35:00,2021-10-28 17:40:00,28.950766,1 / (cm2 s sr),30.0,1 / (cm2 s sr),SEP Event
2822,SFS-Update,min.10.0.max.-1.0.units.MeV,threshold.10.0.units.1 / (cm2 s sr),False,min.10.0.max.-1.0.units.MeV,threshold.10.0.units.1 / (cm2 s sr),model/SEPVAL2023_Europe/PPS/PPSUpdate/Evt/ppsupdate_forecast_220120_0601.json,2022-01-20 06:04:00,2022-01-21 06:01:00,2022-01-20 08:00:00,22.678768,1 / (cm2 s sr),21.0,1 / (cm2 s sr),SEP Event
2823,SFS-Update,min.10.0.max.-1.0.units.MeV,threshold.10.0.units.1 / (cm2 s sr),False,min.10.0.max.-1.0.units.MeV,threshold.10.0.units.1 / (cm2 s sr),model/SEPVAL2023_Europe/PPS/PPSUpdate/Evt/ppsupdate_forecast_220328_1129.json,2022-03-28 11:32:00,2022-03-29 11:29:00,2022-03-28 13:25:00,18.683397,1 / (cm2 s sr),23.0,1 / (cm2 s sr),SEP Event
2824,SFS-Update,min.10.0.max.-1.0.units.MeV,threshold.10.0.units.1 / (cm2 s sr),False,min.10.0.max.-1.0.units.MeV,threshold.10.0.units.1 / (cm2 s sr),model/SEPVAL2023_Europe/PPS/PPSUpdate/Evt/ppsupdate_forecast_220402_1355.json,2022-04-02 13:58:00,2022-04-03 13:55:00,2022-04-02 14:40:00,32.182705,1 / (cm2 s sr),37.0,1 / (cm2 s sr),SEP Event
2825,SFS-Update,min.10.0.max.-1.0.units.MeV,threshold.10.0.units.1 / (cm2 s sr),False,min.10.0.max.-1.0.units.MeV,threshold.10.0.units.1 / (cm2 s sr),model/SEPVAL2023_Europe/PPS/PPSUpdate/Evt/ppsupdate_forecast_220827_0240.json,2022-08-27 02:43:00,2022-08-28 02:40:00,2022-08-27 11:55:00,27.487036,1 / (cm2 s sr),37.0,1 / (cm2 s sr),SEP Event
2826,SFS-Update,min.10.0.max.-1.0.units.MeV,threshold.10.0.units.1 / (cm2 s sr),False,min.10.0.max.-1.0.units.MeV,threshold.10.0.units.1 / (cm2 s sr),model/SEPVAL2023_Europe/PPS/PPSUpdate/Evt/ppsupdate_forecast_230225_1944.json,2023-02-25 19:47:00,2023-02-26 19:44:00,2023-02-25 21:10:00,58.818619,1 / (cm2 s sr),57.0,1 / (cm2 s sr),SEP Event
