,Model,Energy Channel Key,Threshold Key,Mismatch Allowed,Prediction Energy Channel Key,Prediction Threshold Key,Forecast Source,Prediction Window Start,Prediction Window End,Observed SEP Threshold Crossing Time,Observed SEP Peak Intensity Max (Max Flux),Observed SEP Peak Intensity Max (Max Flux) Units,Predicted SEP Peak Intensity (Onset Peak),Predicted SEP Peak Intensity (Onset Peak) Units,Peak Intensity Match Status
5482,SAWS-ASPECS flare 50%,min.10.0.max.-1.0.units.MeV,threshold.10.0.units.1 / (cm2 s sr),False,min.10.0.max.-1.0.units.MeV,threshold.10.0.units.1 / (cm2 s sr),model/SEPVAL2023_Europe/ASPECS/aspecs_jsons/2023/10/31/flare/SAWS_ASPECS_flare_50.2011-03-07T201500Z.2011-03-07T194300Z.json,2011-03-07 20:15:00,2011-03-10 01:45:00,2011-03-08 01:05:00,50.386,1 / (cm2 s sr),0.14904,1 / (cm2 s sr),SEP Event
5484,SAWS-ASPECS flare 50%,min.10.0.max.-1.0.units.MeV,threshold.10.0.units.1 / (cm2 s sr),False,min.10.0.max.-1.0.units.MeV,threshold.10.0.units.1 / (cm2 s sr),model/SEPVAL2023_Europe/ASPECS/aspecs_jsons/2023/10/31/flare/SAWS_ASPECS_flare_50.2011-06-07T065000Z.2011-06-07T061600Z.json,2011-06-07 06:50:00,2011-06-09 12:20:00,2011-06-07 08:20:00,72.866,1 / (cm2 s sr),2.5251,1 / (cm2 s sr),SEP Event
5485,SAWS-ASPECS flare 50%,min.10.0.max.-1.0.units.MeV,threshold.10.0.units.1 / (cm2 s sr),False,min.10.0.max.-1.0.units.MeV,threshold.10.0.units.1 / (cm2 s sr),model/SEPVAL2023_Europe/ASPECS/aspecs_jsons/2023/10/31/flare/SAWS_ASPECS_flare_50.2011-08-04T041500Z.2011-08-04T034100Z.json,2011-08-04 04:15:00,2011-08-06 09:45:00,2011-08-04 06:35:00,96.379,1 / (cm2 s sr),111.76,1 / (cm2 s sr),SEP Event
5486,SAWS-ASPECS flare 50%,min.10.0.max.-1.0.units.MeV,threshold.10.0.units.1 / (cm2 s sr),False,min.10.0.max.-1.0.units.MeV,threshold.10.0.units.1 / (cm2 s sr),model/SEPVAL2023_Europe/ASPECS/aspecs_jsons/2023/10/31/flare/SAWS_ASPECS_flare_50.2011-08-09T082000Z.2011-08-09T074800Z.json,2011-08-09 08:20:00,2011-08-11 13:50:00,2011-08-09 08:45:00,26.919,1 / (cm2 s sr),1372.5,1 / (cm2 s sr),SEP Event
5487,SAWS-ASPECS flare 50%,min.10.0.max.-1.0.units.MeV,threshold.10.0.units.1 / (cm2 s sr),False,min.10.0.max.-1.0.units.MeV,threshold.10.0.units.1 / (cm2 s sr),model/SEPVAL2023_Europe/ASPECS/aspecs_jsons/2023/10/31/flare/SAWS_ASPECS_flare_50.2012-01-23T041000Z.2012-01-23T033800Z.json,2012-01-23 04:10:00,2012-01-25 09:40:00,2012-01-23 05:30:00,6314.1,1 / (cm2 s sr),107.14,1 / (cm2 s sr),SEP Event
5488,SAWS-ASPECS flare 50%,min.10.0.max.-1.0.units.MeV,threshold.10.0.units.1 / (cm2 s sr),False,min.10.0.max.-1.0.units.MeV,threshold.10.0.units.1 / (cm2 s sr),model/SEPVAL2023_Europe/ASPECS/aspecs_jsons/2023/10/31/flare/SAWS_ASPECS_flare_50.2012-01-27T181000Z.2012-01-27T173700Z.json,2012-01-27 18:10:00,2012-01-29 23:40:00,2012-01-27 19:05:00,795.55,1 / (cm2 s sr),530.52,1 / (cm2 s sr),SEP Event
5491,SAWS-ASPECS flare 50%,min.10.0.max.-1.0.units.MeV,threshold.10.0.units.1 / (cm2 s sr),False,min.10.0.max.-1.0.units.MeV,threshold.10.0.units.1 / (cm2 s sr),model/SEPVAL2023_Europe/ASPECS/aspecs_jsons/2023/10/31/flare/SAWS_ASPECS_flare_50.2012-03-07T013500Z.2012-03-07T010500Z.json,2012-03-07 01:35:00,2012-03-09 07:05:00,2012-03-07 05:10:00,6529.8,1 / (cm2 s sr),119.66,1 / (cm2 s sr),SEP Event
5492,SAWS-ASPECS flare 50%,min.10.0.max.-1.0.units.MeV,threshold.10.0.units.1 / (cm2 s sr),False,min.10.0.max.-1.0.units.MeV,threshold.10.0.units.1 / (cm2 s sr),model/SEPVAL2023_Europe/ASPECS/aspecs_jsons/2023/10/31/flare/SAWS_ASPECS_flare_50.2012-03-13T165500Z.2012-03-13T162100Z.json,2012-03-13 16:55:00,2012-03-15 22:25:00,2012-03-13 18:10:00,468.77,1 / (cm2 s sr),99.794,1 / (cm2 s sr),SEP Event
5493,SAWS-ASPECS flare 50%,min.10.0.max.-1.0.units.MeV,threshold.10.0.units.1 / (cm2 s sr),False,min.10.0.max.-1.0.units.MeV,threshold.10.0.units.1 / (cm2 s sr),model/SEPVAL2023_Europe/ASPECS/aspecs_jsons/2023/10/31/flare/SAWS_ASPECS_flare_50.2012-05-17T015500Z.2012-05-17T012500Z.json,2012-05-17 01:55:00,2012-05-19 07:25:00,2012-05-17 02:10:00,255.44,1 / (cm2 s sr),14.301,1 / (cm2 s sr),SEP Event
5496,SAWS-ASPECS flare 50%,min.10.0.max.-1.0.units.MeV,threshold.10.0.units.1 / (cm2 s sr),False,min.10.0.max.-1.0.units.MeV,threshold.10.0.units.1 / (cm2 s sr),model/SEPVAL2023_Europe/ASPECS/aspecs_jsons/2023/10/31/flare/SAWS_ASPECS_flare_50.2012-07-06T233500Z.2012-07-06T230100Z.json,2012-07-06 23:35:00,2012-07-09 05:05:00,2012-07-07 04:00:00,25.241,1 / (cm2 s sr),492.68,1 / (cm2 s sr),SEP Event
5497,SAWS-ASPECS flare 50%,min.10.0.max.-1.0.units.MeV,threshold.10.0.units.1 / (cm2 s sr),False,min.10.0.max.-1.0.units.MeV,threshold.10.0.units.1 / (cm2 s sr),model/SEPVAL2023_Europe/ASPECS/aspecs_jsons/2023/10/31/flare/SAWS_ASPECS_flare_50.2012-07-12T161000Z.2012-07-12T153700Z.json,2012-07-12 16:10:00,2012-07-14 21:40:00,2012-07-12 18:35:00,96.08,1 / (cm2 s sr),119.52,1 / (cm2 s sr),SEP Event
5498,SAWS-ASPECS flare 50%,min.10.0.max.-1.0.units.MeV,threshold.10.0.units.1 / (cm2 s sr),False,min.10.0.max.-1.0.units.MeV,threshold.10.0.units.1 / (cm2 s sr),model/SEPVAL2023_Europe/ASPECS/aspecs_jsons/2023/10/31/flare/SAWS_ASPECS_flare_50.2012-09-28T001000Z.2012-09-27T233600Z.json,2012-09-28 00:10:00,2012-09-30 05:40:00,2012-09-28 03:00:00,28.431,1 / (cm2 s sr),0.25018,1 / (cm2 s sr),SEP Event
5499,SAWS-ASPECS flare 50%,min.10.0.max.-1.0.units.MeV,threshold.10.0.units.1 / (cm2 s sr),False,min.10.0.max.-1.0.units.MeV,threshold.10.0.units.1 / (cm2 s sr),model/SEPVAL2023_Europe/ASPECS/aspecs_jsons/2023/10/31/flare/SAWS_ASPECS_flare_50.2013-04-11T072500Z.2013-04-11T065500Z.json,2013-04-11 07:25:00,2013-04-13 12:55:00,2013-04-11 10:55:00,113.55,1 / (cm2 s sr),68.216,1 / (cm2 s sr),SEP Event
5500,SAWS-ASPECS flare 50%,min.10.0.max.-1.0.units.MeV,threshold.10.0.units.1 / (cm2 s sr),False,min.10.0.max.-1.0.units.MeV,threshold.10.0.units.1 / (cm2 s sr),model/SEPVAL2023_Europe/ASPECS/aspecs_jsons/2023/10/31/flare/SAWS_ASPECS_flare_50.2013-05-22T130000Z.2013-05-22T123000Z.json,2013-05-22 13:00:00,2013-05-24 18:30:00,2013-05-22 14:35:00,1655.4,1 / (cm2 s sr),13.797,1 / (cm2 s sr),SEP Event
5503,SAWS-ASPECS flare 50%,min.10.0.max.-1.0.units.MeV,threshold.10.0.units.1 / (cm2 s sr),False,min.10.0.max.-1.0.units.MeV,threshold.10.0.units.1 / (cm2 s sr),model/SEPVAL2023_Europe/ASPECS/aspecs_jsons/2023/10/31/flare/SAWS_ASPECS_flare_50.2013-09-29T221500Z.2013-09-29T214300Z.json,2013-09-29 22:15:00,2013-10-02 03:45:00,2013-09-30 05:05:00,181.81,1 / (cm2 s sr),0.12028,1 / (cm2 s sr),SEP Event
5505,SAWS-ASPECS flare 50%,min.10.0.max.-1.0.units.MeV,threshold.10.0.units.1 / (cm2 s sr),False,min.10.0.max.-1.0.units.MeV,threshold.10.0.units.1 / (cm2 s sr),model/SEPVAL2023_Europe/ASPECS/aspecs_jsons/2023/10/31/flare/SAWS_ASPECS_flare_50.2014-02-25T011500Z.2014-02-25T004100Z.json,2014-02-25 01:15:00,2014-02-27 06:45:00,2014-02-25 14:10:00,102.64,1 / (cm2 s sr),1532.3,1 / (cm2 s sr),SEP Event
5506,SAWS-ASPECS flare 50%,min.10.0.max.-1.0.units.MeV,threshold.10.0.units.1 / (cm2 s sr),False,min.10.0.max.-1.0.units.MeV,threshold.10.0.units.1 / (cm2 s sr),model/SEPVAL2023_Europe/ASPECS/aspecs_jsons/2023/10/31/flare/SAWS_ASPECS_flare_50.2014-04-18T130500Z.2014-04-18T123100Z.json,2014-04-18 13:05:00,2014-04-20 18:35:00,2014-04-18 15:25:00,58.47,1 / (cm2 s sr),92.675,1 / (cm2 s sr),SEP Event
5508,SAWS-ASPECS flare 50%,min.10.0.max.-1.0.units.MeV,threshold.10.0.units.1 / (cm2 s sr),False,min.10.0.max.-1.0.units.MeV,threshold.10.0.units.1 / (cm2 s sr),model/SEPVAL2023_Europe/ASPECS/aspecs_jsons/2023/10/31/flare/SAWS_ASPECS_flare_50.2014-09-10T193000Z.2014-09-10T172100Z.json,2014-09-10 19:30:00,2014-09-13 00:00:00,2014-09-11 02:55:00,126.09,1 / (cm2 s sr),128.64,1 / (cm2 s sr),SEP Event
5516,SAWS-ASPECS flare 50%,min.10.0.max.-1.0.units.MeV,threshold.10.0.units.1 / (cm2 s sr),False,min.10.0.max.-1.0.units.MeV,threshold.10.0.units.1 / (cm2 s sr),model/SEPVAL2023_Europe/ASPECS/aspecs_jsons/2023/10/31/flare/SAWS_ASPECS_flare_50.2017-07-14T014000Z.2017-07-14T010700Z.json,2017-07-14 01:40:00,2017-07-16 07:10:00,2017-07-14 09:00:00,22.374,1 / (cm2 s sr),0.17872,1 / (cm2 s sr),SEP Event
5517,SAWS-ASPECS flare 50%,min.10.0.max.-1.0.units.MeV,threshold.10.0.units.1 / (cm2 s sr),False,min.10.0.max.-1.0.units.MeV,threshold.10.0.units.1 / (cm2 s sr),model/SEPVAL2023_Europe/ASPECS/aspecs_jsons/2023/10/31/flare/SAWS_ASPECS_flare_50.2017-09-04T214000Z.2017-09-04T202800Z.json,2017-09-04 21:40:00,2017-09-07 03:10:00,2017-09-05 00:40:00,210.19,1 / (cm2 s sr),12.981,1 / (cm2 s sr),SEP Event
5519,SAWS-ASPECS flare 50%,min.10.0.max.-1.0.units.MeV,threshold.10.0.units.1 / (cm2 s sr),False,min.10.0.max.-1.0.units.MeV,threshold.10.0.units.1 / (cm2 s sr),model/SEPVAL2023_Europe/ASPECS/aspecs_jsons/2023/10/31/flare/SAWS_ASPECS_flare_50.2017-09-10T160500Z.2017-09-10T153500Z.json,2017-09-10 16:05:00,2017-09-12 21:35:00,2017-09-10 16:45:00,1493.5,1 / (cm2 s sr),1573.2,1 / (cm2 s sr),SEP Event
5520,SAWS-ASPECS flare 50%,min.10.0.max.-1.0.units.MeV,threshold.10.0.units.1 / (cm2 s sr),False,min.10.0.max.-1.0.units.MeV,threshold.10.0.units.1 / (cm2 s sr),model/SEPVAL2023_Europe/ASPECS/aspecs_jsons/2023/10/31/flare/SAWS_ASPECS_flare_50.2021-05-28T225000Z.2021-05-28T221900Z.json,2021-05-28 22:50:00,2021-05-31 04:20:00,2021-05-29 03:00:00,15.560695,1 / (cm2 s sr),0.53895,1 / (cm2 s sr),SEP Event
5521,SAWS-ASPECS flare 50%,min.10.0.max.-1.0.units.MeV,threshold.10.0.units.1 / (cm2 s sr),False,min.10.0.max.-1.0.units.MeV,threshold.10.0.units.1 / (cm2 s sr),model/SEPVAL2023_Europe/ASPECS/aspecs_jsons/2023/10/31/flare/SAWS_ASPECS_flare_50.2021-10-28T155000Z.2021-10-28T151700Z.json,2021-10-28 15:50:00,2021-10-30 21:20:00,2021-10-28 17:40:00,28.950766,1 / (cm2 s sr),106.68,1 / (cm2 s sr),SEP Event
5525,SAWS-ASPECS flare 50%,min.10.0.max.-1.0.units.MeV,threshold.10.0.units.1 / (cm2 s sr),False,min.10.0.max.-1.0.units.MeV,threshold.10.0.units.1 / (cm2 s sr),model/SEPVAL2023_Europe/ASPECS/aspecs_jsons/2023/10/31/flare/SAWS_ASPECS_flare_50.2022-01-20T061500Z.2022-01-20T054100Z.json,2022-01-20 06:15:00,2022-01-22 11:45:00,2022-01-20 08:00:00,22.678768,1 / (cm2 s sr),16.249,1 / (cm2 s sr),SEP Event
5526,SAWS-ASPECS flare 50%,min.10.0.max.-1.0.units.MeV,threshold.10.0.units.1 / (cm2 s sr),False,min.10.0.max.-1.0.units.MeV,threshold.10.0.units.1 / (cm2 s sr),model/SEPVAL2023_Europe/ASPECS/aspecs_jsons/2023/10/31/flare/SAWS_ASPECS_flare_50.2022-03-28T113000Z.2022-03-28T105800Z.json,2022-03-28 11:30:00,2022-03-30 17:00:00,2022-03-28 13:25:00,18.683397,1 / (cm2 s sr),0.43742,1 / (cm2 s sr),SEP Event
5527,SAWS-ASPECS flare 50%,min.10.0.max.-1.0.units.MeV,threshold.10.0.units.1 / (cm2 s sr),False,min.10.0.max.-1.0.units.MeV,threshold.10.0.units.1 / (cm2 s sr),model/SEPVAL2023_Europe/ASPECS/aspecs_jsons/2023/10/31/flare/SAWS_ASPECS_flare_50.2022-04-02T133000Z.2022-04-02T125600Z.json,2022-04-02 13:30:00,2022-04-04 19:00:00,2022-04-02 14:40:00,32.182705,1 / (cm2 s sr),0.53262,1 / (cm2 s sr),SEP Event
5535,SAWS-ASPECS flare 50%,min.10.0.max.-1.0.units.MeV,threshold.10.0.units.1 / (cm2 s sr),False,min.10.0.max.-1.0.units.MeV,threshold.10.0.units.1 / (cm2 s sr),model/SEPVAL2023_Europe/ASPECS/aspecs_jsons/2023/10/31/flare/SAWS_ASPECS_flare_50.2022-08-27T022500Z.2022-08-27T015200Z.json,2022-08-27 02:25:00,2022-08-29 07:55:00,2022-08-27 11:55:00,27.487036,1 / (cm2 s sr),11.155,1 / (cm2 s sr),SEP Event
5539,SAWS-ASPECS flare 50%,min.10.0.max.-1.0.units.MeV,threshold.10.0.units.1 / (cm2 s sr),False,min.10.0.max.-1.0.units.MeV,threshold.10.0.units.1 / (cm2 s sr),model/SEPVAL2023_Europe/ASPECS/aspecs_jsons/2023/10/31/flare/SAWS_ASPECS_flare_50.2023-02-25T191000Z.2023-02-25T184000Z.json,2023-02-25 19:10:00,2023-02-28 00:40:00,2023-02-25 21:10:00,58.818619,1 / (cm2 s sr),77.647,1 / (cm2 s sr),SEP Event
