,Model,Energy Channel Key,Threshold Key,Mismatch Allowed,Prediction Energy Channel Key,Prediction Threshold Key,Forecast Source,Prediction Window Start,Prediction Window End,Observed SEP Threshold Crossing Time,Observed SEP Peak Intensity Max (Max Flux) Time,Predicted SEP Peak Intensity Max (Max Flux) Time,Peak Intensity Max Match Status
2305,ZEUS+iPATH_CME,min.10.0.max.-1.0.units.MeV,threshold.10.0.units.1 / (cm2 s sr),False,min.10.0.max.-1.0.units.MeV,threshold.10.0.units.1 / (cm2 s sr),./model/SEPVAL2023_Europe/iPATH/jsons/ZEUS+iPATH_CME_differential.2011-03-07T214120Z.2023-08-29T091225Z.json,2011-03-07 21:41:20,2011-03-10 20:41:20,2011-03-08 01:05:00,2011-03-08 08:00:00,2011-03-07 23:41:20,SEP Event
2308,ZEUS+iPATH_CME,min.10.0.max.-1.0.units.MeV,threshold.10.0.units.1 / (cm2 s sr),False,min.10.0.max.-1.0.units.MeV,threshold.10.0.units.1 / (cm2 s sr),./model/SEPVAL2023_Europe/iPATH/jsons/ZEUS+iPATH_CME_differential.2011-08-04T054140Z.2023-08-29T091230Z.json,2011-08-04 05:41:40,2011-08-07 04:41:40,2011-08-04 06:35:00,2011-08-05 21:50:00,2011-08-04 09:41:40,SEP Event
2310,ZEUS+iPATH_CME,min.10.0.max.-1.0.units.MeV,threshold.10.0.units.1 / (cm2 s sr),False,min.10.0.max.-1.0.units.MeV,threshold.10.0.units.1 / (cm2 s sr),./model/SEPVAL2023_Europe/iPATH/jsons/ZEUS+iPATH_CME_differential.2012-01-23T052640Z.2023-08-29T091235Z.json,2012-01-23 05:26:40,2012-01-26 04:26:40,2012-01-23 05:30:00,2012-01-24 15:30:00,2012-01-23 07:26:40,SEP Event
2311,ZEUS+iPATH_CME,min.10.0.max.-1.0.units.MeV,threshold.10.0.units.1 / (cm2 s sr),False,min.10.0.max.-1.0.units.MeV,threshold.10.0.units.1 / (cm2 s sr),./model/SEPVAL2023_Europe/iPATH/jsons/ZEUS+iPATH_CME_differential.2012-01-27T184600Z.2023-08-29T091238Z.json,2012-01-27 18:46:00,2012-01-30 17:46:00,2012-01-27 19:05:00,2012-01-28 02:05:00,2012-01-27 21:46:00,SEP Event
2318,ZEUS+iPATH_CME,min.10.0.max.-1.0.units.MeV,threshold.10.0.units.1 / (cm2 s sr),False,min.10.0.max.-1.0.units.MeV,threshold.10.0.units.1 / (cm2 s sr),./model/SEPVAL2023_Europe/iPATH/jsons/ZEUS+iPATH_CME_differential.2012-07-23T040720Z.2023-08-29T091245Z.json,2012-07-23 04:07:20,2012-07-26 03:07:20,2012-07-23 15:45:00,2012-07-23 21:45:00,2012-07-23 06:07:20,SEP Event
2320,ZEUS+iPATH_CME,min.10.0.max.-1.0.units.MeV,threshold.10.0.units.1 / (cm2 s sr),False,min.10.0.max.-1.0.units.MeV,threshold.10.0.units.1 / (cm2 s sr),./model/SEPVAL2023_Europe/iPATH/jsons/ZEUS+iPATH_CME_differential.2013-04-11T100900Z.2023-08-29T091157Z.json,2013-04-11 10:09:00,2013-04-14 09:09:00,2013-04-11 10:55:00,2013-04-11 16:45:00,2013-04-12 20:09:00,SEP Event
2323,ZEUS+iPATH_CME,min.10.0.max.-1.0.units.MeV,threshold.10.0.units.1 / (cm2 s sr),False,min.10.0.max.-1.0.units.MeV,threshold.10.0.units.1 / (cm2 s sr),./model/SEPVAL2023_Europe/iPATH/jsons/ZEUS+iPATH_CME_differential.2013-09-30T002640Z.2023-08-29T091252Z.json,2013-09-30 00:26:40,2013-10-02 23:26:40,2013-09-30 05:05:00,2013-09-30 20:05:00,2013-09-30 04:26:40,SEP Event
2326,ZEUS+iPATH_CME,min.10.0.max.-1.0.units.MeV,threshold.10.0.units.1 / (cm2 s sr),False,min.10.0.max.-1.0.units.MeV,threshold.10.0.units.1 / (cm2 s sr),./model/SEPVAL2023_Europe/iPATH/jsons/ZEUS+iPATH_CME_differential.2014-02-25T025340Z.2023-08-29T091255Z.json,2014-02-25 02:53:40,2014-02-28 01:53:40,2014-02-25 14:10:00,2014-02-28 08:45:00,2014-02-25 05:53:40,SEP Event
2327,ZEUS+iPATH_CME,min.10.0.max.-1.0.units.MeV,threshold.10.0.units.1 / (cm2 s sr),False,min.10.0.max.-1.0.units.MeV,threshold.10.0.units.1 / (cm2 s sr),./model/SEPVAL2023_Europe/iPATH/jsons/ZEUS+iPATH_CME_differential.2014-04-18T145320Z.2023-08-29T091257Z.json,2014-04-18 14:53:20,2014-04-21 13:53:20,2014-04-18 15:25:00,2014-04-19 01:05:00,2014-04-18 19:53:20,SEP Event
2328,ZEUS+iPATH_CME,min.10.0.max.-1.0.units.MeV,threshold.10.0.units.1 / (cm2 s sr),False,min.10.0.max.-1.0.units.MeV,threshold.10.0.units.1 / (cm2 s sr),./model/SEPVAL2023_Europe/iPATH/jsons/ZEUS+iPATH_CME_differential.2014-09-10T195200Z.2023-08-29T091300Z.json,2014-09-10 19:52:00,2014-09-13 18:52:00,2014-09-11 02:55:00,2014-09-12 15:55:00,2014-09-11 01:52:00,SEP Event
2335,ZEUS+iPATH_CME,min.10.0.max.-1.0.units.MeV,threshold.10.0.units.1 / (cm2 s sr),False,min.10.0.max.-1.0.units.MeV,threshold.10.0.units.1 / (cm2 s sr),./model/SEPVAL2023_Europe/iPATH/jsons/ZEUS+iPATH_CME_differential.2017-07-14T035340Z.2023-08-29T091155Z.json,2017-07-14 03:53:40,2017-07-17 02:53:40,2017-07-14 09:00:00,2017-07-14 23:20:00,2017-07-14 11:53:40,SEP Event
2336,ZEUS+iPATH_CME,min.10.0.max.-1.0.units.MeV,threshold.10.0.units.1 / (cm2 s sr),False,min.10.0.max.-1.0.units.MeV,threshold.10.0.units.1 / (cm2 s sr),./model/SEPVAL2023_Europe/iPATH/jsons/ZEUS+iPATH_CME_differential.2017-09-04T222540Z.2023-08-29T091205Z.json,2017-09-04 22:25:40,2017-09-07 21:25:40,2017-09-05 00:40:00,2017-09-05 19:30:00,2017-09-05 05:25:40,SEP Event
2339,ZEUS+iPATH_CME,min.10.0.max.-1.0.units.MeV,threshold.10.0.units.1 / (cm2 s sr),False,min.10.0.max.-1.0.units.MeV,threshold.10.0.units.1 / (cm2 s sr),./model/SEPVAL2023_Europe/iPATH/jsons/ZEUS+iPATH_CME_differential.2021-05-29T013320Z.2023-08-29T091734Z.json,2021-05-29 01:33:20,2021-06-01 00:33:20,2021-05-29 03:00:00,2021-05-29 03:20:00,2021-05-29 05:33:20,SEP Event
2344,ZEUS+iPATH_CME,min.10.0.max.-1.0.units.MeV,threshold.10.0.units.1 / (cm2 s sr),False,min.10.0.max.-1.0.units.MeV,threshold.10.0.units.1 / (cm2 s sr),./model/SEPVAL2023_Europe/iPATH/jsons/ZEUS+iPATH_CME_differential.2022-01-20T075700Z.2023-08-29T090708Z.json,2022-01-20 07:57:00,2022-01-23 06:57:00,2022-01-20 08:00:00,2022-01-20 10:15:00,2022-01-20 11:57:00,SEP Event
2354,ZEUS+iPATH_CME,min.10.0.max.-1.0.units.MeV,threshold.10.0.units.1 / (cm2 s sr),False,min.10.0.max.-1.0.units.MeV,threshold.10.0.units.1 / (cm2 s sr),./model/SEPVAL2023_Europe/iPATH/jsons/ZEUS+iPATH_CME_differential.2022-08-27T041420Z.2023-08-29T090716Z.json,2022-08-27 04:14:20,2022-08-30 03:14:20,2022-08-27 11:55:00,2022-08-27 12:20:00,2022-08-27 08:14:20,SEP Event
