,Model,Energy Channel Key,Threshold Key,Mismatch Allowed,Prediction Energy Channel Key,Prediction Threshold Key,Forecast Source,Prediction Window Start,Prediction Window End,Observed SEP Threshold Crossing Time,Observed SEP Peak Intensity Max (Max Flux),Observed SEP Peak Intensity Max (Max Flux) Units,Predicted SEP Peak Intensity (Onset Peak),Predicted SEP Peak Intensity (Onset Peak) Units,Peak Intensity Match Status
2980,SEPSTER2D CME,min.100.0.max.-1.0.units.MeV,threshold.1.0.units.1 / (cm2 s sr),False,min.100.0.max.-1.0.units.MeV,threshold.1.0.units.1 / (cm2 s sr),model/SEPVAL2023_Europe/SEPSTER2D/jsons/sepster2D_20110804_0412_Parker_Spiral_2.5Rs_sep.json,2011-08-04 04:12:00,2011-08-04 07:54:00,2011-08-04 05:10:00,1.7984,1 / (cm2 s sr),8.577,1 / (cm2 s sr),SEP Event
2981,SEPSTER2D CME,min.100.0.max.-1.0.units.MeV,threshold.1.0.units.1 / (cm2 s sr),False,min.100.0.max.-1.0.units.MeV,threshold.1.0.units.1 / (cm2 s sr),model/SEPVAL2023_Europe/SEPSTER2D/jsons/sepster2D_20110809_0812_Parker_Spiral_2.5Rs_sep.json,2011-08-09 08:12:00,2011-08-09 11:26:00,2011-08-09 08:25:00,2.6732,1 / (cm2 s sr),0.2237,1 / (cm2 s sr),SEP Event
2982,SEPSTER2D CME,min.100.0.max.-1.0.units.MeV,threshold.1.0.units.1 / (cm2 s sr),False,min.100.0.max.-1.0.units.MeV,threshold.1.0.units.1 / (cm2 s sr),model/SEPVAL2023_Europe/SEPSTER2D/jsons/sepster2D_20120123_0400_Parker_Spiral_2.5Rs_sep.json,2012-01-23 04:00:00,2012-01-23 09:23:00,2012-01-23 04:45:00,2.3859,1 / (cm2 s sr),13.73,1 / (cm2 s sr),SEP Event
2983,SEPSTER2D CME,min.100.0.max.-1.0.units.MeV,threshold.1.0.units.1 / (cm2 s sr),False,min.100.0.max.-1.0.units.MeV,threshold.1.0.units.1 / (cm2 s sr),model/SEPVAL2023_Europe/SEPSTER2D/jsons/sepster2D_20120127_1827_Parker_Spiral_2.5Rs_sep.json,2012-01-27 18:27:00,2012-01-27 23:18:00,2012-01-27 19:00:00,11.88,1 / (cm2 s sr),4.488,1 / (cm2 s sr),SEP Event
2986,SEPSTER2D CME,min.100.0.max.-1.0.units.MeV,threshold.1.0.units.1 / (cm2 s sr),False,min.100.0.max.-1.0.units.MeV,threshold.1.0.units.1 / (cm2 s sr),model/SEPVAL2023_Europe/SEPSTER2D/jsons/sepster2D_20120307_0130_Parker_Spiral_2.5Rs_sep.json,2012-03-07 01:30:00,2012-03-07 14:06:00,2012-03-07 04:05:00,69.272,1 / (cm2 s sr),3.168,1 / (cm2 s sr),SEP Event
2987,SEPSTER2D CME,min.100.0.max.-1.0.units.MeV,threshold.1.0.units.1 / (cm2 s sr),False,min.100.0.max.-1.0.units.MeV,threshold.1.0.units.1 / (cm2 s sr),model/SEPVAL2023_Europe/SEPSTER2D/jsons/sepster2D_20120313_1736_Parker_Spiral_2.5Rs_sep.json,2012-03-13 17:36:00,2012-03-13 21:04:00,2012-03-13 18:10:00,1.8856,1 / (cm2 s sr),13.71,1 / (cm2 s sr),SEP Event
2988,SEPSTER2D CME,min.100.0.max.-1.0.units.MeV,threshold.1.0.units.1 / (cm2 s sr),False,min.100.0.max.-1.0.units.MeV,threshold.1.0.units.1 / (cm2 s sr),model/SEPVAL2023_Europe/SEPSTER2D/jsons/sepster2D_20120517_0148_Parker_Spiral_2.5Rs_sep.json,2012-05-17 01:48:00,2012-05-17 04:20:00,2012-05-17 02:00:00,20.445,1 / (cm2 s sr),0.4457,1 / (cm2 s sr),SEP Event
2995,SEPSTER2D CME,min.100.0.max.-1.0.units.MeV,threshold.1.0.units.1 / (cm2 s sr),False,min.100.0.max.-1.0.units.MeV,threshold.1.0.units.1 / (cm2 s sr),model/SEPVAL2023_Europe/SEPSTER2D/jsons/sepster2D_20130411_0724_Parker_Spiral_2.5Rs_sep.json,2013-04-11 07:24:00,2013-04-11 16:23:00,2013-04-11 09:40:00,2.0297,1 / (cm2 s sr),0.002335,1 / (cm2 s sr),SEP Event
2996,SEPSTER2D CME,min.100.0.max.-1.0.units.MeV,threshold.1.0.units.1 / (cm2 s sr),False,min.100.0.max.-1.0.units.MeV,threshold.1.0.units.1 / (cm2 s sr),model/SEPVAL2023_Europe/SEPSTER2D/jsons/sepster2D_20130522_1325_Parker_Spiral_2.5Rs_sep.json,2013-05-22 13:25:00,2013-05-22 16:01:00,2013-05-22 14:35:00,3.5818,1 / (cm2 s sr),2.606,1 / (cm2 s sr),SEP Event
3000,SEPSTER2D CME,min.100.0.max.-1.0.units.MeV,threshold.1.0.units.1 / (cm2 s sr),False,min.100.0.max.-1.0.units.MeV,threshold.1.0.units.1 / (cm2 s sr),model/SEPVAL2023_Europe/SEPSTER2D/jsons/sepster2D_20140106_0800_Parker_Spiral_2.5Rs_sep.json,2014-01-06 08:00:00,2014-01-06 12:47:00,2014-01-06 08:30:00,4.079,1 / (cm2 s sr),0.08592,1 / (cm2 s sr),SEP Event
3001,SEPSTER2D CME,min.100.0.max.-1.0.units.MeV,threshold.1.0.units.1 / (cm2 s sr),False,min.100.0.max.-1.0.units.MeV,threshold.1.0.units.1 / (cm2 s sr),model/SEPVAL2023_Europe/SEPSTER2D/jsons/sepster2D_20140107_1824_Parker_Spiral_2.5Rs_sep.json,2014-01-07 18:24:00,2014-01-07 23:01:00,2014-01-07 20:30:00,4.2687,1 / (cm2 s sr),11.55,1 / (cm2 s sr),SEP Event
3012,SEPSTER2D CME,min.100.0.max.-1.0.units.MeV,threshold.1.0.units.1 / (cm2 s sr),False,min.100.0.max.-1.0.units.MeV,threshold.1.0.units.1 / (cm2 s sr),model/SEPVAL2023_Europe/SEPSTER2D/jsons/sepster2D_20151029_0236_Parker_Spiral_2.5Rs_sep.json,2015-10-29 02:36:00,2015-10-29 09:59:00,2015-10-29 04:35:00,2.0277,1 / (cm2 s sr),0.0004653,1 / (cm2 s sr),SEP Event
3016,SEPSTER2D CME,min.100.0.max.-1.0.units.MeV,threshold.1.0.units.1 / (cm2 s sr),False,min.100.0.max.-1.0.units.MeV,threshold.1.0.units.1 / (cm2 s sr),model/SEPVAL2023_Europe/SEPSTER2D/jsons/sepster2D_20170910_1600_Parker_Spiral_2.5Rs_sep.json,2017-09-10 16:00:00,2017-09-10 19:05:00,2017-09-10 16:25:00,68.128,1 / (cm2 s sr),12.58,1 / (cm2 s sr),SEP Event
3018,SEPSTER2D CME,min.100.0.max.-1.0.units.MeV,threshold.1.0.units.1 / (cm2 s sr),False,min.100.0.max.-1.0.units.MeV,threshold.1.0.units.1 / (cm2 s sr),model/SEPVAL2023_Europe/SEPSTER2D/jsons/sepster2D_20211028_1548_Parker_Spiral_2.5Rs_sep.json,2021-10-28 15:48:00,2021-10-29 01:34:00,2021-10-28 16:35:00,7.327305,1 / (cm2 s sr),0.03373,1 / (cm2 s sr),SEP Event
3022,SEPSTER2D CME,min.100.0.max.-1.0.units.MeV,threshold.1.0.units.1 / (cm2 s sr),False,min.100.0.max.-1.0.units.MeV,threshold.1.0.units.1 / (cm2 s sr),model/SEPVAL2023_Europe/SEPSTER2D/jsons/sepster2D_20220120_0612_Parker_Spiral_2.5Rs_sep.json,2022-01-20 06:12:00,2022-01-20 10:49:00,2022-01-20 07:45:00,1.126116,1 / (cm2 s sr),0.2359,1 / (cm2 s sr),SEP Event
3023,SEPSTER2D CME,min.100.0.max.-1.0.units.MeV,threshold.1.0.units.1 / (cm2 s sr),False,min.100.0.max.-1.0.units.MeV,threshold.1.0.units.1 / (cm2 s sr),model/SEPVAL2023_Europe/SEPSTER2D/jsons/sepster2D_20220328_1200_Parker_Spiral_2.5Rs_sep.json,2022-03-28 12:00:00,2022-03-28 15:58:00,2022-03-28 12:45:00,1.269069,1 / (cm2 s sr),0.007941,1 / (cm2 s sr),SEP Event
